commit,gpu,driver,nvcc,torch,ncu,clock_mhz,impl,stage,dtype,B,H,N,D,causal,ms_median,ms_p10,ms_p90,tflops,gbps,notes
d835758,Tesla T4,580.82.07,12.8.93,2.11.0+cu128,2025.1.1.0,,sdpa_flash,0,fp16,2,8,2048,64,0,,,,,,run=2026-09-03T08:17:02Z;backend_refused:Memory efficient kernel not used because: (Triggered internally at /pytorch/aten/src/ATen/native/transformers/cuda/sdp_utils.cpp:986.) | Memory Efficient attention has been runtime disabled. (Triggere
d835758,Tesla T4,580.82.07,12.8.93,2.11.0+cu128,2025.1.1.0,,sdpa_cudnn,0,fp16,2,8,2048,64,0,,,,,,run=2026-09-03T08:17:02Z;backend_refused:Memory efficient kernel not used because: (Triggered internally at /pytorch/aten/src/ATen/native/transformers/cuda/sdp_utils.cpp:986.) | Memory Efficient attention has been runtime disabled. (Triggere
d835758,Tesla T4,580.82.07,12.8.93,2.11.0+cu128,2025.1.1.0,,flash_attn,0,fp16,2,8,2048,64,0,,,,,,run=2026-09-03T08:17:02Z;backend_refused:not importable: No module named 'flash_attn'
d835758,Tesla T4,580.82.07,12.8.93,2.11.0+cu128,2025.1.1.0,585,tuned,5,fp16,2,8,2048,64,0,3.6286,3.6211,3.6403,4.735,4.7,run=2026-09-03T08:17:02Z;clock_lock=585;iters=137;max_err=1.216e-04 torch_same_dtype_err=2.687e-04 tol=5.385e-04 cap=1e-02
d835758,Tesla T4,580.82.07,12.8.93,2.11.0+cu128,2025.1.1.0,585,sdpa_efficient,0,fp16,2,8,2048,64,0,2.4860,2.4821,2.4904,6.911,6.8,run=2026-09-03T08:17:02Z;clock_lock=585;iters=199;max_err=1.216e-04 torch_same_dtype_err=2.687e-04 tol=5.385e-04 cap=1e-02
d835758,Tesla T4,580.82.07,12.8.93,2.11.0+cu128,2025.1.1.0,585,sdpa_math_fp32,0,fp16,2,8,2048,64,0,14.0645,14.0503,14.0774,1.222,78.7,oracle_not_speed_baseline;run=2026-09-03T08:17:02Z;clock_lock=585;iters=100;max_err=4.176e-07 torch_same_dtype_err=2.687e-04 tol=5.385e-04 cap=1e-02
d835758,Tesla T4,580.82.07,12.8.93,2.11.0+cu128,2025.1.1.0,585,torch_unfused,0,fp16,2,8,2048,64,0,4.8133,4.8071,4.8207,3.569,115.0,run=2026-09-03T08:17:02Z;clock_lock=585;iters=104;max_err=2.687e-04 torch_same_dtype_err=2.687e-04 tol=5.385e-04 cap=1e-02
d835758,Tesla T4,580.82.07,12.8.93,2.11.0+cu128,2025.1.1.0,,sdpa_flash,0,fp16,2,8,2048,128,0,,,,,,run=2026-09-03T08:17:02Z;backend_refused:Memory efficient kernel not used because: (Triggered internally at /pytorch/aten/src/ATen/native/transformers/cuda/sdp_utils.cpp:986.) | Memory Efficient attention has been runtime disabled. (Triggere
d835758,Tesla T4,580.82.07,12.8.93,2.11.0+cu128,2025.1.1.0,,sdpa_cudnn,0,fp16,2,8,2048,128,0,,,,,,run=2026-09-03T08:17:02Z;backend_refused:Memory efficient kernel not used because: (Triggered internally at /pytorch/aten/src/ATen/native/transformers/cuda/sdp_utils.cpp:986.) | Memory Efficient attention has been runtime disabled. (Triggere
d835758,Tesla T4,580.82.07,12.8.93,2.11.0+cu128,2025.1.1.0,,flash_attn,0,fp16,2,8,2048,128,0,,,,,,run=2026-09-03T08:17:02Z;backend_refused:not importable: No module named 'flash_attn'
d835758,Tesla T4,580.82.07,12.8.93,2.11.0+cu128,2025.1.1.0,585,tuned,5,fp16,2,8,2048,128,0,9.8732,9.8482,9.9042,3.480,3.4,run=2026-09-03T08:17:02Z;clock_lock=585;iters=100;max_err=7.863e-05 torch_same_dtype_err=5.256e-04 tol=1.052e-03 cap=1e-02
d835758,Tesla T4,580.82.07,12.8.93,2.11.0+cu128,2025.1.1.0,585,sdpa_efficient,0,fp16,2,8,2048,128,0,5.0012,4.9897,5.0198,6.870,6.7,run=2026-09-03T08:17:02Z;clock_lock=585;iters=100;max_err=7.863e-05 torch_same_dtype_err=5.256e-04 tol=1.052e-03 cap=1e-02
d835758,Tesla T4,580.82.07,12.8.93,2.11.0+cu128,2025.1.1.0,585,sdpa_math_fp32,0,fp16,2,8,2048,128,0,19.8655,19.8539,19.8802,1.730,57.4,oracle_not_speed_baseline;run=2026-09-03T08:17:02Z;clock_lock=585;iters=100;max_err=3.628e-07 torch_same_dtype_err=5.256e-04 tol=1.052e-03 cap=1e-02
d835758,Tesla T4,580.82.07,12.8.93,2.11.0+cu128,2025.1.1.0,585,torch_unfused,0,fp16,2,8,2048,128,0,5.2654,5.2583,5.2704,6.526,108.3,run=2026-09-03T08:17:02Z;clock_lock=585;iters=100;max_err=5.256e-04 torch_same_dtype_err=5.256e-04 tol=1.052e-03 cap=1e-02
d835758,Tesla T4,580.82.07,12.8.93,2.11.0+cu128,2025.1.1.0,,sdpa_flash,0,fp16,1,8,128,64,0,,,,,,run=2026-09-03T08:19:47Z;backend_refused:Memory efficient kernel not used because: (Triggered internally at /pytorch/aten/src/ATen/native/transformers/cuda/sdp_utils.cpp:986.) | Memory Efficient attention has been runtime disabled. (Triggere
d835758,Tesla T4,580.82.07,12.8.93,2.11.0+cu128,2025.1.1.0,,sdpa_cudnn,0,fp16,1,8,128,64,0,,,,,,run=2026-09-03T08:19:47Z;backend_refused:Memory efficient kernel not used because: (Triggered internally at /pytorch/aten/src/ATen/native/transformers/cuda/sdp_utils.cpp:986.) | Memory Efficient attention has been runtime disabled. (Triggere
d835758,Tesla T4,580.82.07,12.8.93,2.11.0+cu128,2025.1.1.0,,flash_attn,0,fp16,1,8,128,64,0,,,,,,run=2026-09-03T08:19:47Z;backend_refused:not importable: No module named 'flash_attn'
d835758,Tesla T4,580.82.07,12.8.93,2.11.0+cu128,2025.1.1.0,585,tuned,5,fp16,1,8,128,64,0,0.0256,0.0247,0.0264,1.312,20.7,run=2026-09-03T08:19:47Z;clock_lock=585;iters=1000;max_err=2.848e-04 torch_same_dtype_err=6.489e-04 tol=1.299e-03 cap=1e-02
d835758,Tesla T4,580.82.07,12.8.93,2.11.0+cu128,2025.1.1.0,585,sdpa_efficient,0,fp16,1,8,128,64,0,0.0357,0.0349,0.0366,0.940,14.8,run=2026-09-03T08:19:47Z;clock_lock=585;iters=1000;max_err=2.848e-04 torch_same_dtype_err=6.489e-04 tol=1.299e-03 cap=1e-02
d835758,Tesla T4,580.82.07,12.8.93,2.11.0+cu128,2025.1.1.0,585,sdpa_math_fp32,0,fp16,1,8,128,64,0,0.1209,0.1207,0.1221,0.278,26.0,oracle_not_speed_baseline;run=2026-09-03T08:19:47Z;clock_lock=585;iters=1000;max_err=3.739e-07 torch_same_dtype_err=6.489e-04 tol=1.299e-03 cap=1e-02
d835758,Tesla T4,580.82.07,12.8.93,2.11.0+cu128,2025.1.1.0,585,torch_unfused,0,fp16,1,8,128,64,0,0.0559,0.0553,0.0570,0.601,28.2,run=2026-09-03T08:19:47Z;clock_lock=585;iters=1000;max_err=6.489e-04 torch_same_dtype_err=6.489e-04 tol=1.299e-03 cap=1e-02
d835758,Tesla T4,580.82.07,12.8.93,2.11.0+cu128,2025.1.1.0,,sdpa_flash,0,fp16,1,8,128,64,1,,,,,,run=2026-09-03T08:19:47Z;backend_refused:Memory efficient kernel not used because: (Triggered internally at /pytorch/aten/src/ATen/native/transformers/cuda/sdp_utils.cpp:986.) | Memory Efficient attention has been runtime disabled. (Triggere
d835758,Tesla T4,580.82.07,12.8.93,2.11.0+cu128,2025.1.1.0,,sdpa_cudnn,0,fp16,1,8,128,64,1,,,,,,run=2026-09-03T08:19:47Z;backend_refused:Memory efficient kernel not used because: (Triggered internally at /pytorch/aten/src/ATen/native/transformers/cuda/sdp_utils.cpp:986.) | Memory Efficient attention has been runtime disabled. (Triggere
d835758,Tesla T4,580.82.07,12.8.93,2.11.0+cu128,2025.1.1.0,,flash_attn,0,fp16,1,8,128,64,1,,,,,,run=2026-09-03T08:19:47Z;backend_refused:not importable: No module named 'flash_attn'
d835758,Tesla T4,580.82.07,12.8.93,2.11.0+cu128,2025.1.1.0,585,tuned,5,fp16,1,8,128,64,1,0.0261,0.0252,0.0266,0.642,20.2,run=2026-09-03T08:19:47Z;flops=causal_half;clock_lock=585;iters=1000;max_err=9.831e-04 torch_same_dtype_err=1.635e-03 tol=3.271e-03 cap=1e-02
d835758,Tesla T4,580.82.07,12.8.93,2.11.0+cu128,2025.1.1.0,585,sdpa_efficient,0,fp16,1,8,128,64,1,0.0358,0.0350,0.0367,0.468,14.7,run=2026-09-03T08:19:47Z;flops=causal_half;clock_lock=585;iters=1000;max_err=9.831e-04 torch_same_dtype_err=1.635e-03 tol=3.271e-03 cap=1e-02
d835758,Tesla T4,580.82.07,12.8.93,2.11.0+cu128,2025.1.1.0,585,sdpa_math_fp32,0,fp16,1,8,128,64,1,0.1539,0.1536,0.1551,0.218,20.4,oracle_not_speed_baseline;run=2026-09-03T08:19:47Z;flops=full;clock_lock=585;iters=1000;max_err=6.744e-07 torch_same_dtype_err=1.635e-03 tol=3.271e-03 cap=1e-02
d835758,Tesla T4,580.82.07,12.8.93,2.11.0+cu128,2025.1.1.0,585,torch_unfused,0,fp16,1,8,128,64,1,0.0716,0.0705,0.0717,0.469,22.0,run=2026-09-03T08:19:47Z;flops=full;clock_lock=585;iters=1000;max_err=1.635e-03 torch_same_dtype_err=1.635e-03 tol=3.271e-03 cap=1e-02
d835758,Tesla T4,580.82.07,12.8.93,2.11.0+cu128,2025.1.1.0,,sdpa_flash,0,fp16,8,32,128,64,0,,,,,,run=2026-09-03T08:19:47Z;backend_refused:Memory efficient kernel not used because: (Triggered internally at /pytorch/aten/src/ATen/native/transformers/cuda/sdp_utils.cpp:986.) | Memory Efficient attention has been runtime disabled. (Triggere
d835758,Tesla T4,580.82.07,12.8.93,2.11.0+cu128,2025.1.1.0,,sdpa_cudnn,0,fp16,8,32,128,64,0,,,,,,run=2026-09-03T08:19:47Z;backend_refused:Memory efficient kernel not used because: (Triggered internally at /pytorch/aten/src/ATen/native/transformers/cuda/sdp_utils.cpp:986.) | Memory Efficient attention has been runtime disabled. (Triggere
d835758,Tesla T4,580.82.07,12.8.93,2.11.0+cu128,2025.1.1.0,,flash_attn,0,fp16,8,32,128,64,0,,,,,,run=2026-09-03T08:19:47Z;backend_refused:not importable: No module named 'flash_attn'
d835758,Tesla T4,580.82.07,12.8.93,2.11.0+cu128,2025.1.1.0,585,tuned,5,fp16,8,32,128,64,0,0.3075,0.3072,0.3088,3.492,55.0,run=2026-09-03T08:19:47Z;clock_lock=585;iters=1000;max_err=2.577e-04 torch_same_dtype_err=8.056e-04 tol=1.612e-03 cap=1e-02
d835758,Tesla T4,580.82.07,12.8.93,2.11.0+cu128,2025.1.1.0,585,sdpa_efficient,0,fp16,8,32,128,64,0,0.2162,0.2132,0.2190,4.967,78.2,run=2026-09-03T08:19:47Z;clock_lock=585;iters=1000;max_err=2.577e-04 torch_same_dtype_err=8.056e-04 tol=1.612e-03 cap=1e-02
d835758,Tesla T4,580.82.07,12.8.93,2.11.0+cu128,2025.1.1.0,585,sdpa_math_fp32,0,fp16,8,32,128,64,0,1.1863,1.1841,1.1890,0.905,84.9,oracle_not_speed_baseline;run=2026-09-03T08:19:47Z;clock_lock=585;iters=411;max_err=8.542e-07 torch_same_dtype_err=8.056e-04 tol=1.612e-03 cap=1e-02
d835758,Tesla T4,580.82.07,12.8.93,2.11.0+cu128,2025.1.1.0,585,torch_unfused,0,fp16,8,32,128,64,0,0.4134,0.4100,0.4159,2.597,121.8,run=2026-09-03T08:19:47Z;clock_lock=585;iters=1000;max_err=8.056e-04 torch_same_dtype_err=8.056e-04 tol=1.612e-03 cap=1e-02
d835758,Tesla T4,580.82.07,12.8.93,2.11.0+cu128,2025.1.1.0,,sdpa_flash,0,fp16,8,32,128,64,1,,,,,,run=2026-09-03T08:19:47Z;backend_refused:Memory efficient kernel not used because: (Triggered internally at /pytorch/aten/src/ATen/native/transformers/cuda/sdp_utils.cpp:986.) | Memory Efficient attention has been runtime disabled. (Triggere
d835758,Tesla T4,580.82.07,12.8.93,2.11.0+cu128,2025.1.1.0,,sdpa_cudnn,0,fp16,8,32,128,64,1,,,,,,run=2026-09-03T08:19:47Z;backend_refused:Memory efficient kernel not used because: (Triggered internally at /pytorch/aten/src/ATen/native/transformers/cuda/sdp_utils.cpp:986.) | Memory Efficient attention has been runtime disabled. (Triggere
d835758,Tesla T4,580.82.07,12.8.93,2.11.0+cu128,2025.1.1.0,,flash_attn,0,fp16,8,32,128,64,1,,,,,,run=2026-09-03T08:19:47Z;backend_refused:not importable: No module named 'flash_attn'
d835758,Tesla T4,580.82.07,12.8.93,2.11.0+cu128,2025.1.1.0,585,tuned,5,fp16,8,32,128,64,1,0.2532,0.2519,0.2549,2.120,66.8,run=2026-09-03T08:19:47Z;flops=causal_half;clock_lock=585;iters=1000;max_err=8.584e-04 torch_same_dtype_err=1.137e-03 tol=2.274e-03 cap=1e-02
d835758,Tesla T4,580.82.07,12.8.93,2.11.0+cu128,2025.1.1.0,585,sdpa_efficient,0,fp16,8,32,128,64,1,0.1761,0.1741,0.1785,3.048,96.0,run=2026-09-03T08:19:47Z;flops=causal_half;clock_lock=585;iters=1000;max_err=8.584e-04 torch_same_dtype_err=1.137e-03 tol=2.274e-03 cap=1e-02
d835758,Tesla T4,580.82.07,12.8.93,2.11.0+cu128,2025.1.1.0,585,sdpa_math_fp32,0,fp16,8,32,128,64,1,1.3584,1.3558,1.3615,0.790,74.1,oracle_not_speed_baseline;run=2026-09-03T08:19:47Z;flops=full;clock_lock=585;iters=359;max_err=6.380e-07 torch_same_dtype_err=1.137e-03 tol=2.274e-03 cap=1e-02
d835758,Tesla T4,580.82.07,12.8.93,2.11.0+cu128,2025.1.1.0,585,torch_unfused,0,fp16,8,32,128,64,1,0.6574,0.6534,0.6604,1.633,76.6,run=2026-09-03T08:19:47Z;flops=full;clock_lock=585;iters=721;max_err=1.137e-03 torch_same_dtype_err=1.137e-03 tol=2.274e-03 cap=1e-02
d835758,Tesla T4,580.82.07,12.8.93,2.11.0+cu128,2025.1.1.0,,sdpa_flash,0,fp16,1,8,128,128,0,,,,,,run=2026-09-03T08:19:47Z;backend_refused:Memory efficient kernel not used because: (Triggered internally at /pytorch/aten/src/ATen/native/transformers/cuda/sdp_utils.cpp:986.) | Memory Efficient attention has been runtime disabled. (Triggere
d835758,Tesla T4,580.82.07,12.8.93,2.11.0+cu128,2025.1.1.0,,sdpa_cudnn,0,fp16,1,8,128,128,0,,,,,,run=2026-09-03T08:19:47Z;backend_refused:Memory efficient kernel not used because: (Triggered internally at /pytorch/aten/src/ATen/native/transformers/cuda/sdp_utils.cpp:986.) | Memory Efficient attention has been runtime disabled. (Triggere
d835758,Tesla T4,580.82.07,12.8.93,2.11.0+cu128,2025.1.1.0,,flash_attn,0,fp16,1,8,128,128,0,,,,,,run=2026-09-03T08:19:47Z;backend_refused:not importable: No module named 'flash_attn'
d835758,Tesla T4,580.82.07,12.8.93,2.11.0+cu128,2025.1.1.0,585,tuned,5,fp16,1,8,128,128,0,0.0447,0.0436,0.0451,1.502,23.6,run=2026-09-03T08:19:47Z;clock_lock=585;iters=1000;max_err=2.787e-04 torch_same_dtype_err=7.005e-04 tol=1.402e-03 cap=1e-02
d835758,Tesla T4,580.82.07,12.8.93,2.11.0+cu128,2025.1.1.0,585,sdpa_efficient,0,fp16,1,8,128,128,0,0.0307,0.0306,0.0317,2.185,34.3,run=2026-09-03T08:19:47Z;clock_lock=585;iters=1000;max_err=2.837e-04 torch_same_dtype_err=7.005e-04 tol=1.402e-03 cap=1e-02
d835758,Tesla T4,580.82.07,12.8.93,2.11.0+cu128,2025.1.1.0,585,sdpa_math_fp32,0,fp16,1,8,128,128,0,0.1393,0.1388,0.1403,0.482,30.1,oracle_not_speed_baseline;run=2026-09-03T08:19:47Z;clock_lock=585;iters=1000;max_err=6.058e-07 torch_same_dtype_err=7.005e-04 tol=1.402e-03 cap=1e-02
d835758,Tesla T4,580.82.07,12.8.93,2.11.0+cu128,2025.1.1.0,585,torch_unfused,0,fp16,1,8,128,128,0,0.0608,0.0598,0.0614,1.103,34.5,run=2026-09-03T08:19:47Z;clock_lock=585;iters=1000;max_err=7.005e-04 torch_same_dtype_err=7.005e-04 tol=1.402e-03 cap=1e-02
d835758,Tesla T4,580.82.07,12.8.93,2.11.0+cu128,2025.1.1.0,,sdpa_flash,0,fp16,1,8,128,128,1,,,,,,run=2026-09-03T08:19:47Z;backend_refused:Memory efficient kernel not used because: (Triggered internally at /pytorch/aten/src/ATen/native/transformers/cuda/sdp_utils.cpp:986.) | Memory Efficient attention has been runtime disabled. (Triggere
d835758,Tesla T4,580.82.07,12.8.93,2.11.0+cu128,2025.1.1.0,,sdpa_cudnn,0,fp16,1,8,128,128,1,,,,,,run=2026-09-03T08:19:47Z;backend_refused:Memory efficient kernel not used because: (Triggered internally at /pytorch/aten/src/ATen/native/transformers/cuda/sdp_utils.cpp:986.) | Memory Efficient attention has been runtime disabled. (Triggere
d835758,Tesla T4,580.82.07,12.8.93,2.11.0+cu128,2025.1.1.0,,flash_attn,0,fp16,1,8,128,128,1,,,,,,run=2026-09-03T08:19:47Z;backend_refused:not importable: No module named 'flash_attn'
d835758,Tesla T4,580.82.07,12.8.93,2.11.0+cu128,2025.1.1.0,585,tuned,5,fp16,1,8,128,128,1,0.0445,0.0435,0.0451,0.753,23.6,run=2026-09-03T08:19:47Z;flops=causal_half;clock_lock=585;iters=1000;max_err=9.737e-04 torch_same_dtype_err=1.610e-03 tol=3.221e-03 cap=1e-02
d835758,Tesla T4,580.82.07,12.8.93,2.11.0+cu128,2025.1.1.0,585,sdpa_efficient,0,fp16,1,8,128,128,1,0.0307,0.0297,0.0308,1.093,34.3,run=2026-09-03T08:19:47Z;flops=causal_half;clock_lock=585;iters=1000;max_err=9.737e-04 torch_same_dtype_err=1.610e-03 tol=3.221e-03 cap=1e-02
d835758,Tesla T4,580.82.07,12.8.93,2.11.0+cu128,2025.1.1.0,585,sdpa_math_fp32,0,fp16,1,8,128,128,1,0.1728,0.1720,0.1739,0.388,24.3,oracle_not_speed_baseline;run=2026-09-03T08:19:47Z;flops=full;clock_lock=585;iters=767;max_err=8.118e-07 torch_same_dtype_err=1.610e-03 tol=3.221e-03 cap=1e-02
d835758,Tesla T4,580.82.07,12.8.93,2.11.0+cu128,2025.1.1.0,585,torch_unfused,0,fp16,1,8,128,128,1,0.0759,0.0757,0.0770,0.884,27.6,run=2026-09-03T08:19:47Z;flops=full;clock_lock=585;iters=1000;max_err=1.610e-03 torch_same_dtype_err=1.610e-03 tol=3.221e-03 cap=1e-02
d835758,Tesla T4,580.82.07,12.8.93,2.11.0+cu128,2025.1.1.0,,sdpa_flash,0,fp16,8,32,128,128,0,,,,,,run=2026-09-03T08:19:47Z;backend_refused:Memory efficient kernel not used because: (Triggered internally at /pytorch/aten/src/ATen/native/transformers/cuda/sdp_utils.cpp:986.) | Memory Efficient attention has been runtime disabled. (Triggere
d835758,Tesla T4,580.82.07,12.8.93,2.11.0+cu128,2025.1.1.0,,sdpa_cudnn,0,fp16,8,32,128,128,0,,,,,,run=2026-09-03T08:19:47Z;backend_refused:Memory efficient kernel not used because: (Triggered internally at /pytorch/aten/src/ATen/native/transformers/cuda/sdp_utils.cpp:986.) | Memory Efficient attention has been runtime disabled. (Triggere
d835758,Tesla T4,580.82.07,12.8.93,2.11.0+cu128,2025.1.1.0,,flash_attn,0,fp16,8,32,128,128,0,,,,,,run=2026-09-03T08:19:47Z;backend_refused:not importable: No module named 'flash_attn'
d835758,Tesla T4,580.82.07,12.8.93,2.11.0+cu128,2025.1.1.0,585,tuned,5,fp16,8,32,128,128,0,0.9380,0.9321,0.9447,2.289,35.9,run=2026-09-03T08:19:47Z;clock_lock=585;iters=528;max_err=2.603e-04 torch_same_dtype_err=1.087e-03 tol=2.174e-03 cap=1e-02
d835758,Tesla T4,580.82.07,12.8.93,2.11.0+cu128,2025.1.1.0,585,sdpa_efficient,0,fp16,8,32,128,128,0,0.4094,0.4077,0.4108,5.245,82.3,run=2026-09-03T08:19:47Z;clock_lock=585;iters=1000;max_err=2.635e-04 torch_same_dtype_err=1.087e-03 tol=2.174e-03 cap=1e-02
d835758,Tesla T4,580.82.07,12.8.93,2.11.0+cu128,2025.1.1.0,585,sdpa_math_fp32,0,fp16,8,32,128,128,0,1.7012,1.6986,1.7037,1.262,78.9,oracle_not_speed_baseline;run=2026-09-03T08:19:47Z;clock_lock=585;iters=290;max_err=8.904e-07 torch_same_dtype_err=1.087e-03 tol=2.174e-03 cap=1e-02
d835758,Tesla T4,580.82.07,12.8.93,2.11.0+cu128,2025.1.1.0,585,torch_unfused,0,fp16,8,32,128,128,0,0.4702,0.4669,0.4731,4.567,142.7,run=2026-09-03T08:19:47Z;clock_lock=585;iters=1000;max_err=1.087e-03 torch_same_dtype_err=1.087e-03 tol=2.174e-03 cap=1e-02
d835758,Tesla T4,580.82.07,12.8.93,2.11.0+cu128,2025.1.1.0,,sdpa_flash,0,fp16,8,32,128,128,1,,,,,,run=2026-09-03T08:19:47Z;backend_refused:Memory efficient kernel not used because: (Triggered internally at /pytorch/aten/src/ATen/native/transformers/cuda/sdp_utils.cpp:986.) | Memory Efficient attention has been runtime disabled. (Triggere
d835758,Tesla T4,580.82.07,12.8.93,2.11.0+cu128,2025.1.1.0,,sdpa_cudnn,0,fp16,8,32,128,128,1,,,,,,run=2026-09-03T08:19:47Z;backend_refused:Memory efficient kernel not used because: (Triggered internally at /pytorch/aten/src/ATen/native/transformers/cuda/sdp_utils.cpp:986.) | Memory Efficient attention has been runtime disabled. (Triggere
d835758,Tesla T4,580.82.07,12.8.93,2.11.0+cu128,2025.1.1.0,,flash_attn,0,fp16,8,32,128,128,1,,,,,,run=2026-09-03T08:19:47Z;backend_refused:not importable: No module named 'flash_attn'
d835758,Tesla T4,580.82.07,12.8.93,2.11.0+cu128,2025.1.1.0,585,tuned,5,fp16,8,32,128,128,1,0.6199,0.6173,0.6226,1.732,54.3,run=2026-09-03T08:19:47Z;flops=causal_half;clock_lock=585;iters=791;max_err=9.796e-04 torch_same_dtype_err=1.244e-03 tol=2.489e-03 cap=1e-02
d835758,Tesla T4,580.82.07,12.8.93,2.11.0+cu128,2025.1.1.0,585,sdpa_efficient,0,fp16,8,32,128,128,1,0.3386,0.3370,0.3406,3.171,99.5,run=2026-09-03T08:19:47Z;flops=causal_half;clock_lock=585;iters=1000;max_err=9.796e-04 torch_same_dtype_err=1.244e-03 tol=2.489e-03 cap=1e-02
d835758,Tesla T4,580.82.07,12.8.93,2.11.0+cu128,2025.1.1.0,585,sdpa_math_fp32,0,fp16,8,32,128,128,1,1.8729,1.8703,1.8759,1.147,71.7,oracle_not_speed_baseline;run=2026-09-03T08:19:47Z;flops=full;clock_lock=585;iters=263;max_err=8.999e-07 torch_same_dtype_err=1.244e-03 tol=2.489e-03 cap=1e-02
d835758,Tesla T4,580.82.07,12.8.93,2.11.0+cu128,2025.1.1.0,585,torch_unfused,0,fp16,8,32,128,128,1,0.7129,0.7100,0.7168,3.012,94.1,run=2026-09-03T08:19:47Z;flops=full;clock_lock=585;iters=684;max_err=1.244e-03 torch_same_dtype_err=1.244e-03 tol=2.489e-03 cap=1e-02
d835758,Tesla T4,580.82.07,12.8.93,2.11.0+cu128,2025.1.1.0,,sdpa_flash,0,fp16,1,8,256,64,0,,,,,,run=2026-09-03T08:19:47Z;backend_refused:Memory efficient kernel not used because: (Triggered internally at /pytorch/aten/src/ATen/native/transformers/cuda/sdp_utils.cpp:986.) | Memory Efficient attention has been runtime disabled. (Triggere
d835758,Tesla T4,580.82.07,12.8.93,2.11.0+cu128,2025.1.1.0,,sdpa_cudnn,0,fp16,1,8,256,64,0,,,,,,run=2026-09-03T08:19:47Z;backend_refused:Memory efficient kernel not used because: (Triggered internally at /pytorch/aten/src/ATen/native/transformers/cuda/sdp_utils.cpp:986.) | Memory Efficient attention has been runtime disabled. (Triggere
d835758,Tesla T4,580.82.07,12.8.93,2.11.0+cu128,2025.1.1.0,,flash_attn,0,fp16,1,8,256,64,0,,,,,,run=2026-09-03T08:19:47Z;backend_refused:not importable: No module named 'flash_attn'
d835758,Tesla T4,580.82.07,12.8.93,2.11.0+cu128,2025.1.1.0,585,tuned,5,fp16,1,8,256,64,0,0.0518,0.0512,0.0528,2.589,20.4,run=2026-09-03T08:19:47Z;clock_lock=585;iters=1000;max_err=2.347e-04 torch_same_dtype_err=7.485e-04 tol=1.498e-03 cap=1e-02
d835758,Tesla T4,580.82.07,12.8.93,2.11.0+cu128,2025.1.1.0,585,sdpa_efficient,0,fp16,1,8,256,64,0,0.0580,0.0573,0.0589,2.315,18.2,run=2026-09-03T08:19:47Z;clock_lock=585;iters=1000;max_err=2.347e-04 torch_same_dtype_err=7.485e-04 tol=1.498e-03 cap=1e-02
d835758,Tesla T4,580.82.07,12.8.93,2.11.0+cu128,2025.1.1.0,585,sdpa_math_fp32,0,fp16,1,8,256,64,0,0.2147,0.2133,0.2151,0.625,48.8,oracle_not_speed_baseline;run=2026-09-03T08:19:47Z;clock_lock=585;iters=1000;max_err=5.865e-07 torch_same_dtype_err=7.485e-04 tol=1.498e-03 cap=1e-02
d835758,Tesla T4,580.82.07,12.8.93,2.11.0+cu128,2025.1.1.0,585,torch_unfused,0,fp16,1,8,256,64,0,0.0778,0.0767,0.0781,1.725,67.4,run=2026-09-03T08:19:47Z;clock_lock=585;iters=1000;max_err=7.485e-04 torch_same_dtype_err=7.485e-04 tol=1.498e-03 cap=1e-02
d835758,Tesla T4,580.82.07,12.8.93,2.11.0+cu128,2025.1.1.0,,sdpa_flash,0,fp16,1,8,256,64,1,,,,,,run=2026-09-03T08:19:47Z;backend_refused:Memory efficient kernel not used because: (Triggered internally at /pytorch/aten/src/ATen/native/transformers/cuda/sdp_utils.cpp:986.) | Memory Efficient attention has been runtime disabled. (Triggere
d835758,Tesla T4,580.82.07,12.8.93,2.11.0+cu128,2025.1.1.0,,sdpa_cudnn,0,fp16,1,8,256,64,1,,,,,,run=2026-09-03T08:19:47Z;backend_refused:Memory efficient kernel not used because: (Triggered internally at /pytorch/aten/src/ATen/native/transformers/cuda/sdp_utils.cpp:986.) | Memory Efficient attention has been runtime disabled. (Triggere
d835758,Tesla T4,580.82.07,12.8.93,2.11.0+cu128,2025.1.1.0,,flash_attn,0,fp16,1,8,256,64,1,,,,,,run=2026-09-03T08:19:47Z;backend_refused:not importable: No module named 'flash_attn'
d835758,Tesla T4,580.82.07,12.8.93,2.11.0+cu128,2025.1.1.0,585,tuned,5,fp16,1,8,256,64,1,0.0516,0.0512,0.0527,1.302,20.5,run=2026-09-03T08:19:47Z;flops=causal_half;clock_lock=585;iters=1000;max_err=9.831e-04 torch_same_dtype_err=1.238e-03 tol=2.476e-03 cap=1e-02
d835758,Tesla T4,580.82.07,12.8.93,2.11.0+cu128,2025.1.1.0,585,sdpa_efficient,0,fp16,1,8,256,64,1,0.0592,0.0582,0.0594,1.134,17.9,run=2026-09-03T08:19:47Z;flops=causal_half;clock_lock=585;iters=1000;max_err=9.831e-04 torch_same_dtype_err=1.238e-03 tol=2.476e-03 cap=1e-02
d835758,Tesla T4,580.82.07,12.8.93,2.11.0+cu128,2025.1.1.0,585,sdpa_math_fp32,0,fp16,1,8,256,64,1,0.2601,0.2585,0.2612,0.516,40.3,oracle_not_speed_baseline;run=2026-09-03T08:19:47Z;flops=full;clock_lock=585;iters=1000;max_err=4.631e-07 torch_same_dtype_err=1.238e-03 tol=2.476e-03 cap=1e-02
d835758,Tesla T4,580.82.07,12.8.93,2.11.0+cu128,2025.1.1.0,585,torch_unfused,0,fp16,1,8,256,64,1,0.1080,0.1068,0.1085,1.243,48.5,run=2026-09-03T08:19:47Z;flops=full;clock_lock=585;iters=1000;max_err=1.238e-03 torch_same_dtype_err=1.238e-03 tol=2.476e-03 cap=1e-02
d835758,Tesla T4,580.82.07,12.8.93,2.11.0+cu128,2025.1.1.0,,sdpa_flash,0,fp16,8,32,256,64,0,,,,,,run=2026-09-03T08:19:47Z;backend_refused:Memory efficient kernel not used because: (Triggered internally at /pytorch/aten/src/ATen/native/transformers/cuda/sdp_utils.cpp:986.) | Memory Efficient attention has been runtime disabled. (Triggere
d835758,Tesla T4,580.82.07,12.8.93,2.11.0+cu128,2025.1.1.0,,sdpa_cudnn,0,fp16,8,32,256,64,0,,,,,,run=2026-09-03T08:19:47Z;backend_refused:Memory efficient kernel not used because: (Triggered internally at /pytorch/aten/src/ATen/native/transformers/cuda/sdp_utils.cpp:986.) | Memory Efficient attention has been runtime disabled. (Triggere
d835758,Tesla T4,580.82.07,12.8.93,2.11.0+cu128,2025.1.1.0,,flash_attn,0,fp16,8,32,256,64,0,,,,,,run=2026-09-03T08:19:47Z;backend_refused:not importable: No module named 'flash_attn'
d835758,Tesla T4,580.82.07,12.8.93,2.11.0+cu128,2025.1.1.0,585,tuned,5,fp16,8,32,256,64,0,1.1193,1.1099,1.1302,3.837,30.2,run=2026-09-03T08:19:47Z;clock_lock=585;iters=439;max_err=2.471e-04 torch_same_dtype_err=6.226e-04 tol=1.246e-03 cap=1e-02
d835758,Tesla T4,580.82.07,12.8.93,2.11.0+cu128,2025.1.1.0,585,sdpa_efficient,0,fp16,8,32,256,64,0,0.6751,0.6720,0.6779,6.362,50.1,run=2026-09-03T08:19:47Z;clock_lock=585;iters=710;max_err=2.471e-04 torch_same_dtype_err=6.226e-04 tol=1.246e-03 cap=1e-02
d835758,Tesla T4,580.82.07,12.8.93,2.11.0+cu128,2025.1.1.0,585,sdpa_math_fp32,0,fp16,8,32,256,64,0,3.9752,3.9711,3.9796,1.080,84.4,oracle_not_speed_baseline;run=2026-09-03T08:19:47Z;clock_lock=585;iters=125;max_err=7.083e-07 torch_same_dtype_err=6.226e-04 tol=1.246e-03 cap=1e-02
d835758,Tesla T4,580.82.07,12.8.93,2.11.0+cu128,2025.1.1.0,585,torch_unfused,0,fp16,8,32,256,64,0,1.2923,1.2902,1.2944,3.324,129.8,run=2026-09-03T08:19:47Z;clock_lock=585;iters=379;max_err=6.226e-04 torch_same_dtype_err=6.226e-04 tol=1.246e-03 cap=1e-02
d835758,Tesla T4,580.82.07,12.8.93,2.11.0+cu128,2025.1.1.0,,sdpa_flash,0,fp16,8,32,256,64,1,,,,,,run=2026-09-03T08:19:47Z;backend_refused:Memory efficient kernel not used because: (Triggered internally at /pytorch/aten/src/ATen/native/transformers/cuda/sdp_utils.cpp:986.) | Memory Efficient attention has been runtime disabled. (Triggere
d835758,Tesla T4,580.82.07,12.8.93,2.11.0+cu128,2025.1.1.0,,sdpa_cudnn,0,fp16,8,32,256,64,1,,,,,,run=2026-09-03T08:19:47Z;backend_refused:Memory efficient kernel not used because: (Triggered internally at /pytorch/aten/src/ATen/native/transformers/cuda/sdp_utils.cpp:986.) | Memory Efficient attention has been runtime disabled. (Triggere
d835758,Tesla T4,580.82.07,12.8.93,2.11.0+cu128,2025.1.1.0,,flash_attn,0,fp16,8,32,256,64,1,,,,,,run=2026-09-03T08:19:47Z;backend_refused:not importable: No module named 'flash_attn'
d835758,Tesla T4,580.82.07,12.8.93,2.11.0+cu128,2025.1.1.0,585,tuned,5,fp16,8,32,256,64,1,0.7337,0.7309,0.7375,2.927,46.1,run=2026-09-03T08:19:47Z;flops=causal_half;clock_lock=585;iters=672;max_err=9.275e-04 torch_same_dtype_err=1.340e-03 tol=2.681e-03 cap=1e-02
d835758,Tesla T4,580.82.07,12.8.93,2.11.0+cu128,2025.1.1.0,585,sdpa_efficient,0,fp16,8,32,256,64,1,0.4693,0.4665,0.4744,4.576,72.1,run=2026-09-03T08:19:47Z;flops=causal_half;clock_lock=585;iters=1000;max_err=9.275e-04 torch_same_dtype_err=1.340e-03 tol=2.681e-03 cap=1e-02
d835758,Tesla T4,580.82.07,12.8.93,2.11.0+cu128,2025.1.1.0,585,sdpa_math_fp32,0,fp16,8,32,256,64,1,4.5773,4.5738,4.5796,0.938,73.3,oracle_not_speed_baseline;run=2026-09-03T08:19:47Z;flops=full;clock_lock=585;iters=109;max_err=7.588e-07 torch_same_dtype_err=1.340e-03 tol=2.681e-03 cap=1e-02
d835758,Tesla T4,580.82.07,12.8.93,2.11.0+cu128,2025.1.1.0,585,torch_unfused,0,fp16,8,32,256,64,1,2.1919,2.1893,2.1952,1.959,76.5,run=2026-09-03T08:19:47Z;flops=full;clock_lock=585;iters=227;max_err=1.340e-03 torch_same_dtype_err=1.340e-03 tol=2.681e-03 cap=1e-02
d835758,Tesla T4,580.82.07,12.8.93,2.11.0+cu128,2025.1.1.0,,sdpa_flash,0,fp16,1,8,256,128,0,,,,,,run=2026-09-03T08:19:47Z;backend_refused:Memory efficient kernel not used because: (Triggered internally at /pytorch/aten/src/ATen/native/transformers/cuda/sdp_utils.cpp:986.) | Memory Efficient attention has been runtime disabled. (Triggere
d835758,Tesla T4,580.82.07,12.8.93,2.11.0+cu128,2025.1.1.0,,sdpa_cudnn,0,fp16,1,8,256,128,0,,,,,,run=2026-09-03T08:19:47Z;backend_refused:Memory efficient kernel not used because: (Triggered internally at /pytorch/aten/src/ATen/native/transformers/cuda/sdp_utils.cpp:986.) | Memory Efficient attention has been runtime disabled. (Triggere
d835758,Tesla T4,580.82.07,12.8.93,2.11.0+cu128,2025.1.1.0,,flash_attn,0,fp16,1,8,256,128,0,,,,,,run=2026-09-03T08:19:47Z;backend_refused:not importable: No module named 'flash_attn'
d835758,Tesla T4,580.82.07,12.8.93,2.11.0+cu128,2025.1.1.0,585,tuned,5,fp16,1,8,256,128,0,0.1409,0.1393,0.1423,1.905,14.9,run=2026-09-03T08:19:47Z;clock_lock=585;iters=1000;max_err=1.780e-04 torch_same_dtype_err=5.492e-04 tol=1.099e-03 cap=1e-02
d835758,Tesla T4,580.82.07,12.8.93,2.11.0+cu128,2025.1.1.0,585,sdpa_efficient,0,fp16,1,8,256,128,0,0.0645,0.0637,0.0654,4.159,32.6,run=2026-09-03T08:19:47Z;clock_lock=585;iters=1000;max_err=1.780e-04 torch_same_dtype_err=5.492e-04 tol=1.099e-03 cap=1e-02
d835758,Tesla T4,580.82.07,12.8.93,2.11.0+cu128,2025.1.1.0,585,sdpa_math_fp32,0,fp16,1,8,256,128,0,0.3093,0.3080,0.3106,0.868,40.7,oracle_not_speed_baseline;run=2026-09-03T08:19:47Z;clock_lock=585;iters=1000;max_err=4.773e-07 torch_same_dtype_err=5.492e-04 tol=1.099e-03 cap=1e-02
d835758,Tesla T4,580.82.07,12.8.93,2.11.0+cu128,2025.1.1.0,585,torch_unfused,0,fp16,1,8,256,128,0,0.0840,0.0834,0.0845,3.197,74.9,run=2026-09-03T08:19:47Z;clock_lock=585;iters=1000;max_err=5.492e-04 torch_same_dtype_err=5.492e-04 tol=1.099e-03 cap=1e-02
d835758,Tesla T4,580.82.07,12.8.93,2.11.0+cu128,2025.1.1.0,,sdpa_flash,0,fp16,1,8,256,128,1,,,,,,run=2026-09-03T08:19:47Z;backend_refused:Memory efficient kernel not used because: (Triggered internally at /pytorch/aten/src/ATen/native/transformers/cuda/sdp_utils.cpp:986.) | Memory Efficient attention has been runtime disabled. (Triggere
d835758,Tesla T4,580.82.07,12.8.93,2.11.0+cu128,2025.1.1.0,,sdpa_cudnn,0,fp16,1,8,256,128,1,,,,,,run=2026-09-03T08:19:47Z;backend_refused:Memory efficient kernel not used because: (Triggered internally at /pytorch/aten/src/ATen/native/transformers/cuda/sdp_utils.cpp:986.) | Memory Efficient attention has been runtime disabled. (Triggere
d835758,Tesla T4,580.82.07,12.8.93,2.11.0+cu128,2025.1.1.0,,flash_attn,0,fp16,1,8,256,128,1,,,,,,run=2026-09-03T08:19:47Z;backend_refused:not importable: No module named 'flash_attn'
d835758,Tesla T4,580.82.07,12.8.93,2.11.0+cu128,2025.1.1.0,585,tuned,5,fp16,1,8,256,128,1,0.1009,0.0992,0.1023,1.330,20.9,run=2026-09-03T08:19:47Z;flops=causal_half;clock_lock=585;iters=1000;max_err=8.906e-04 torch_same_dtype_err=1.403e-03 tol=2.806e-03 cap=1e-02
d835758,Tesla T4,580.82.07,12.8.93,2.11.0+cu128,2025.1.1.0,585,sdpa_efficient,0,fp16,1,8,256,128,1,0.0591,0.0580,0.0594,2.272,35.6,run=2026-09-03T08:19:47Z;flops=causal_half;clock_lock=585;iters=1000;max_err=8.906e-04 torch_same_dtype_err=1.403e-03 tol=2.806e-03 cap=1e-02
d835758,Tesla T4,580.82.07,12.8.93,2.11.0+cu128,2025.1.1.0,585,sdpa_math_fp32,0,fp16,1,8,256,128,1,0.3552,0.3543,0.3564,0.756,35.4,oracle_not_speed_baseline;run=2026-09-03T08:19:47Z;flops=full;clock_lock=585;iters=1000;max_err=1.347e-06 torch_same_dtype_err=1.403e-03 tol=2.806e-03 cap=1e-02
d835758,Tesla T4,580.82.07,12.8.93,2.11.0+cu128,2025.1.1.0,585,torch_unfused,0,fp16,1,8,256,128,1,0.1147,0.1134,0.1150,2.341,54.9,run=2026-09-03T08:19:47Z;flops=full;clock_lock=585;iters=1000;max_err=1.403e-03 torch_same_dtype_err=1.403e-03 tol=2.806e-03 cap=1e-02
d835758,Tesla T4,580.82.07,12.8.93,2.11.0+cu128,2025.1.1.0,,sdpa_flash,0,fp16,8,32,256,128,0,,,,,,run=2026-09-03T08:19:47Z;backend_refused:Memory efficient kernel not used because: (Triggered internally at /pytorch/aten/src/ATen/native/transformers/cuda/sdp_utils.cpp:986.) | Memory Efficient attention has been runtime disabled. (Triggere
d835758,Tesla T4,580.82.07,12.8.93,2.11.0+cu128,2025.1.1.0,,sdpa_cudnn,0,fp16,8,32,256,128,0,,,,,,run=2026-09-03T08:19:47Z;backend_refused:Memory efficient kernel not used because: (Triggered internally at /pytorch/aten/src/ATen/native/transformers/cuda/sdp_utils.cpp:986.) | Memory Efficient attention has been runtime disabled. (Triggere
d835758,Tesla T4,580.82.07,12.8.93,2.11.0+cu128,2025.1.1.0,,flash_attn,0,fp16,8,32,256,128,0,,,,,,run=2026-09-03T08:19:47Z;backend_refused:not importable: No module named 'flash_attn'
d835758,Tesla T4,580.82.07,12.8.93,2.11.0+cu128,2025.1.1.0,585,tuned,5,fp16,8,32,256,128,0,3.3275,3.3194,3.3362,2.582,20.2,run=2026-09-03T08:19:47Z;clock_lock=585;iters=150;max_err=2.420e-04 torch_same_dtype_err=1.056e-03 tol=2.112e-03 cap=1e-02
d835758,Tesla T4,580.82.07,12.8.93,2.11.0+cu128,2025.1.1.0,585,sdpa_efficient,0,fp16,8,32,256,128,0,1.4453,1.4372,1.4522,5.943,46.6,run=2026-09-03T08:19:47Z;clock_lock=585;iters=345;max_err=2.463e-04 torch_same_dtype_err=1.056e-03 tol=2.112e-03 cap=1e-02
d835758,Tesla T4,580.82.07,12.8.93,2.11.0+cu128,2025.1.1.0,585,sdpa_math_fp32,0,fp16,8,32,256,128,0,5.7313,5.7249,5.7385,1.499,70.3,oracle_not_speed_baseline;run=2026-09-03T08:19:47Z;clock_lock=585;iters=100;max_err=7.211e-07 torch_same_dtype_err=1.056e-03 tol=2.112e-03 cap=1e-02
d835758,Tesla T4,580.82.07,12.8.93,2.11.0+cu128,2025.1.1.0,585,torch_unfused,0,fp16,8,32,256,128,0,1.4438,1.4404,1.4476,5.950,139.4,run=2026-09-03T08:19:47Z;clock_lock=585;iters=341;max_err=1.056e-03 torch_same_dtype_err=1.056e-03 tol=2.112e-03 cap=1e-02
d835758,Tesla T4,580.82.07,12.8.93,2.11.0+cu128,2025.1.1.0,,sdpa_flash,0,fp16,8,32,256,128,1,,,,,,run=2026-09-03T08:19:47Z;backend_refused:Memory efficient kernel not used because: (Triggered internally at /pytorch/aten/src/ATen/native/transformers/cuda/sdp_utils.cpp:986.) | Memory Efficient attention has been runtime disabled. (Triggere
d835758,Tesla T4,580.82.07,12.8.93,2.11.0+cu128,2025.1.1.0,,sdpa_cudnn,0,fp16,8,32,256,128,1,,,,,,run=2026-09-03T08:19:47Z;backend_refused:Memory efficient kernel not used because: (Triggered internally at /pytorch/aten/src/ATen/native/transformers/cuda/sdp_utils.cpp:986.) | Memory Efficient attention has been runtime disabled. (Triggere
d835758,Tesla T4,580.82.07,12.8.93,2.11.0+cu128,2025.1.1.0,,flash_attn,0,fp16,8,32,256,128,1,,,,,,run=2026-09-03T08:19:47Z;backend_refused:not importable: No module named 'flash_attn'
d835758,Tesla T4,580.82.07,12.8.93,2.11.0+cu128,2025.1.1.0,585,tuned,5,fp16,8,32,256,128,1,1.9660,1.9620,1.9703,2.185,34.3,run=2026-09-03T08:19:47Z;flops=causal_half;clock_lock=585;iters=251;max_err=9.004e-04 torch_same_dtype_err=1.205e-03 tol=2.410e-03 cap=1e-02
d835758,Tesla T4,580.82.07,12.8.93,2.11.0+cu128,2025.1.1.0,585,sdpa_efficient,0,fp16,8,32,256,128,1,0.9564,0.9533,0.9595,4.491,70.4,run=2026-09-03T08:19:47Z;flops=causal_half;clock_lock=585;iters=507;max_err=9.004e-04 torch_same_dtype_err=1.205e-03 tol=2.410e-03 cap=1e-02
d835758,Tesla T4,580.82.07,12.8.93,2.11.0+cu128,2025.1.1.0,585,sdpa_math_fp32,0,fp16,8,32,256,128,1,6.3324,6.3274,6.3386,1.357,63.6,oracle_not_speed_baseline;run=2026-09-03T08:19:47Z;flops=full;clock_lock=585;iters=100;max_err=8.272e-07 torch_same_dtype_err=1.205e-03 tol=2.410e-03 cap=1e-02
d835758,Tesla T4,580.82.07,12.8.93,2.11.0+cu128,2025.1.1.0,585,torch_unfused,0,fp16,8,32,256,128,1,2.3449,2.3411,2.3486,3.663,85.9,run=2026-09-03T08:19:47Z;flops=full;clock_lock=585;iters=211;max_err=1.205e-03 torch_same_dtype_err=1.205e-03 tol=2.410e-03 cap=1e-02
d835758,Tesla T4,580.82.07,12.8.93,2.11.0+cu128,2025.1.1.0,,sdpa_flash,0,fp16,1,8,512,64,0,,,,,,run=2026-09-03T08:19:47Z;backend_refused:Memory efficient kernel not used because: (Triggered internally at /pytorch/aten/src/ATen/native/transformers/cuda/sdp_utils.cpp:986.) | Memory Efficient attention has been runtime disabled. (Triggere
d835758,Tesla T4,580.82.07,12.8.93,2.11.0+cu128,2025.1.1.0,,sdpa_cudnn,0,fp16,1,8,512,64,0,,,,,,run=2026-09-03T08:19:47Z;backend_refused:Memory efficient kernel not used because: (Triggered internally at /pytorch/aten/src/ATen/native/transformers/cuda/sdp_utils.cpp:986.) | Memory Efficient attention has been runtime disabled. (Triggere
d835758,Tesla T4,580.82.07,12.8.93,2.11.0+cu128,2025.1.1.0,,flash_attn,0,fp16,1,8,512,64,0,,,,,,run=2026-09-03T08:19:47Z;backend_refused:not importable: No module named 'flash_attn'
d835758,Tesla T4,580.82.07,12.8.93,2.11.0+cu128,2025.1.1.0,585,tuned,5,fp16,1,8,512,64,0,0.1733,0.1720,0.1741,3.098,12.2,run=2026-09-03T08:19:47Z;clock_lock=585;iters=1000;max_err=1.311e-04 torch_same_dtype_err=5.971e-04 tol=1.195e-03 cap=1e-02
d835758,Tesla T4,580.82.07,12.8.93,2.11.0+cu128,2025.1.1.0,585,sdpa_efficient,0,fp16,1,8,512,64,0,0.1282,0.1272,0.1290,4.188,16.5,run=2026-09-03T08:19:47Z;clock_lock=585;iters=1000;max_err=1.311e-04 torch_same_dtype_err=5.971e-04 tol=1.195e-03 cap=1e-02
d835758,Tesla T4,580.82.07,12.8.93,2.11.0+cu128,2025.1.1.0,585,sdpa_math_fp32,0,fp16,1,8,512,64,0,0.6533,0.6517,0.6551,0.822,57.8,oracle_not_speed_baseline;run=2026-09-03T08:19:47Z;clock_lock=585;iters=725;max_err=5.419e-07 torch_same_dtype_err=5.971e-04 tol=1.195e-03 cap=1e-02
d835758,Tesla T4,580.82.07,12.8.93,2.11.0+cu128,2025.1.1.0,585,torch_unfused,0,fp16,1,8,512,64,0,0.1923,0.1909,0.1933,2.792,98.1,run=2026-09-03T08:19:47Z;clock_lock=585;iters=1000;max_err=5.971e-04 torch_same_dtype_err=5.971e-04 tol=1.195e-03 cap=1e-02
d835758,Tesla T4,580.82.07,12.8.93,2.11.0+cu128,2025.1.1.0,,sdpa_flash,0,fp16,1,8,512,64,1,,,,,,run=2026-09-03T08:19:47Z;backend_refused:Memory efficient kernel not used because: (Triggered internally at /pytorch/aten/src/ATen/native/transformers/cuda/sdp_utils.cpp:986.) | Memory Efficient attention has been runtime disabled. (Triggere
d835758,Tesla T4,580.82.07,12.8.93,2.11.0+cu128,2025.1.1.0,,sdpa_cudnn,0,fp16,1,8,512,64,1,,,,,,run=2026-09-03T08:19:47Z;backend_refused:Memory efficient kernel not used because: (Triggered internally at /pytorch/aten/src/ATen/native/transformers/cuda/sdp_utils.cpp:986.) | Memory Efficient attention has been runtime disabled. (Triggere
d835758,Tesla T4,580.82.07,12.8.93,2.11.0+cu128,2025.1.1.0,,flash_attn,0,fp16,1,8,512,64,1,,,,,,run=2026-09-03T08:19:47Z;backend_refused:not importable: No module named 'flash_attn'
d835758,Tesla T4,580.82.07,12.8.93,2.11.0+cu128,2025.1.1.0,585,tuned,5,fp16,1,8,512,64,1,0.1167,0.1157,0.1179,2.300,18.1,run=2026-09-03T08:19:47Z;flops=causal_half;clock_lock=585;iters=1000;max_err=8.069e-04 torch_same_dtype_err=1.529e-03 tol=3.059e-03 cap=1e-02
d835758,Tesla T4,580.82.07,12.8.93,2.11.0+cu128,2025.1.1.0,585,sdpa_efficient,0,fp16,1,8,512,64,1,0.1209,0.1206,0.1220,2.220,17.5,run=2026-09-03T08:19:47Z;flops=causal_half;clock_lock=585;iters=1000;max_err=8.069e-04 torch_same_dtype_err=1.529e-03 tol=3.059e-03 cap=1e-02
d835758,Tesla T4,580.82.07,12.8.93,2.11.0+cu128,2025.1.1.0,585,sdpa_math_fp32,0,fp16,1,8,512,64,1,0.7700,0.7684,0.7720,0.697,49.0,oracle_not_speed_baseline;run=2026-09-03T08:19:47Z;flops=full;clock_lock=585;iters=615;max_err=5.203e-07 torch_same_dtype_err=1.529e-03 tol=3.059e-03 cap=1e-02
d835758,Tesla T4,580.82.07,12.8.93,2.11.0+cu128,2025.1.1.0,585,torch_unfused,0,fp16,1,8,512,64,1,0.3072,0.3063,0.3090,1.747,61.4,run=2026-09-03T08:19:47Z;flops=full;clock_lock=585;iters=1000;max_err=1.529e-03 torch_same_dtype_err=1.529e-03 tol=3.059e-03 cap=1e-02
d835758,Tesla T4,580.82.07,12.8.93,2.11.0+cu128,2025.1.1.0,,sdpa_flash,0,fp16,8,32,512,64,0,,,,,,run=2026-09-03T08:19:47Z;backend_refused:Memory efficient kernel not used because: (Triggered internally at /pytorch/aten/src/ATen/native/transformers/cuda/sdp_utils.cpp:986.) | Memory Efficient attention has been runtime disabled. (Triggere
d835758,Tesla T4,580.82.07,12.8.93,2.11.0+cu128,2025.1.1.0,,sdpa_cudnn,0,fp16,8,32,512,64,0,,,,,,run=2026-09-03T08:19:47Z;backend_refused:Memory efficient kernel not used because: (Triggered internally at /pytorch/aten/src/ATen/native/transformers/cuda/sdp_utils.cpp:986.) | Memory Efficient attention has been runtime disabled. (Triggere
d835758,Tesla T4,580.82.07,12.8.93,2.11.0+cu128,2025.1.1.0,,flash_attn,0,fp16,8,32,512,64,0,,,,,,run=2026-09-03T08:19:47Z;backend_refused:not importable: No module named 'flash_attn'
d835758,Tesla T4,580.82.07,12.8.93,2.11.0+cu128,2025.1.1.0,585,tuned,5,fp16,8,32,512,64,0,4.1924,4.1846,4.1990,4.098,16.1,run=2026-09-03T08:19:47Z;clock_lock=585;iters=119;max_err=1.606e-04 torch_same_dtype_err=4.760e-04 tol=9.531e-04 cap=1e-02
d835758,Tesla T4,580.82.07,12.8.93,2.11.0+cu128,2025.1.1.0,585,sdpa_efficient,0,fp16,8,32,512,64,0,2.4841,2.4791,2.4888,6.916,27.2,run=2026-09-03T08:19:47Z;clock_lock=585;iters=200;max_err=1.606e-04 torch_same_dtype_err=4.760e-04 tol=9.531e-04 cap=1e-02
d835758,Tesla T4,580.82.07,12.8.93,2.11.0+cu128,2025.1.1.0,585,sdpa_math_fp32,0,fp16,8,32,512,64,0,14.5531,14.4794,14.5695,1.180,83.0,oracle_not_speed_baseline;run=2026-09-03T08:19:47Z;clock_lock=585;iters=100;max_err=5.389e-07 torch_same_dtype_err=4.760e-04 tol=9.531e-04 cap=1e-02
d835758,Tesla T4,580.82.07,12.8.93,2.11.0+cu128,2025.1.1.0,585,torch_unfused,0,fp16,8,32,512,64,0,4.6642,4.6607,4.6681,3.683,129.5,run=2026-09-03T08:19:47Z;clock_lock=585;iters=107;max_err=4.760e-04 torch_same_dtype_err=4.760e-04 tol=9.531e-04 cap=1e-02
d835758,Tesla T4,580.82.07,12.8.93,2.11.0+cu128,2025.1.1.0,,sdpa_flash,0,fp16,8,32,512,64,1,,,,,,run=2026-09-03T08:19:47Z;backend_refused:Memory efficient kernel not used because: (Triggered internally at /pytorch/aten/src/ATen/native/transformers/cuda/sdp_utils.cpp:986.) | Memory Efficient attention has been runtime disabled. (Triggere
d835758,Tesla T4,580.82.07,12.8.93,2.11.0+cu128,2025.1.1.0,,sdpa_cudnn,0,fp16,8,32,512,64,1,,,,,,run=2026-09-03T08:19:47Z;backend_refused:Memory efficient kernel not used because: (Triggered internally at /pytorch/aten/src/ATen/native/transformers/cuda/sdp_utils.cpp:986.) | Memory Efficient attention has been runtime disabled. (Triggere
d835758,Tesla T4,580.82.07,12.8.93,2.11.0+cu128,2025.1.1.0,,flash_attn,0,fp16,8,32,512,64,1,,,,,,run=2026-09-03T08:19:47Z;backend_refused:not importable: No module named 'flash_attn'
d835758,Tesla T4,580.82.07,12.8.93,2.11.0+cu128,2025.1.1.0,585,tuned,5,fp16,8,32,512,64,1,2.4199,2.4147,2.4269,3.550,27.9,run=2026-09-03T08:19:47Z;flops=causal_half;clock_lock=585;iters=206;max_err=7.997e-04 torch_same_dtype_err=1.104e-03 tol=2.209e-03 cap=1e-02
d835758,Tesla T4,580.82.07,12.8.93,2.11.0+cu128,2025.1.1.0,585,sdpa_efficient,0,fp16,8,32,512,64,1,1.4893,1.4828,1.4986,5.768,45.4,run=2026-09-03T08:19:47Z;flops=causal_half;clock_lock=585;iters=332;max_err=7.997e-04 torch_same_dtype_err=1.104e-03 tol=2.209e-03 cap=1e-02
d835758,Tesla T4,580.82.07,12.8.93,2.11.0+cu128,2025.1.1.0,585,sdpa_math_fp32,0,fp16,8,32,512,64,1,16.8873,16.8122,16.9001,1.017,71.5,oracle_not_speed_baseline;run=2026-09-03T08:19:47Z;flops=full;clock_lock=585;iters=100;max_err=5.584e-07 torch_same_dtype_err=1.104e-03 tol=2.209e-03 cap=1e-02
d835758,Tesla T4,580.82.07,12.8.93,2.11.0+cu128,2025.1.1.0,585,torch_unfused,0,fp16,8,32,512,64,1,8.1951,8.1900,8.1994,2.096,73.7,run=2026-09-03T08:19:47Z;flops=full;clock_lock=585;iters=100;max_err=1.104e-03 torch_same_dtype_err=1.104e-03 tol=2.209e-03 cap=1e-02
d835758,Tesla T4,580.82.07,12.8.93,2.11.0+cu128,2025.1.1.0,,sdpa_flash,0,fp16,1,8,512,128,0,,,,,,run=2026-09-03T08:19:47Z;backend_refused:Memory efficient kernel not used because: (Triggered internally at /pytorch/aten/src/ATen/native/transformers/cuda/sdp_utils.cpp:986.) | Memory Efficient attention has been runtime disabled. (Triggere
d835758,Tesla T4,580.82.07,12.8.93,2.11.0+cu128,2025.1.1.0,,sdpa_cudnn,0,fp16,1,8,512,128,0,,,,,,run=2026-09-03T08:19:47Z;backend_refused:Memory efficient kernel not used because: (Triggered internally at /pytorch/aten/src/ATen/native/transformers/cuda/sdp_utils.cpp:986.) | Memory Efficient attention has been runtime disabled. (Triggere
d835758,Tesla T4,580.82.07,12.8.93,2.11.0+cu128,2025.1.1.0,,flash_attn,0,fp16,1,8,512,128,0,,,,,,run=2026-09-03T08:19:47Z;backend_refused:not importable: No module named 'flash_attn'
d835758,Tesla T4,580.82.07,12.8.93,2.11.0+cu128,2025.1.1.0,585,tuned,5,fp16,1,8,512,128,0,0.4713,0.4654,0.4754,2.278,8.9,run=2026-09-03T08:19:47Z;clock_lock=585;iters=1000;max_err=1.932e-04 torch_same_dtype_err=6.272e-04 tol=1.255e-03 cap=1e-02
d835758,Tesla T4,580.82.07,12.8.93,2.11.0+cu128,2025.1.1.0,585,sdpa_efficient,0,fp16,1,8,512,128,0,0.2196,0.2154,0.2212,4.891,19.2,run=2026-09-03T08:19:47Z;clock_lock=585;iters=1000;max_err=1.932e-04 torch_same_dtype_err=6.272e-04 tol=1.255e-03 cap=1e-02
d835758,Tesla T4,580.82.07,12.8.93,2.11.0+cu128,2025.1.1.0,585,sdpa_math_fp32,0,fp16,1,8,512,128,0,0.7920,0.7901,0.7942,1.356,53.0,oracle_not_speed_baseline;run=2026-09-03T08:19:47Z;clock_lock=585;iters=591;max_err=6.530e-07 torch_same_dtype_err=6.272e-04 tol=1.255e-03 cap=1e-02
d835758,Tesla T4,580.82.07,12.8.93,2.11.0+cu128,2025.1.1.0,585,torch_unfused,0,fp16,1,8,512,128,0,0.2164,0.2138,0.2193,4.961,96.9,run=2026-09-03T08:19:47Z;clock_lock=585;iters=1000;max_err=6.272e-04 torch_same_dtype_err=6.272e-04 tol=1.255e-03 cap=1e-02
d835758,Tesla T4,580.82.07,12.8.93,2.11.0+cu128,2025.1.1.0,,sdpa_flash,0,fp16,1,8,512,128,1,,,,,,run=2026-09-03T08:19:47Z;backend_refused:Memory efficient kernel not used because: (Triggered internally at /pytorch/aten/src/ATen/native/transformers/cuda/sdp_utils.cpp:986.) | Memory Efficient attention has been runtime disabled. (Triggere
d835758,Tesla T4,580.82.07,12.8.93,2.11.0+cu128,2025.1.1.0,,sdpa_cudnn,0,fp16,1,8,512,128,1,,,,,,run=2026-09-03T08:19:47Z;backend_refused:Memory efficient kernel not used because: (Triggered internally at /pytorch/aten/src/ATen/native/transformers/cuda/sdp_utils.cpp:986.) | Memory Efficient attention has been runtime disabled. (Triggere
d835758,Tesla T4,580.82.07,12.8.93,2.11.0+cu128,2025.1.1.0,,flash_attn,0,fp16,1,8,512,128,1,,,,,,run=2026-09-03T08:19:47Z;backend_refused:not importable: No module named 'flash_attn'
d835758,Tesla T4,580.82.07,12.8.93,2.11.0+cu128,2025.1.1.0,585,tuned,5,fp16,1,8,512,128,1,0.2770,0.2711,0.2888,1.938,15.2,run=2026-09-03T08:19:47Z;flops=causal_half;clock_lock=585;iters=1000;max_err=7.976e-04 torch_same_dtype_err=1.713e-03 tol=3.427e-03 cap=1e-02
d835758,Tesla T4,580.82.07,12.8.93,2.11.0+cu128,2025.1.1.0,585,sdpa_efficient,0,fp16,1,8,512,128,1,0.1497,0.1465,0.1520,3.587,28.1,run=2026-09-03T08:19:47Z;flops=causal_half;clock_lock=585;iters=1000;max_err=7.976e-04 torch_same_dtype_err=1.713e-03 tol=3.427e-03 cap=1e-02
d835758,Tesla T4,580.82.07,12.8.93,2.11.0+cu128,2025.1.1.0,585,sdpa_math_fp32,0,fp16,1,8,512,128,1,0.9093,0.9073,0.9114,1.181,46.1,oracle_not_speed_baseline;run=2026-09-03T08:19:47Z;flops=full;clock_lock=585;iters=528;max_err=1.064e-06 torch_same_dtype_err=1.713e-03 tol=3.427e-03 cap=1e-02
d835758,Tesla T4,580.82.07,12.8.93,2.11.0+cu128,2025.1.1.0,585,torch_unfused,0,fp16,1,8,512,128,1,0.3338,0.3317,0.3372,3.217,62.8,run=2026-09-03T08:19:47Z;flops=full;clock_lock=585;iters=1000;max_err=1.713e-03 torch_same_dtype_err=1.713e-03 tol=3.427e-03 cap=1e-02
d835758,Tesla T4,580.82.07,12.8.93,2.11.0+cu128,2025.1.1.0,,sdpa_flash,0,fp16,8,32,512,128,0,,,,,,run=2026-09-03T08:19:47Z;backend_refused:Memory efficient kernel not used because: (Triggered internally at /pytorch/aten/src/ATen/native/transformers/cuda/sdp_utils.cpp:986.) | Memory Efficient attention has been runtime disabled. (Triggere
d835758,Tesla T4,580.82.07,12.8.93,2.11.0+cu128,2025.1.1.0,,sdpa_cudnn,0,fp16,8,32,512,128,0,,,,,,run=2026-09-03T08:19:47Z;backend_refused:Memory efficient kernel not used because: (Triggered internally at /pytorch/aten/src/ATen/native/transformers/cuda/sdp_utils.cpp:986.) | Memory Efficient attention has been runtime disabled. (Triggere
d835758,Tesla T4,580.82.07,12.8.93,2.11.0+cu128,2025.1.1.0,,flash_attn,0,fp16,8,32,512,128,0,,,,,,run=2026-09-03T08:19:47Z;backend_refused:not importable: No module named 'flash_attn'
d835758,Tesla T4,580.82.07,12.8.93,2.11.0+cu128,2025.1.1.0,585,tuned,5,fp16,8,32,512,128,0,11.9855,11.9739,11.9973,2.867,11.2,run=2026-09-03T08:19:47Z;clock_lock=585;iters=100;max_err=1.400e-04 torch_same_dtype_err=8.661e-04 tol=1.733e-03 cap=1e-02
d835758,Tesla T4,580.82.07,12.8.93,2.11.0+cu128,2025.1.1.0,585,sdpa_efficient,0,fp16,8,32,512,128,0,5.1845,5.1633,5.2053,6.627,26.0,run=2026-09-03T08:19:47Z;clock_lock=585;iters=100;max_err=1.390e-04 torch_same_dtype_err=8.661e-04 tol=1.733e-03 cap=1e-02
d835758,Tesla T4,580.82.07,12.8.93,2.11.0+cu128,2025.1.1.0,585,sdpa_math_fp32,0,fp16,8,32,512,128,0,20.9817,20.9697,20.9900,1.638,64.0,oracle_not_speed_baseline;run=2026-09-03T08:19:47Z;clock_lock=585;iters=100;max_err=5.708e-07 torch_same_dtype_err=8.661e-04 tol=1.733e-03 cap=1e-02
d835758,Tesla T4,580.82.07,12.8.93,2.11.0+cu128,2025.1.1.0,585,torch_unfused,0,fp16,8,32,512,128,0,5.1740,5.1670,5.2630,6.641,129.7,run=2026-09-03T08:19:47Z;clock=unlocked;clock_lock_failed=585;clock=525-585;noisy_clock;iters=100;max_err=8.661e-04 torch_same_dtype_err=8.661e-04 tol=1.733e-03 cap=1e-02
d835758,Tesla T4,580.82.07,12.8.93,2.11.0+cu128,2025.1.1.0,,sdpa_flash,0,fp16,8,32,512,128,1,,,,,,run=2026-09-03T08:19:47Z;backend_refused:Memory efficient kernel not used because: (Triggered internally at /pytorch/aten/src/ATen/native/transformers/cuda/sdp_utils.cpp:986.) | Memory Efficient attention has been runtime disabled. (Triggere
d835758,Tesla T4,580.82.07,12.8.93,2.11.0+cu128,2025.1.1.0,,sdpa_cudnn,0,fp16,8,32,512,128,1,,,,,,run=2026-09-03T08:19:47Z;backend_refused:Memory efficient kernel not used because: (Triggered internally at /pytorch/aten/src/ATen/native/transformers/cuda/sdp_utils.cpp:986.) | Memory Efficient attention has been runtime disabled. (Triggere
d835758,Tesla T4,580.82.07,12.8.93,2.11.0+cu128,2025.1.1.0,,flash_attn,0,fp16,8,32,512,128,1,,,,,,run=2026-09-03T08:19:47Z;backend_refused:not importable: No module named 'flash_attn'
d835758,Tesla T4,580.82.07,12.8.93,2.11.0+cu128,2025.1.1.0,585,tuned,5,fp16,8,32,512,128,1,6.7277,6.7215,6.7402,2.554,20.0,run=2026-09-03T08:19:47Z;flops=causal_half;clock_lock=585;iters=100;max_err=9.710e-04 torch_same_dtype_err=1.211e-03 tol=2.424e-03 cap=1e-02
d835758,Tesla T4,580.82.07,12.8.93,2.11.0+cu128,2025.1.1.0,585,sdpa_efficient,0,fp16,8,32,512,128,1,3.1018,3.0963,3.1089,5.539,43.4,run=2026-09-03T08:19:47Z;flops=causal_half;clock_lock=585;iters=161;max_err=9.710e-04 torch_same_dtype_err=1.211e-03 tol=2.424e-03 cap=1e-02
d835758,Tesla T4,580.82.07,12.8.93,2.11.0+cu128,2025.1.1.0,585,sdpa_math_fp32,0,fp16,8,32,512,128,1,23.3124,23.3021,23.3238,1.474,57.6,oracle_not_speed_baseline;run=2026-09-03T08:19:47Z;flops=full;clock_lock=585;iters=100;max_err=9.885e-07 torch_same_dtype_err=1.211e-03 tol=2.424e-03 cap=1e-02
d835758,Tesla T4,580.82.07,12.8.93,2.11.0+cu128,2025.1.1.0,585,torch_unfused,0,fp16,8,32,512,128,1,8.7069,8.7008,8.7138,3.946,77.1,run=2026-09-03T08:19:47Z;flops=full;clock_lock=585;iters=100;max_err=1.211e-03 torch_same_dtype_err=1.211e-03 tol=2.424e-03 cap=1e-02
d835758,Tesla T4,580.82.07,12.8.93,2.11.0+cu128,2025.1.1.0,,sdpa_flash,0,fp16,1,8,1024,64,0,,,,,,run=2026-09-03T08:19:47Z;backend_refused:Memory efficient kernel not used because: (Triggered internally at /pytorch/aten/src/ATen/native/transformers/cuda/sdp_utils.cpp:986.) | Memory Efficient attention has been runtime disabled. (Triggere
d835758,Tesla T4,580.82.07,12.8.93,2.11.0+cu128,2025.1.1.0,,sdpa_cudnn,0,fp16,1,8,1024,64,0,,,,,,run=2026-09-03T08:19:47Z;backend_refused:Memory efficient kernel not used because: (Triggered internally at /pytorch/aten/src/ATen/native/transformers/cuda/sdp_utils.cpp:986.) | Memory Efficient attention has been runtime disabled. (Triggere
d835758,Tesla T4,580.82.07,12.8.93,2.11.0+cu128,2025.1.1.0,,flash_attn,0,fp16,1,8,1024,64,0,,,,,,run=2026-09-03T08:19:47Z;backend_refused:not importable: No module named 'flash_attn'
d835758,Tesla T4,580.82.07,12.8.93,2.11.0+cu128,2025.1.1.0,585,tuned,5,fp16,1,8,1024,64,0,0.6089,0.6055,0.6163,3.527,6.9,run=2026-09-03T08:19:47Z;clock_lock=585;iters=804;max_err=1.142e-04 torch_same_dtype_err=4.442e-04 tol=8.894e-04 cap=1e-02
d835758,Tesla T4,580.82.07,12.8.93,2.11.0+cu128,2025.1.1.0,585,sdpa_efficient,0,fp16,1,8,1024,64,0,0.4509,0.4486,0.4533,4.762,9.4,run=2026-09-03T08:19:47Z;clock_lock=585;iters=1000;max_err=1.142e-04 torch_same_dtype_err=4.442e-04 tol=8.894e-04 cap=1e-02
d835758,Tesla T4,580.82.07,12.8.93,2.11.0+cu128,2025.1.1.0,585,sdpa_math_fp32,0,fp16,1,8,1024,64,0,1.9230,1.9190,1.9266,1.117,74.2,oracle_not_speed_baseline;run=2026-09-03T08:19:47Z;clock_lock=585;iters=258;max_err=3.665e-07 torch_same_dtype_err=4.442e-04 tol=8.894e-04 cap=1e-02
d835758,Tesla T4,580.82.07,12.8.93,2.11.0+cu128,2025.1.1.0,585,torch_unfused,0,fp16,1,8,1024,64,0,0.6470,0.6451,0.6487,3.319,110.2,run=2026-09-03T08:19:47Z;clock_lock=585;iters=756;max_err=4.442e-04 torch_same_dtype_err=4.442e-04 tol=8.894e-04 cap=1e-02
d835758,Tesla T4,580.82.07,12.8.93,2.11.0+cu128,2025.1.1.0,,sdpa_flash,0,fp16,1,8,1024,64,1,,,,,,run=2026-09-03T08:19:47Z;backend_refused:Memory efficient kernel not used because: (Triggered internally at /pytorch/aten/src/ATen/native/transformers/cuda/sdp_utils.cpp:986.) | Memory Efficient attention has been runtime disabled. (Triggere
d835758,Tesla T4,580.82.07,12.8.93,2.11.0+cu128,2025.1.1.0,,sdpa_cudnn,0,fp16,1,8,1024,64,1,,,,,,run=2026-09-03T08:19:47Z;backend_refused:Memory efficient kernel not used because: (Triggered internally at /pytorch/aten/src/ATen/native/transformers/cuda/sdp_utils.cpp:986.) | Memory Efficient attention has been runtime disabled. (Triggere
d835758,Tesla T4,580.82.07,12.8.93,2.11.0+cu128,2025.1.1.0,,flash_attn,0,fp16,1,8,1024,64,1,,,,,,run=2026-09-03T08:19:47Z;backend_refused:not importable: No module named 'flash_attn'
d835758,Tesla T4,580.82.07,12.8.93,2.11.0+cu128,2025.1.1.0,585,tuned,5,fp16,1,8,1024,64,1,0.3439,0.3347,0.3582,3.122,12.3,run=2026-09-03T08:19:47Z;flops=causal_half;clock_lock=585;iters=1000;max_err=1.089e-03 torch_same_dtype_err=1.301e-03 tol=2.604e-03 cap=1e-02
d835758,Tesla T4,580.82.07,12.8.93,2.11.0+cu128,2025.1.1.0,585,sdpa_efficient,0,fp16,1,8,1024,64,1,0.2644,0.2621,0.2678,4.061,16.0,run=2026-09-03T08:19:47Z;flops=causal_half;clock_lock=585;iters=1000;max_err=1.089e-03 torch_same_dtype_err=1.301e-03 tol=2.604e-03 cap=1e-02
d835758,Tesla T4,580.82.07,12.8.93,2.11.0+cu128,2025.1.1.0,585,sdpa_math_fp32,0,fp16,1,8,1024,64,1,2.4003,2.3971,2.4036,0.895,59.4,oracle_not_speed_baseline;run=2026-09-03T08:19:47Z;flops=full;clock_lock=585;iters=207;max_err=6.377e-07 torch_same_dtype_err=1.301e-03 tol=2.604e-03 cap=1e-02
d835758,Tesla T4,580.82.07,12.8.93,2.11.0+cu128,2025.1.1.0,585,torch_unfused,0,fp16,1,8,1024,64,1,1.1060,1.1039,1.1085,1.942,64.5,run=2026-09-03T08:19:47Z;flops=full;clock_lock=585;iters=446;max_err=1.301e-03 torch_same_dtype_err=1.301e-03 tol=2.604e-03 cap=1e-02
d835758,Tesla T4,580.82.07,12.8.93,2.11.0+cu128,2025.1.1.0,,sdpa_flash,0,fp16,8,32,1024,64,0,,,,,,run=2026-09-03T08:19:47Z;backend_refused:Memory efficient kernel not used because: (Triggered internally at /pytorch/aten/src/ATen/native/transformers/cuda/sdp_utils.cpp:986.) | Memory Efficient attention has been runtime disabled. (Triggere
d835758,Tesla T4,580.82.07,12.8.93,2.11.0+cu128,2025.1.1.0,,sdpa_cudnn,0,fp16,8,32,1024,64,0,,,,,,run=2026-09-03T08:19:47Z;backend_refused:Memory efficient kernel not used because: (Triggered internally at /pytorch/aten/src/ATen/native/transformers/cuda/sdp_utils.cpp:986.) | Memory Efficient attention has been runtime disabled. (Triggere
d835758,Tesla T4,580.82.07,12.8.93,2.11.0+cu128,2025.1.1.0,,flash_attn,0,fp16,8,32,1024,64,0,,,,,,run=2026-09-03T08:19:47Z;backend_refused:not importable: No module named 'flash_attn'
d835758,Tesla T4,580.82.07,12.8.93,2.11.0+cu128,2025.1.1.0,585,tuned,5,fp16,8,32,1024,64,0,15.5462,15.5258,15.5962,4.420,8.7,run=2026-09-03T08:19:47Z;clock_lock=585;iters=100;max_err=9.969e-05 torch_same_dtype_err=3.886e-04 tol=7.782e-04 cap=1e-02
d835758,Tesla T4,580.82.07,12.8.93,2.11.0+cu128,2025.1.1.0,585,sdpa_efficient,0,fp16,8,32,1024,64,0,9.5256,9.5150,9.5348,7.214,14.2,run=2026-09-03T08:19:47Z;clock_lock=585;iters=100;max_err=9.969e-05 torch_same_dtype_err=3.886e-04 tol=7.782e-04 cap=1e-02
d835758,Tesla T4,580.82.07,12.8.93,2.11.0+cu128,2025.1.1.0,510,sdpa_math_fp32,0,fp16,8,32,1024,64,0,60.0007,59.4104,63.0439,1.145,76.1,oracle_not_speed_baseline;run=2026-09-03T08:19:47Z;clock=unlocked;clock_lock_failed=585;clock=390-555;noisy_clock;iters=100;max_err=5.106e-07 torch_same_dtype_err=3.886e-04 tol=7.782e-04 cap=1e-02
d835758,Tesla T4,580.82.07,12.8.93,2.11.0+cu128,2025.1.1.0,495,torch_unfused,0,fp16,8,32,1024,64,0,20.7554,19.6976,23.2107,3.311,109.9,run=2026-09-03T08:19:47Z;clock=unlocked;clock_lock_failed=585;clock=405-525;noisy_clock;noisy;iters=100;max_err=3.886e-04 torch_same_dtype_err=3.886e-04 tol=7.782e-04 cap=1e-02
d835758,Tesla T4,580.82.07,12.8.93,2.11.0+cu128,2025.1.1.0,,sdpa_flash,0,fp16,8,32,1024,64,1,,,,,,run=2026-09-03T08:19:47Z;backend_refused:Memory efficient kernel not used because: (Triggered internally at /pytorch/aten/src/ATen/native/transformers/cuda/sdp_utils.cpp:986.) | Memory Efficient attention has been runtime disabled. (Triggere
d835758,Tesla T4,580.82.07,12.8.93,2.11.0+cu128,2025.1.1.0,,sdpa_cudnn,0,fp16,8,32,1024,64,1,,,,,,run=2026-09-03T08:19:47Z;backend_refused:Memory efficient kernel not used because: (Triggered internally at /pytorch/aten/src/ATen/native/transformers/cuda/sdp_utils.cpp:986.) | Memory Efficient attention has been runtime disabled. (Triggere
d835758,Tesla T4,580.82.07,12.8.93,2.11.0+cu128,2025.1.1.0,,flash_attn,0,fp16,8,32,1024,64,1,,,,,,run=2026-09-03T08:19:47Z;backend_refused:not importable: No module named 'flash_attn'
d835758,Tesla T4,580.82.07,12.8.93,2.11.0+cu128,2025.1.1.0,585,tuned,5,fp16,8,32,1024,64,1,8.5486,8.5336,8.5661,4.019,15.8,run=2026-09-03T08:19:47Z;flops=causal_half;clock_lock=585;iters=100;max_err=8.719e-04 torch_same_dtype_err=1.302e-03 tol=2.604e-03 cap=1e-02
d835758,Tesla T4,580.82.07,12.8.93,2.11.0+cu128,2025.1.1.0,585,sdpa_efficient,0,fp16,8,32,1024,64,1,5.2391,5.2265,5.2579,6.558,25.8,run=2026-09-03T08:19:47Z;flops=causal_half;clock_lock=585;iters=100;max_err=8.719e-04 torch_same_dtype_err=1.302e-03 tol=2.604e-03 cap=1e-02
d835758,Tesla T4,580.82.07,12.8.93,2.11.0+cu128,2025.1.1.0,540,sdpa_math_fp32,0,fp16,8,32,1024,64,1,70.4840,69.4523,72.9694,0.975,64.7,oracle_not_speed_baseline;run=2026-09-03T08:19:47Z;flops=full;clock=unlocked;clock_lock_failed=585;clock=450-585;noisy_clock;iters=100;max_err=8.680e-07 torch_same_dtype_err=1.302e-03 tol=2.604e-03 cap=1e-02
d835758,Tesla T4,580.82.07,12.8.93,2.11.0+cu128,2025.1.1.0,585,torch_unfused,0,fp16,8,32,1024,64,1,32.3490,32.3337,32.5101,2.124,70.5,run=2026-09-03T08:19:47Z;flops=full;clock_lock=585;clock=555-585;iters=100;max_err=1.302e-03 torch_same_dtype_err=1.302e-03 tol=2.604e-03 cap=1e-02
d835758,Tesla T4,580.82.07,12.8.93,2.11.0+cu128,2025.1.1.0,,sdpa_flash,0,fp16,1,8,1024,128,0,,,,,,run=2026-09-03T08:19:47Z;backend_refused:Memory efficient kernel not used because: (Triggered internally at /pytorch/aten/src/ATen/native/transformers/cuda/sdp_utils.cpp:986.) | Memory Efficient attention has been runtime disabled. (Triggere
d835758,Tesla T4,580.82.07,12.8.93,2.11.0+cu128,2025.1.1.0,,sdpa_cudnn,0,fp16,1,8,1024,128,0,,,,,,run=2026-09-03T08:19:47Z;backend_refused:Memory efficient kernel not used because: (Triggered internally at /pytorch/aten/src/ATen/native/transformers/cuda/sdp_utils.cpp:986.) | Memory Efficient attention has been runtime disabled. (Triggere
d835758,Tesla T4,580.82.07,12.8.93,2.11.0+cu128,2025.1.1.0,,flash_attn,0,fp16,1,8,1024,128,0,,,,,,run=2026-09-03T08:19:47Z;backend_refused:not importable: No module named 'flash_attn'
d835758,Tesla T4,580.82.07,12.8.93,2.11.0+cu128,2025.1.1.0,585,tuned,5,fp16,1,8,1024,128,0,1.4845,1.4786,1.4890,2.893,5.7,run=2026-09-03T08:19:47Z;clock_lock=585;iters=336;max_err=1.092e-04 torch_same_dtype_err=6.602e-04 tol=1.321e-03 cap=1e-02
d835758,Tesla T4,580.82.07,12.8.93,2.11.0+cu128,2025.1.1.0,585,sdpa_efficient,0,fp16,1,8,1024,128,0,0.7788,0.7496,0.7987,5.515,10.8,run=2026-09-03T08:19:47Z;clock_lock=585;iters=645;max_err=1.092e-04 torch_same_dtype_err=6.602e-04 tol=1.321e-03 cap=1e-02
d835758,Tesla T4,580.82.07,12.8.93,2.11.0+cu128,2025.1.1.0,585,sdpa_math_fp32,0,fp16,1,8,1024,128,0,2.7879,2.7851,2.7914,1.541,54.2,oracle_not_speed_baseline;run=2026-09-03T08:19:47Z;clock_lock=585;iters=178;max_err=4.609e-07 torch_same_dtype_err=6.602e-04 tol=1.321e-03 cap=1e-02
d835758,Tesla T4,580.82.07,12.8.93,2.11.0+cu128,2025.1.1.0,585,torch_unfused,0,fp16,1,8,1024,128,0,0.7086,0.7066,0.7105,6.061,106.5,run=2026-09-03T08:19:47Z;clock_lock=585;iters=684;max_err=6.602e-04 torch_same_dtype_err=6.602e-04 tol=1.321e-03 cap=1e-02
d835758,Tesla T4,580.82.07,12.8.93,2.11.0+cu128,2025.1.1.0,,sdpa_flash,0,fp16,1,8,1024,128,1,,,,,,run=2026-09-03T08:19:47Z;backend_refused:Memory efficient kernel not used because: (Triggered internally at /pytorch/aten/src/ATen/native/transformers/cuda/sdp_utils.cpp:986.) | Memory Efficient attention has been runtime disabled. (Triggere
d835758,Tesla T4,580.82.07,12.8.93,2.11.0+cu128,2025.1.1.0,,sdpa_cudnn,0,fp16,1,8,1024,128,1,,,,,,run=2026-09-03T08:19:47Z;backend_refused:Memory efficient kernel not used because: (Triggered internally at /pytorch/aten/src/ATen/native/transformers/cuda/sdp_utils.cpp:986.) | Memory Efficient attention has been runtime disabled. (Triggere
d835758,Tesla T4,580.82.07,12.8.93,2.11.0+cu128,2025.1.1.0,,flash_attn,0,fp16,1,8,1024,128,1,,,,,,run=2026-09-03T08:19:47Z;backend_refused:not importable: No module named 'flash_attn'
d835758,Tesla T4,580.82.07,12.8.93,2.11.0+cu128,2025.1.1.0,585,tuned,5,fp16,1,8,1024,128,1,0.8602,0.8520,0.8704,2.497,9.8,run=2026-09-03T08:19:47Z;flops=causal_half;clock_lock=585;iters=573;max_err=8.255e-04 torch_same_dtype_err=1.521e-03 tol=3.043e-03 cap=1e-02
d835758,Tesla T4,580.82.07,12.8.93,2.11.0+cu128,2025.1.1.0,585,sdpa_efficient,0,fp16,1,8,1024,128,1,0.4406,0.4321,0.4502,4.874,19.1,run=2026-09-03T08:19:47Z;flops=causal_half;clock_lock=585;iters=1000;max_err=8.255e-04 torch_same_dtype_err=1.521e-03 tol=3.043e-03 cap=1e-02
d835758,Tesla T4,580.82.07,12.8.93,2.11.0+cu128,2025.1.1.0,585,sdpa_math_fp32,0,fp16,1,8,1024,128,1,3.2664,3.2635,3.2691,1.315,46.2,oracle_not_speed_baseline;run=2026-09-03T08:19:47Z;flops=full;clock_lock=585;iters=152;max_err=7.904e-07 torch_same_dtype_err=1.521e-03 tol=3.043e-03 cap=1e-02
d835758,Tesla T4,580.82.07,12.8.93,2.11.0+cu128,2025.1.1.0,585,torch_unfused,0,fp16,1,8,1024,128,1,1.1674,1.1655,1.1694,3.679,64.7,run=2026-09-03T08:19:47Z;flops=full;clock_lock=585;iters=419;max_err=1.521e-03 torch_same_dtype_err=1.521e-03 tol=3.043e-03 cap=1e-02
d835758,Tesla T4,580.82.07,12.8.93,2.11.0+cu128,2025.1.1.0,,sdpa_flash,0,fp16,8,32,1024,128,0,,,,,,run=2026-09-03T08:19:47Z;backend_refused:Memory efficient kernel not used because: (Triggered internally at /pytorch/aten/src/ATen/native/transformers/cuda/sdp_utils.cpp:986.) | Memory Efficient attention has been runtime disabled. (Triggere
d835758,Tesla T4,580.82.07,12.8.93,2.11.0+cu128,2025.1.1.0,,sdpa_cudnn,0,fp16,8,32,1024,128,0,,,,,,run=2026-09-03T08:19:47Z;backend_refused:Memory efficient kernel not used because: (Triggered internally at /pytorch/aten/src/ATen/native/transformers/cuda/sdp_utils.cpp:986.) | Memory Efficient attention has been runtime disabled. (Triggere
d835758,Tesla T4,580.82.07,12.8.93,2.11.0+cu128,2025.1.1.0,,flash_attn,0,fp16,8,32,1024,128,0,,,,,,run=2026-09-03T08:19:47Z;backend_refused:not importable: No module named 'flash_attn'
d835758,Tesla T4,580.82.07,12.8.93,2.11.0+cu128,2025.1.1.0,585,tuned,5,fp16,8,32,1024,128,0,43.1939,43.1451,43.2235,3.182,6.2,run=2026-09-03T08:19:47Z;clock_lock=585;iters=100;max_err=2.322e-04 torch_same_dtype_err=1.747e-03 tol=3.494e-03 cap=1e-02
d835758,Tesla T4,580.82.07,12.8.93,2.11.0+cu128,2025.1.1.0,585,sdpa_efficient,0,fp16,8,32,1024,128,0,19.8084,19.7809,19.8482,6.938,13.6,run=2026-09-03T08:19:47Z;clock_lock=585;iters=100;max_err=2.322e-04 torch_same_dtype_err=1.747e-03 tol=3.494e-03 cap=1e-02
d835758,Tesla T4,580.82.07,12.8.93,2.11.0+cu128,2025.1.1.0,585,sdpa_math_fp32,0,fp16,8,32,1024,128,0,80.5783,80.3897,81.4229,1.706,60.0,oracle_not_speed_baseline;run=2026-09-03T08:19:47Z;clock_lock=585;clock=540-585;iters=100;max_err=1.753e-06 torch_same_dtype_err=1.747e-03 tol=3.494e-03 cap=1e-02
d835758,Tesla T4,580.82.07,12.8.93,2.11.0+cu128,2025.1.1.0,525,torch_unfused,0,fp16,8,32,1024,128,0,21.8351,21.0581,23.8497,6.294,110.6,run=2026-09-03T08:19:47Z;clock=unlocked;clock_lock_failed=585;clock=435-570;noisy_clock;iters=100;max_err=1.747e-03 torch_same_dtype_err=1.747e-03 tol=3.494e-03 cap=1e-02
d835758,Tesla T4,580.82.07,12.8.93,2.11.0+cu128,2025.1.1.0,,sdpa_flash,0,fp16,8,32,1024,128,1,,,,,,run=2026-09-03T08:19:47Z;backend_refused:Memory efficient kernel not used because: (Triggered internally at /pytorch/aten/src/ATen/native/transformers/cuda/sdp_utils.cpp:986.) | Memory Efficient attention has been runtime disabled. (Triggere
d835758,Tesla T4,580.82.07,12.8.93,2.11.0+cu128,2025.1.1.0,,sdpa_cudnn,0,fp16,8,32,1024,128,1,,,,,,run=2026-09-03T08:19:47Z;backend_refused:Memory efficient kernel not used because: (Triggered internally at /pytorch/aten/src/ATen/native/transformers/cuda/sdp_utils.cpp:986.) | Memory Efficient attention has been runtime disabled. (Triggere
d835758,Tesla T4,580.82.07,12.8.93,2.11.0+cu128,2025.1.1.0,,flash_attn,0,fp16,8,32,1024,128,1,,,,,,run=2026-09-03T08:19:47Z;backend_refused:not importable: No module named 'flash_attn'
d835758,Tesla T4,580.82.07,12.8.93,2.11.0+cu128,2025.1.1.0,585,tuned,5,fp16,8,32,1024,128,1,23.8154,23.7957,23.8449,2.886,11.3,run=2026-09-03T08:19:47Z;flops=causal_half;clock_lock=585;iters=100;max_err=7.146e-04 torch_same_dtype_err=2.036e-03 tol=4.073e-03 cap=1e-02
d835758,Tesla T4,580.82.07,12.8.93,2.11.0+cu128,2025.1.1.0,585,sdpa_efficient,0,fp16,8,32,1024,128,1,10.9613,10.9506,10.9734,6.269,24.6,run=2026-09-03T08:19:47Z;flops=causal_half;clock_lock=585;iters=100;max_err=7.146e-04 torch_same_dtype_err=2.036e-03 tol=4.073e-03 cap=1e-02
d835758,Tesla T4,580.82.07,12.8.93,2.11.0+cu128,2025.1.1.0,585,sdpa_math_fp32,0,fp16,8,32,1024,128,1,93.2298,93.2024,94.1393,1.474,51.8,oracle_not_speed_baseline;run=2026-09-03T08:19:47Z;flops=full;clock_lock=585;clock=540-585;iters=100;max_err=1.211e-06 torch_same_dtype_err=2.036e-03 tol=4.073e-03 cap=1e-02
d835758,Tesla T4,580.82.07,12.8.93,2.11.0+cu128,2025.1.1.0,585,torch_unfused,0,fp16,8,32,1024,128,1,34.2934,34.2743,34.8157,4.008,70.4,run=2026-09-03T08:19:47Z;flops=full;clock=unlocked;clock_lock_failed=585;clock=525-585;noisy_clock;iters=100;max_err=2.036e-03 torch_same_dtype_err=2.036e-03 tol=4.073e-03 cap=1e-02
d835758,Tesla T4,580.82.07,12.8.93,2.11.0+cu128,2025.1.1.0,,sdpa_flash,0,fp16,1,8,2048,64,0,,,,,,run=2026-09-03T08:19:47Z;backend_refused:Memory efficient kernel not used because: (Triggered internally at /pytorch/aten/src/ATen/native/transformers/cuda/sdp_utils.cpp:986.) | Memory Efficient attention has been runtime disabled. (Triggere
d835758,Tesla T4,580.82.07,12.8.93,2.11.0+cu128,2025.1.1.0,,sdpa_cudnn,0,fp16,1,8,2048,64,0,,,,,,run=2026-09-03T08:19:47Z;backend_refused:Memory efficient kernel not used because: (Triggered internally at /pytorch/aten/src/ATen/native/transformers/cuda/sdp_utils.cpp:986.) | Memory Efficient attention has been runtime disabled. (Triggere
d835758,Tesla T4,580.82.07,12.8.93,2.11.0+cu128,2025.1.1.0,,flash_attn,0,fp16,1,8,2048,64,0,,,,,,run=2026-09-03T08:19:47Z;backend_refused:not importable: No module named 'flash_attn'
d835758,Tesla T4,580.82.07,12.8.93,2.11.0+cu128,2025.1.1.0,585,tuned,5,fp16,1,8,2048,64,0,1.9563,1.9476,1.9641,4.391,4.3,run=2026-09-03T08:19:47Z;clock_lock=585;iters=254;max_err=8.184e-05 torch_same_dtype_err=2.620e-04 tol=5.249e-04 cap=1e-02
d835758,Tesla T4,580.82.07,12.8.93,2.11.0+cu128,2025.1.1.0,585,sdpa_efficient,0,fp16,1,8,2048,64,0,1.4126,1.4082,1.4172,6.081,6.0,run=2026-09-03T08:19:47Z;clock_lock=585;iters=348;max_err=8.184e-05 torch_same_dtype_err=2.620e-04 tol=5.249e-04 cap=1e-02
d835758,Tesla T4,580.82.07,12.8.93,2.11.0+cu128,2025.1.1.0,585,sdpa_math_fp32,0,fp16,1,8,2048,64,0,7.2954,7.2868,7.3045,1.177,75.9,oracle_not_speed_baseline;run=2026-09-03T08:19:47Z;clock_lock=585;iters=100;max_err=3.927e-07 torch_same_dtype_err=2.620e-04 tol=5.249e-04 cap=1e-02
d835758,Tesla T4,580.82.07,12.8.93,2.11.0+cu128,2025.1.1.0,585,torch_unfused,0,fp16,1,8,2048,64,0,2.5180,2.5009,2.5247,3.411,109.9,run=2026-09-03T08:19:47Z;clock_lock=585;iters=197;max_err=2.620e-04 torch_same_dtype_err=2.620e-04 tol=5.249e-04 cap=1e-02
d835758,Tesla T4,580.82.07,12.8.93,2.11.0+cu128,2025.1.1.0,,sdpa_flash,0,fp16,1,8,2048,64,1,,,,,,run=2026-09-03T08:19:47Z;backend_refused:Memory efficient kernel not used because: (Triggered internally at /pytorch/aten/src/ATen/native/transformers/cuda/sdp_utils.cpp:986.) | Memory Efficient attention has been runtime disabled. (Triggere
d835758,Tesla T4,580.82.07,12.8.93,2.11.0+cu128,2025.1.1.0,,sdpa_cudnn,0,fp16,1,8,2048,64,1,,,,,,run=2026-09-03T08:19:47Z;backend_refused:Memory efficient kernel not used because: (Triggered internally at /pytorch/aten/src/ATen/native/transformers/cuda/sdp_utils.cpp:986.) | Memory Efficient attention has been runtime disabled. (Triggere
d835758,Tesla T4,580.82.07,12.8.93,2.11.0+cu128,2025.1.1.0,,flash_attn,0,fp16,1,8,2048,64,1,,,,,,run=2026-09-03T08:19:47Z;backend_refused:not importable: No module named 'flash_attn'
d835758,Tesla T4,580.82.07,12.8.93,2.11.0+cu128,2025.1.1.0,585,tuned,5,fp16,1,8,2048,64,1,1.1076,1.0909,1.1264,3.878,7.6,run=2026-09-03T08:19:47Z;flops=causal_half;clock_lock=585;iters=442;max_err=5.722e-04 torch_same_dtype_err=1.104e-03 tol=2.208e-03 cap=1e-02
d835758,Tesla T4,580.82.07,12.8.93,2.11.0+cu128,2025.1.1.0,585,sdpa_efficient,0,fp16,1,8,2048,64,1,0.8267,0.8092,0.8582,5.196,10.2,run=2026-09-03T08:19:47Z;flops=causal_half;clock_lock=585;iters=597;max_err=5.722e-04 torch_same_dtype_err=1.104e-03 tol=2.208e-03 cap=1e-02
d835758,Tesla T4,580.82.07,12.8.93,2.11.0+cu128,2025.1.1.0,585,sdpa_math_fp32,0,fp16,1,8,2048,64,1,9.1831,9.1770,9.1888,0.935,60.3,oracle_not_speed_baseline;run=2026-09-03T08:19:47Z;flops=full;clock_lock=585;iters=100;max_err=5.738e-07 torch_same_dtype_err=1.104e-03 tol=2.208e-03 cap=1e-02
d835758,Tesla T4,580.82.07,12.8.93,2.11.0+cu128,2025.1.1.0,585,torch_unfused,0,fp16,1,8,2048,64,1,4.4081,4.3916,4.4133,1.949,62.8,run=2026-09-03T08:19:47Z;flops=full;clock_lock=585;iters=114;max_err=1.104e-03 torch_same_dtype_err=1.104e-03 tol=2.208e-03 cap=1e-02
d835758,Tesla T4,580.82.07,12.8.93,2.11.0+cu128,2025.1.1.0,,sdpa_flash,0,fp16,8,32,2048,64,0,,,,,,run=2026-09-03T08:19:47Z;backend_refused:Memory efficient kernel not used because: (Triggered internally at /pytorch/aten/src/ATen/native/transformers/cuda/sdp_utils.cpp:986.) | Memory Efficient attention has been runtime disabled. (Triggere
d835758,Tesla T4,580.82.07,12.8.93,2.11.0+cu128,2025.1.1.0,,sdpa_cudnn,0,fp16,8,32,2048,64,0,,,,,,run=2026-09-03T08:19:47Z;backend_refused:Memory efficient kernel not used because: (Triggered internally at /pytorch/aten/src/ATen/native/transformers/cuda/sdp_utils.cpp:986.) | Memory Efficient attention has been runtime disabled. (Triggere
d835758,Tesla T4,580.82.07,12.8.93,2.11.0+cu128,2025.1.1.0,,flash_attn,0,fp16,8,32,2048,64,0,,,,,,run=2026-09-03T08:19:47Z;backend_refused:not importable: No module named 'flash_attn'
d835758,Tesla T4,580.82.07,12.8.93,2.11.0+cu128,2025.1.1.0,585,tuned,5,fp16,8,32,2048,64,0,56.9574,56.8690,57.0101,4.826,4.7,run=2026-09-03T08:19:47Z;clock_lock=585;iters=100;max_err=6.872e-05 torch_same_dtype_err=3.375e-04 tol=6.760e-04 cap=1e-02
d835758,Tesla T4,580.82.07,12.8.93,2.11.0+cu128,2025.1.1.0,585,sdpa_efficient,0,fp16,8,32,2048,64,0,37.2061,37.1952,37.2242,7.388,7.3,run=2026-09-03T08:19:47Z;clock_lock=585;iters=100;max_err=6.872e-05 torch_same_dtype_err=3.375e-04 tol=6.760e-04 cap=1e-02
d835758,Tesla T4,580.82.07,12.8.93,2.11.0+cu128,2025.1.1.0,,sdpa_math_fp32,0,fp16,8,32,2048,64,0,,,,,,oracle_not_speed_baseline;run=2026-09-03T08:19:47Z;oom_by_design
d835758,Tesla T4,580.82.07,12.8.93,2.11.0+cu128,2025.1.1.0,,torch_unfused,0,fp16,8,32,2048,64,0,,,,,,run=2026-09-03T08:19:47Z;oom_by_design
d835758,Tesla T4,580.82.07,12.8.93,2.11.0+cu128,2025.1.1.0,,sdpa_flash,0,fp16,8,32,2048,64,1,,,,,,run=2026-09-03T08:19:47Z;backend_refused:Memory efficient kernel not used because: (Triggered internally at /pytorch/aten/src/ATen/native/transformers/cuda/sdp_utils.cpp:986.) | Memory Efficient attention has been runtime disabled. (Triggere
d835758,Tesla T4,580.82.07,12.8.93,2.11.0+cu128,2025.1.1.0,,sdpa_cudnn,0,fp16,8,32,2048,64,1,,,,,,run=2026-09-03T08:19:47Z;backend_refused:Memory efficient kernel not used because: (Triggered internally at /pytorch/aten/src/ATen/native/transformers/cuda/sdp_utils.cpp:986.) | Memory Efficient attention has been runtime disabled. (Triggere
d835758,Tesla T4,580.82.07,12.8.93,2.11.0+cu128,2025.1.1.0,,flash_attn,0,fp16,8,32,2048,64,1,,,,,,run=2026-09-03T08:19:47Z;backend_refused:not importable: No module named 'flash_attn'
d835758,Tesla T4,580.82.07,12.8.93,2.11.0+cu128,2025.1.1.0,585,tuned,5,fp16,8,32,2048,64,1,30.8927,30.8530,30.9431,4.449,8.8,run=2026-09-03T08:19:47Z;flops=causal_half;clock_lock=585;iters=100;max_err=9.338e-04 torch_same_dtype_err=1.442e-03 tol=2.885e-03 cap=1e-02
d835758,Tesla T4,580.82.07,12.8.93,2.11.0+cu128,2025.1.1.0,585,sdpa_efficient,0,fp16,8,32,2048,64,1,19.5776,19.5584,19.6126,7.020,13.8,run=2026-09-03T08:19:47Z;flops=causal_half;clock_lock=585;iters=100;max_err=9.338e-04 torch_same_dtype_err=1.442e-03 tol=2.885e-03 cap=1e-02
d835758,Tesla T4,580.82.07,12.8.93,2.11.0+cu128,2025.1.1.0,,sdpa_math_fp32,0,fp16,8,32,2048,64,1,,,,,,oracle_not_speed_baseline;run=2026-09-03T08:19:47Z;oom_by_design
d835758,Tesla T4,580.82.07,12.8.93,2.11.0+cu128,2025.1.1.0,,torch_unfused,0,fp16,8,32,2048,64,1,,,,,,run=2026-09-03T08:19:47Z;oom_by_design
d835758,Tesla T4,580.82.07,12.8.93,2.11.0+cu128,2025.1.1.0,,sdpa_flash,0,fp16,1,8,2048,128,0,,,,,,run=2026-09-03T08:19:47Z;backend_refused:Memory efficient kernel not used because: (Triggered internally at /pytorch/aten/src/ATen/native/transformers/cuda/sdp_utils.cpp:986.) | Memory Efficient attention has been runtime disabled. (Triggere
d835758,Tesla T4,580.82.07,12.8.93,2.11.0+cu128,2025.1.1.0,,sdpa_cudnn,0,fp16,1,8,2048,128,0,,,,,,run=2026-09-03T08:19:47Z;backend_refused:Memory efficient kernel not used because: (Triggered internally at /pytorch/aten/src/ATen/native/transformers/cuda/sdp_utils.cpp:986.) | Memory Efficient attention has been runtime disabled. (Triggere
d835758,Tesla T4,580.82.07,12.8.93,2.11.0+cu128,2025.1.1.0,,flash_attn,0,fp16,1,8,2048,128,0,,,,,,run=2026-09-03T08:19:47Z;backend_refused:not importable: No module named 'flash_attn'
d835758,Tesla T4,580.82.07,12.8.93,2.11.0+cu128,2025.1.1.0,585,tuned,5,fp16,1,8,2048,128,0,4.9536,4.9438,4.9652,3.468,3.4,run=2026-09-03T08:19:47Z;clock_lock=585;iters=101;max_err=7.972e-05 torch_same_dtype_err=3.571e-04 tol=7.151e-04 cap=1e-02
d835758,Tesla T4,580.82.07,12.8.93,2.11.0+cu128,2025.1.1.0,585,sdpa_efficient,0,fp16,1,8,2048,128,0,2.6669,2.6345,2.6849,6.442,6.3,run=2026-09-03T08:19:47Z;clock_lock=585;iters=188;max_err=7.972e-05 torch_same_dtype_err=3.571e-04 tol=7.151e-04 cap=1e-02
d835758,Tesla T4,580.82.07,12.8.93,2.11.0+cu128,2025.1.1.0,585,sdpa_math_fp32,0,fp16,1,8,2048,128,0,10.2317,10.2201,10.2420,1.679,55.8,oracle_not_speed_baseline;run=2026-09-03T08:19:47Z;clock_lock=585;iters=100;max_err=5.404e-07 torch_same_dtype_err=3.571e-04 tol=7.151e-04 cap=1e-02
d835758,Tesla T4,580.82.07,12.8.93,2.11.0+cu128,2025.1.1.0,585,torch_unfused,0,fp16,1,8,2048,128,0,2.7424,2.7237,2.7495,6.265,104.0,run=2026-09-03T08:19:47Z;clock_lock=585;iters=181;max_err=3.501e-04 torch_same_dtype_err=3.571e-04 tol=7.151e-04 cap=1e-02
d835758,Tesla T4,580.82.07,12.8.93,2.11.0+cu128,2025.1.1.0,,sdpa_flash,0,fp16,1,8,2048,128,1,,,,,,run=2026-09-03T08:19:47Z;backend_refused:Memory efficient kernel not used because: (Triggered internally at /pytorch/aten/src/ATen/native/transformers/cuda/sdp_utils.cpp:986.) | Memory Efficient attention has been runtime disabled. (Triggere
d835758,Tesla T4,580.82.07,12.8.93,2.11.0+cu128,2025.1.1.0,,sdpa_cudnn,0,fp16,1,8,2048,128,1,,,,,,run=2026-09-03T08:19:47Z;backend_refused:Memory efficient kernel not used because: (Triggered internally at /pytorch/aten/src/ATen/native/transformers/cuda/sdp_utils.cpp:986.) | Memory Efficient attention has been runtime disabled. (Triggere
d835758,Tesla T4,580.82.07,12.8.93,2.11.0+cu128,2025.1.1.0,,flash_attn,0,fp16,1,8,2048,128,1,,,,,,run=2026-09-03T08:19:47Z;backend_refused:not importable: No module named 'flash_attn'
d835758,Tesla T4,580.82.07,12.8.93,2.11.0+cu128,2025.1.1.0,585,tuned,5,fp16,1,8,2048,128,1,2.8443,2.8303,2.8588,3.020,5.9,run=2026-09-03T08:19:47Z;flops=causal_half;clock_lock=585;iters=175;max_err=8.884e-04 torch_same_dtype_err=1.194e-03 tol=2.389e-03 cap=1e-02
d835758,Tesla T4,580.82.07,12.8.93,2.11.0+cu128,2025.1.1.0,585,sdpa_efficient,0,fp16,1,8,2048,128,1,1.4623,1.4436,1.4828,5.874,11.5,run=2026-09-03T08:19:47Z;flops=causal_half;clock_lock=585;iters=337;max_err=8.884e-04 torch_same_dtype_err=1.194e-03 tol=2.389e-03 cap=1e-02
d835758,Tesla T4,580.82.07,12.8.93,2.11.0+cu128,2025.1.1.0,585,sdpa_math_fp32,0,fp16,1,8,2048,128,1,12.1160,12.1107,12.1221,1.418,47.1,oracle_not_speed_baseline;run=2026-09-03T08:19:47Z;flops=full;clock_lock=585;iters=100;max_err=8.942e-07 torch_same_dtype_err=1.194e-03 tol=2.389e-03 cap=1e-02
d835758,Tesla T4,580.82.07,12.8.93,2.11.0+cu128,2025.1.1.0,585,torch_unfused,0,fp16,1,8,2048,128,1,4.6325,4.6141,4.6371,3.709,61.6,run=2026-09-03T08:19:47Z;flops=full;clock_lock=585;iters=108;max_err=1.194e-03 torch_same_dtype_err=1.194e-03 tol=2.389e-03 cap=1e-02
d835758,Tesla T4,580.82.07,12.8.93,2.11.0+cu128,2025.1.1.0,,sdpa_flash,0,fp16,8,32,2048,128,0,,,,,,run=2026-09-03T08:19:47Z;backend_refused:Memory efficient kernel not used because: (Triggered internally at /pytorch/aten/src/ATen/native/transformers/cuda/sdp_utils.cpp:986.) | Memory Efficient attention has been runtime disabled. (Triggere
d835758,Tesla T4,580.82.07,12.8.93,2.11.0+cu128,2025.1.1.0,,sdpa_cudnn,0,fp16,8,32,2048,128,0,,,,,,run=2026-09-03T08:19:47Z;backend_refused:Memory efficient kernel not used because: (Triggered internally at /pytorch/aten/src/ATen/native/transformers/cuda/sdp_utils.cpp:986.) | Memory Efficient attention has been runtime disabled. (Triggere
d835758,Tesla T4,580.82.07,12.8.93,2.11.0+cu128,2025.1.1.0,,flash_attn,0,fp16,8,32,2048,128,0,,,,,,run=2026-09-03T08:19:47Z;backend_refused:not importable: No module named 'flash_attn'
d835758,Tesla T4,580.82.07,12.8.93,2.11.0+cu128,2025.1.1.0,585,tuned,5,fp16,8,32,2048,128,0,154.6824,154.6199,155.0851,3.554,3.5,run=2026-09-03T08:19:47Z;clock_lock=585;iters=100;max_err=8.428e-05 torch_same_dtype_err=4.749e-04 tol=9.508e-04 cap=1e-02
d835758,Tesla T4,580.82.07,12.8.93,2.11.0+cu128,2025.1.1.0,585,sdpa_efficient,0,fp16,8,32,2048,128,0,77.5690,77.5256,77.6277,7.087,6.9,run=2026-09-03T08:19:47Z;clock_lock=585;iters=100;max_err=8.428e-05 torch_same_dtype_err=4.749e-04 tol=9.508e-04 cap=1e-02
d835758,Tesla T4,580.82.07,12.8.93,2.11.0+cu128,2025.1.1.0,,sdpa_math_fp32,0,fp16,8,32,2048,128,0,,,,,,oracle_not_speed_baseline;run=2026-09-03T08:19:47Z;oom_by_design
d835758,Tesla T4,580.82.07,12.8.93,2.11.0+cu128,2025.1.1.0,,torch_unfused,0,fp16,8,32,2048,128,0,,,,,,run=2026-09-03T08:19:47Z;oom_by_design
d835758,Tesla T4,580.82.07,12.8.93,2.11.0+cu128,2025.1.1.0,,sdpa_flash,0,fp16,8,32,2048,128,1,,,,,,run=2026-09-03T08:19:47Z;backend_refused:Memory efficient kernel not used because: (Triggered internally at /pytorch/aten/src/ATen/native/transformers/cuda/sdp_utils.cpp:986.) | Memory Efficient attention has been runtime disabled. (Triggere
d835758,Tesla T4,580.82.07,12.8.93,2.11.0+cu128,2025.1.1.0,,sdpa_cudnn,0,fp16,8,32,2048,128,1,,,,,,run=2026-09-03T08:19:47Z;backend_refused:Memory efficient kernel not used because: (Triggered internally at /pytorch/aten/src/ATen/native/transformers/cuda/sdp_utils.cpp:986.) | Memory Efficient attention has been runtime disabled. (Triggere
d835758,Tesla T4,580.82.07,12.8.93,2.11.0+cu128,2025.1.1.0,,flash_attn,0,fp16,8,32,2048,128,1,,,,,,run=2026-09-03T08:19:47Z;backend_refused:not importable: No module named 'flash_attn'
d835758,Tesla T4,580.82.07,12.8.93,2.11.0+cu128,2025.1.1.0,585,tuned,5,fp16,8,32,2048,128,1,84.7202,84.7011,84.9128,3.245,6.4,run=2026-09-03T08:19:47Z;flops=causal_half;clock_lock=585;iters=100;max_err=8.673e-04 torch_same_dtype_err=1.652e-03 tol=3.305e-03 cap=1e-02
d835758,Tesla T4,580.82.07,12.8.93,2.11.0+cu128,2025.1.1.0,585,sdpa_efficient,0,fp16,8,32,2048,128,1,41.0611,41.0429,41.0850,6.694,13.1,run=2026-09-03T08:19:47Z;flops=causal_half;clock_lock=585;iters=100;max_err=8.673e-04 torch_same_dtype_err=1.652e-03 tol=3.305e-03 cap=1e-02
d835758,Tesla T4,580.82.07,12.8.93,2.11.0+cu128,2025.1.1.0,,sdpa_math_fp32,0,fp16,8,32,2048,128,1,,,,,,oracle_not_speed_baseline;run=2026-09-03T08:19:47Z;oom_by_design
d835758,Tesla T4,580.82.07,12.8.93,2.11.0+cu128,2025.1.1.0,,torch_unfused,0,fp16,8,32,2048,128,1,,,,,,run=2026-09-03T08:19:47Z;oom_by_design
d835758,Tesla T4,580.82.07,12.8.93,2.11.0+cu128,2025.1.1.0,,sdpa_flash,0,fp16,1,8,4096,64,0,,,,,,run=2026-09-03T08:19:47Z;backend_refused:Memory efficient kernel not used because: (Triggered internally at /pytorch/aten/src/ATen/native/transformers/cuda/sdp_utils.cpp:986.) | Memory Efficient attention has been runtime disabled. (Triggere
d835758,Tesla T4,580.82.07,12.8.93,2.11.0+cu128,2025.1.1.0,,sdpa_cudnn,0,fp16,1,8,4096,64,0,,,,,,run=2026-09-03T08:19:47Z;backend_refused:Memory efficient kernel not used because: (Triggered internally at /pytorch/aten/src/ATen/native/transformers/cuda/sdp_utils.cpp:986.) | Memory Efficient attention has been runtime disabled. (Triggere
d835758,Tesla T4,580.82.07,12.8.93,2.11.0+cu128,2025.1.1.0,,flash_attn,0,fp16,1,8,4096,64,0,,,,,,run=2026-09-03T08:19:47Z;backend_refused:not importable: No module named 'flash_attn'
d835758,Tesla T4,580.82.07,12.8.93,2.11.0+cu128,2025.1.1.0,585,tuned,5,fp16,1,8,4096,64,0,6.6744,6.6681,6.6822,5.148,2.5,run=2026-09-03T08:19:47Z;clock_lock=585;iters=100;max_err=5.563e-05 torch_same_dtype_err=2.554e-04 tol=5.119e-04 cap=1e-02
d835758,Tesla T4,580.82.07,12.8.93,2.11.0+cu128,2025.1.1.0,585,sdpa_efficient,0,fp16,1,8,4096,64,0,4.9080,4.9016,4.9172,7.001,3.4,run=2026-09-03T08:19:47Z;clock_lock=585;iters=102;max_err=5.563e-05 torch_same_dtype_err=2.554e-04 tol=5.119e-04 cap=1e-02
d835758,Tesla T4,580.82.07,12.8.93,2.11.0+cu128,2025.1.1.0,585,sdpa_math_fp32,0,fp16,1,8,4096,64,0,29.9995,29.9904,31.0832,1.145,72.7,oracle_not_speed_baseline;run=2026-09-03T08:19:47Z;clock=unlocked;clock_lock_failed=585;clock=510-585;noisy_clock;iters=100;max_err=3.483e-07 torch_same_dtype_err=2.554e-04 tol=5.119e-04 cap=1e-02
d835758,Tesla T4,580.82.07,12.8.93,2.11.0+cu128,2025.1.1.0,585,torch_unfused,0,fp16,1,8,4096,64,0,13.7207,13.7163,13.7248,2.504,79.5,run=2026-09-03T08:19:47Z;clock_lock=585;iters=100;max_err=2.554e-04 torch_same_dtype_err=2.554e-04 tol=5.119e-04 cap=1e-02
d835758,Tesla T4,580.82.07,12.8.93,2.11.0+cu128,2025.1.1.0,,sdpa_flash,0,fp16,1,8,4096,64,1,,,,,,run=2026-09-03T08:19:47Z;backend_refused:Memory efficient kernel not used because: (Triggered internally at /pytorch/aten/src/ATen/native/transformers/cuda/sdp_utils.cpp:986.) | Memory Efficient attention has been runtime disabled. (Triggere
d835758,Tesla T4,580.82.07,12.8.93,2.11.0+cu128,2025.1.1.0,,sdpa_cudnn,0,fp16,1,8,4096,64,1,,,,,,run=2026-09-03T08:19:47Z;backend_refused:Memory efficient kernel not used because: (Triggered internally at /pytorch/aten/src/ATen/native/transformers/cuda/sdp_utils.cpp:986.) | Memory Efficient attention has been runtime disabled. (Triggere
d835758,Tesla T4,580.82.07,12.8.93,2.11.0+cu128,2025.1.1.0,,flash_attn,0,fp16,1,8,4096,64,1,,,,,,run=2026-09-03T08:19:47Z;backend_refused:not importable: No module named 'flash_attn'
d835758,Tesla T4,580.82.07,12.8.93,2.11.0+cu128,2025.1.1.0,585,tuned,5,fp16,1,8,4096,64,1,3.7675,3.7371,3.7864,4.560,4.5,run=2026-09-03T08:19:47Z;flops=causal_half;clock_lock=585;iters=133;max_err=8.165e-04 torch_same_dtype_err=1.137e-03 tol=2.274e-03 cap=1e-02
d835758,Tesla T4,580.82.07,12.8.93,2.11.0+cu128,2025.1.1.0,585,sdpa_efficient,0,fp16,1,8,4096,64,1,2.7768,2.7356,2.8333,6.187,6.1,run=2026-09-03T08:19:47Z;flops=causal_half;clock_lock=585;iters=177;max_err=8.165e-04 torch_same_dtype_err=1.137e-03 tol=2.274e-03 cap=1e-02
d835758,Tesla T4,580.82.07,12.8.93,2.11.0+cu128,2025.1.1.0,585,sdpa_math_fp32,0,fp16,1,8,4096,64,1,38.3030,38.2928,38.3133,0.897,56.9,oracle_not_speed_baseline;run=2026-09-03T08:19:47Z;flops=full;clock_lock=585;iters=100;max_err=8.143e-07 torch_same_dtype_err=1.137e-03 tol=2.274e-03 cap=1e-02
d835758,Tesla T4,580.82.07,12.8.93,2.11.0+cu128,2025.1.1.0,585,torch_unfused,0,fp16,1,8,4096,64,1,21.0448,21.0391,21.0495,1.633,51.8,run=2026-09-03T08:19:47Z;flops=full;clock_lock=585;iters=100;max_err=1.137e-03 torch_same_dtype_err=1.137e-03 tol=2.274e-03 cap=1e-02
d835758,Tesla T4,580.82.07,12.8.93,2.11.0+cu128,2025.1.1.0,,sdpa_flash,0,fp16,8,32,4096,64,0,,,,,,run=2026-09-03T08:19:47Z;backend_refused:Memory efficient kernel not used because: (Triggered internally at /pytorch/aten/src/ATen/native/transformers/cuda/sdp_utils.cpp:986.) | Memory Efficient attention has been runtime disabled. (Triggere
d835758,Tesla T4,580.82.07,12.8.93,2.11.0+cu128,2025.1.1.0,,sdpa_cudnn,0,fp16,8,32,4096,64,0,,,,,,run=2026-09-03T08:19:47Z;backend_refused:Memory efficient kernel not used because: (Triggered internally at /pytorch/aten/src/ATen/native/transformers/cuda/sdp_utils.cpp:986.) | Memory Efficient attention has been runtime disabled. (Triggere
d835758,Tesla T4,580.82.07,12.8.93,2.11.0+cu128,2025.1.1.0,,flash_attn,0,fp16,8,32,4096,64,0,,,,,,run=2026-09-03T08:19:47Z;backend_refused:not importable: No module named 'flash_attn'
d835758,Tesla T4,580.82.07,12.8.93,2.11.0+cu128,2025.1.1.0,585,tuned,5,fp16,8,32,4096,64,0,209.3248,209.0515,209.5646,5.253,2.6,run=2026-09-03T08:19:47Z;clock_lock=585;iters=100;max_err=6.683e-05 torch_same_dtype_err=2.613e-04 tol=5.236e-04 cap=1e-02
d835758,Tesla T4,580.82.07,12.8.93,2.11.0+cu128,2025.1.1.0,585,sdpa_efficient,0,fp16,8,32,4096,64,0,147.2082,147.1897,147.2423,7.469,3.7,run=2026-09-03T08:19:47Z;clock_lock=585;iters=100;max_err=6.683e-05 torch_same_dtype_err=2.613e-04 tol=5.236e-04 cap=1e-02
d835758,Tesla T4,580.82.07,12.8.93,2.11.0+cu128,2025.1.1.0,,sdpa_math_fp32,0,fp16,8,32,4096,64,0,,,,,,oracle_not_speed_baseline;run=2026-09-03T08:19:47Z;oom_by_design
d835758,Tesla T4,580.82.07,12.8.93,2.11.0+cu128,2025.1.1.0,,torch_unfused,0,fp16,8,32,4096,64,0,,,,,,run=2026-09-03T08:19:47Z;oom_by_design
d835758,Tesla T4,580.82.07,12.8.93,2.11.0+cu128,2025.1.1.0,,sdpa_flash,0,fp16,8,32,4096,64,1,,,,,,run=2026-09-03T08:19:47Z;backend_refused:Memory efficient kernel not used because: (Triggered internally at /pytorch/aten/src/ATen/native/transformers/cuda/sdp_utils.cpp:986.) | Memory Efficient attention has been runtime disabled. (Triggere
d835758,Tesla T4,580.82.07,12.8.93,2.11.0+cu128,2025.1.1.0,,sdpa_cudnn,0,fp16,8,32,4096,64,1,,,,,,run=2026-09-03T08:19:47Z;backend_refused:Memory efficient kernel not used because: (Triggered internally at /pytorch/aten/src/ATen/native/transformers/cuda/sdp_utils.cpp:986.) | Memory Efficient attention has been runtime disabled. (Triggere
d835758,Tesla T4,580.82.07,12.8.93,2.11.0+cu128,2025.1.1.0,,flash_attn,0,fp16,8,32,4096,64,1,,,,,,run=2026-09-03T08:19:47Z;backend_refused:not importable: No module named 'flash_attn'
d835758,Tesla T4,580.82.07,12.8.93,2.11.0+cu128,2025.1.1.0,585,tuned,5,fp16,8,32,4096,64,1,112.4495,112.2384,112.4874,4.889,4.8,run=2026-09-03T08:19:47Z;flops=causal_half;clock_lock=585;iters=100;max_err=8.677e-04 torch_same_dtype_err=1.263e-03 tol=2.527e-03 cap=1e-02
d835758,Tesla T4,580.82.07,12.8.93,2.11.0+cu128,2025.1.1.0,585,sdpa_efficient,0,fp16,8,32,4096,64,1,75.6029,75.5535,75.6552,7.272,7.2,run=2026-09-03T08:19:47Z;flops=causal_half;clock_lock=585;iters=100;max_err=8.677e-04 torch_same_dtype_err=1.263e-03 tol=2.527e-03 cap=1e-02
d835758,Tesla T4,580.82.07,12.8.93,2.11.0+cu128,2025.1.1.0,,sdpa_math_fp32,0,fp16,8,32,4096,64,1,,,,,,oracle_not_speed_baseline;run=2026-09-03T08:19:47Z;oom_by_design
d835758,Tesla T4,580.82.07,12.8.93,2.11.0+cu128,2025.1.1.0,,torch_unfused,0,fp16,8,32,4096,64,1,,,,,,run=2026-09-03T08:19:47Z;oom_by_design
d835758,Tesla T4,580.82.07,12.8.93,2.11.0+cu128,2025.1.1.0,,sdpa_flash,0,fp16,1,8,4096,128,0,,,,,,run=2026-09-03T08:19:47Z;backend_refused:Memory efficient kernel not used because: (Triggered internally at /pytorch/aten/src/ATen/native/transformers/cuda/sdp_utils.cpp:986.) | Memory Efficient attention has been runtime disabled. (Triggere
d835758,Tesla T4,580.82.07,12.8.93,2.11.0+cu128,2025.1.1.0,,sdpa_cudnn,0,fp16,1,8,4096,128,0,,,,,,run=2026-09-03T08:19:47Z;backend_refused:Memory efficient kernel not used because: (Triggered internally at /pytorch/aten/src/ATen/native/transformers/cuda/sdp_utils.cpp:986.) | Memory Efficient attention has been runtime disabled. (Triggere
d835758,Tesla T4,580.82.07,12.8.93,2.11.0+cu128,2025.1.1.0,,flash_attn,0,fp16,1,8,4096,128,0,,,,,,run=2026-09-03T08:19:47Z;backend_refused:not importable: No module named 'flash_attn'
d835758,Tesla T4,580.82.07,12.8.93,2.11.0+cu128,2025.1.1.0,585,tuned,5,fp16,1,8,4096,128,0,17.8477,17.8304,17.9282,3.850,1.9,run=2026-09-03T08:19:47Z;clock_lock=585;iters=100;max_err=6.341e-05 torch_same_dtype_err=2.946e-04 tol=5.902e-04 cap=1e-02
d835758,Tesla T4,580.82.07,12.8.93,2.11.0+cu128,2025.1.1.0,585,sdpa_efficient,0,fp16,1,8,4096,128,0,9.8657,9.8516,9.8846,6.965,3.4,run=2026-09-03T08:19:47Z;clock_lock=585;iters=100;max_err=5.866e-05 torch_same_dtype_err=2.946e-04 tol=5.902e-04 cap=1e-02
d835758,Tesla T4,580.82.07,12.8.93,2.11.0+cu128,2025.1.1.0,585,sdpa_math_fp32,0,fp16,1,8,4096,128,0,41.4966,41.4852,42.7591,1.656,53.4,oracle_not_speed_baseline;run=2026-09-03T08:19:47Z;clock_lock=585;clock=540-585;iters=100;max_err=3.726e-07 torch_same_dtype_err=2.946e-04 tol=5.902e-04 cap=1e-02
d835758,Tesla T4,580.82.07,12.8.93,2.11.0+cu128,2025.1.1.0,585,torch_unfused,0,fp16,1,8,4096,128,0,14.6127,14.6066,14.6192,4.703,75.8,run=2026-09-03T08:19:47Z;clock_lock=585;iters=100;max_err=2.946e-04 torch_same_dtype_err=2.946e-04 tol=5.902e-04 cap=1e-02
d835758,Tesla T4,580.82.07,12.8.93,2.11.0+cu128,2025.1.1.0,,sdpa_flash,0,fp16,1,8,4096,128,1,,,,,,run=2026-09-03T08:19:47Z;backend_refused:Memory efficient kernel not used because: (Triggered internally at /pytorch/aten/src/ATen/native/transformers/cuda/sdp_utils.cpp:986.) | Memory Efficient attention has been runtime disabled. (Triggere
d835758,Tesla T4,580.82.07,12.8.93,2.11.0+cu128,2025.1.1.0,,sdpa_cudnn,0,fp16,1,8,4096,128,1,,,,,,run=2026-09-03T08:19:47Z;backend_refused:Memory efficient kernel not used because: (Triggered internally at /pytorch/aten/src/ATen/native/transformers/cuda/sdp_utils.cpp:986.) | Memory Efficient attention has been runtime disabled. (Triggere
d835758,Tesla T4,580.82.07,12.8.93,2.11.0+cu128,2025.1.1.0,,flash_attn,0,fp16,1,8,4096,128,1,,,,,,run=2026-09-03T08:19:47Z;backend_refused:not importable: No module named 'flash_attn'
d835758,Tesla T4,580.82.07,12.8.93,2.11.0+cu128,2025.1.1.0,585,tuned,5,fp16,1,8,4096,128,1,9.8324,9.8106,9.8509,3.495,3.4,run=2026-09-03T08:19:47Z;flops=causal_half;clock_lock=585;iters=100;max_err=7.683e-04 torch_same_dtype_err=1.785e-03 tol=3.570e-03 cap=1e-02
d835758,Tesla T4,580.82.07,12.8.93,2.11.0+cu128,2025.1.1.0,585,sdpa_efficient,0,fp16,1,8,4096,128,1,5.2725,5.2443,5.3021,6.517,6.4,run=2026-09-03T08:19:47Z;flops=causal_half;clock_lock=585;iters=100;max_err=7.683e-04 torch_same_dtype_err=1.785e-03 tol=3.570e-03 cap=1e-02
d835758,Tesla T4,580.82.07,12.8.93,2.11.0+cu128,2025.1.1.0,585,sdpa_math_fp32,0,fp16,1,8,4096,128,1,49.8113,49.8017,49.8210,1.380,44.5,oracle_not_speed_baseline;run=2026-09-03T08:19:47Z;flops=full;clock_lock=585;iters=100;max_err=1.089e-06 torch_same_dtype_err=1.785e-03 tol=3.570e-03 cap=1e-02
d835758,Tesla T4,580.82.07,12.8.93,2.11.0+cu128,2025.1.1.0,585,torch_unfused,0,fp16,1,8,4096,128,1,21.9455,21.9361,21.9525,3.131,50.5,run=2026-09-03T08:19:47Z;flops=full;clock_lock=585;iters=100;max_err=1.785e-03 torch_same_dtype_err=1.785e-03 tol=3.570e-03 cap=1e-02
d835758,Tesla T4,580.82.07,12.8.93,2.11.0+cu128,2025.1.1.0,,sdpa_flash,0,fp16,8,32,4096,128,0,,,,,,run=2026-09-03T08:19:47Z;backend_refused:Memory efficient kernel not used because: (Triggered internally at /pytorch/aten/src/ATen/native/transformers/cuda/sdp_utils.cpp:986.) | Memory Efficient attention has been runtime disabled. (Triggere
d835758,Tesla T4,580.82.07,12.8.93,2.11.0+cu128,2025.1.1.0,,sdpa_cudnn,0,fp16,8,32,4096,128,0,,,,,,run=2026-09-03T08:19:47Z;backend_refused:Memory efficient kernel not used because: (Triggered internally at /pytorch/aten/src/ATen/native/transformers/cuda/sdp_utils.cpp:986.) | Memory Efficient attention has been runtime disabled. (Triggere
d835758,Tesla T4,580.82.07,12.8.93,2.11.0+cu128,2025.1.1.0,,flash_attn,0,fp16,8,32,4096,128,0,,,,,,run=2026-09-03T08:19:47Z;backend_refused:not importable: No module named 'flash_attn'
d835758,Tesla T4,580.82.07,12.8.93,2.11.0+cu128,2025.1.1.0,585,tuned,5,fp16,8,32,4096,128,0,562.0815,560.8511,562.2109,3.912,1.9,run=2026-09-03T08:19:47Z;clock_lock=585;iters=100;max_err=5.097e-05 torch_same_dtype_err=1.775e-04 tol=3.561e-04 cap=1e-02
d835758,Tesla T4,580.82.07,12.8.93,2.11.0+cu128,2025.1.1.0,585,sdpa_efficient,0,fp16,8,32,4096,128,0,308.0845,307.9637,308.2119,7.138,3.5,run=2026-09-03T08:19:47Z;clock_lock=585;iters=100;max_err=5.097e-05 torch_same_dtype_err=1.775e-04 tol=3.561e-04 cap=1e-02
d835758,Tesla T4,580.82.07,12.8.93,2.11.0+cu128,2025.1.1.0,,sdpa_math_fp32,0,fp16,8,32,4096,128,0,,,,,,oracle_not_speed_baseline;run=2026-09-03T08:19:47Z;oom_by_design
d835758,Tesla T4,580.82.07,12.8.93,2.11.0+cu128,2025.1.1.0,,torch_unfused,0,fp16,8,32,4096,128,0,,,,,,run=2026-09-03T08:19:47Z;oom_by_design
d835758,Tesla T4,580.82.07,12.8.93,2.11.0+cu128,2025.1.1.0,,sdpa_flash,0,fp16,8,32,4096,128,1,,,,,,run=2026-09-03T08:19:47Z;backend_refused:Memory efficient kernel not used because: (Triggered internally at /pytorch/aten/src/ATen/native/transformers/cuda/sdp_utils.cpp:986.) | Memory Efficient attention has been runtime disabled. (Triggere
d835758,Tesla T4,580.82.07,12.8.93,2.11.0+cu128,2025.1.1.0,,sdpa_cudnn,0,fp16,8,32,4096,128,1,,,,,,run=2026-09-03T08:19:47Z;backend_refused:Memory efficient kernel not used because: (Triggered internally at /pytorch/aten/src/ATen/native/transformers/cuda/sdp_utils.cpp:986.) | Memory Efficient attention has been runtime disabled. (Triggere
d835758,Tesla T4,580.82.07,12.8.93,2.11.0+cu128,2025.1.1.0,,flash_attn,0,fp16,8,32,4096,128,1,,,,,,run=2026-09-03T08:19:47Z;backend_refused:not importable: No module named 'flash_attn'
d835758,Tesla T4,580.82.07,12.8.93,2.11.0+cu128,2025.1.1.0,585,tuned,5,fp16,8,32,4096,128,1,304.6502,303.8758,304.8221,3.609,3.5,run=2026-09-03T08:19:47Z;flops=causal_half;clock_lock=585;iters=100;max_err=9.331e-04 torch_same_dtype_err=1.609e-03 tol=3.218e-03 cap=1e-02
d835758,Tesla T4,580.82.07,12.8.93,2.11.0+cu128,2025.1.1.0,585,sdpa_efficient,0,fp16,8,32,4096,128,1,158.5976,158.5476,158.6372,6.933,6.8,run=2026-09-03T08:19:47Z;flops=causal_half;clock_lock=585;iters=100;max_err=9.331e-04 torch_same_dtype_err=1.609e-03 tol=3.218e-03 cap=1e-02
d835758,Tesla T4,580.82.07,12.8.93,2.11.0+cu128,2025.1.1.0,,sdpa_math_fp32,0,fp16,8,32,4096,128,1,,,,,,oracle_not_speed_baseline;run=2026-09-03T08:19:47Z;oom_by_design
d835758,Tesla T4,580.82.07,12.8.93,2.11.0+cu128,2025.1.1.0,,torch_unfused,0,fp16,8,32,4096,128,1,,,,,,run=2026-09-03T08:19:47Z;oom_by_design
15b83a5,Tesla T4,580.82.07,12.8.93,2.11.0+cu128,2025.1.1.0,,sdpa_flash,0,fp16,1,8,128,64,0,,,,,,run=2026-09-03T09:13:41Z;backend_refused:Memory efficient kernel not used because: (Triggered internally at /pytorch/aten/src/ATen/native/transformers/cuda/sdp_utils.cpp:986.) | Memory Efficient attention has been runtime disabled. (Triggere
15b83a5,Tesla T4,580.82.07,12.8.93,2.11.0+cu128,2025.1.1.0,,sdpa_cudnn,0,fp16,1,8,128,64,0,,,,,,run=2026-09-03T09:13:41Z;backend_refused:Memory efficient kernel not used because: (Triggered internally at /pytorch/aten/src/ATen/native/transformers/cuda/sdp_utils.cpp:986.) | Memory Efficient attention has been runtime disabled. (Triggere
15b83a5,Tesla T4,580.82.07,12.8.93,2.11.0+cu128,2025.1.1.0,,flash_attn,0,fp16,1,8,128,64,0,,,,,,run=2026-09-03T09:13:41Z;backend_refused:not importable: No module named 'flash_attn'
15b83a5,Tesla T4,580.82.07,12.8.93,2.11.0+cu128,2025.1.1.0,585,tuned,5,fp16,1,8,128,64,0,0.0255,0.0247,0.0263,1.316,20.7,run=2026-09-03T09:13:41Z;clock_lock=585;iters=1000;max_err=2.848e-04 torch_same_dtype_err=6.489e-04 tol=1.299e-03 cap=1e-02
15b83a5,Tesla T4,580.82.07,12.8.93,2.11.0+cu128,2025.1.1.0,585,sdpa_efficient,0,fp16,1,8,128,64,0,0.0360,0.0350,0.0368,0.933,14.7,run=2026-09-03T09:13:41Z;clock_lock=585;iters=1000;max_err=2.848e-04 torch_same_dtype_err=6.489e-04 tol=1.299e-03 cap=1e-02
15b83a5,Tesla T4,580.82.07,12.8.93,2.11.0+cu128,2025.1.1.0,585,sdpa_math_fp32,0,fp16,1,8,128,64,0,0.1208,0.1195,0.1212,0.278,26.0,oracle_not_speed_baseline;run=2026-09-03T09:13:41Z;clock_lock=585;iters=1000;max_err=3.739e-07 torch_same_dtype_err=6.489e-04 tol=1.299e-03 cap=1e-02
15b83a5,Tesla T4,580.82.07,12.8.93,2.11.0+cu128,2025.1.1.0,585,torch_unfused,0,fp16,1,8,128,64,0,0.0553,0.0552,0.0564,0.606,28.4,run=2026-09-03T09:13:41Z;clock_lock=585;iters=1000;max_err=6.489e-04 torch_same_dtype_err=6.489e-04 tol=1.299e-03 cap=1e-02
15b83a5,Tesla T4,580.82.07,12.8.93,2.11.0+cu128,2025.1.1.0,,sdpa_flash,0,fp16,1,8,128,64,1,,,,,,run=2026-09-03T09:13:41Z;backend_refused:Memory efficient kernel not used because: (Triggered internally at /pytorch/aten/src/ATen/native/transformers/cuda/sdp_utils.cpp:986.) | Memory Efficient attention has been runtime disabled. (Triggere
15b83a5,Tesla T4,580.82.07,12.8.93,2.11.0+cu128,2025.1.1.0,,sdpa_cudnn,0,fp16,1,8,128,64,1,,,,,,run=2026-09-03T09:13:41Z;backend_refused:Memory efficient kernel not used because: (Triggered internally at /pytorch/aten/src/ATen/native/transformers/cuda/sdp_utils.cpp:986.) | Memory Efficient attention has been runtime disabled. (Triggere
15b83a5,Tesla T4,580.82.07,12.8.93,2.11.0+cu128,2025.1.1.0,,flash_attn,0,fp16,1,8,128,64,1,,,,,,run=2026-09-03T09:13:41Z;backend_refused:not importable: No module named 'flash_attn'
15b83a5,Tesla T4,580.82.07,12.8.93,2.11.0+cu128,2025.1.1.0,585,tuned,5,fp16,1,8,128,64,1,0.0261,0.0252,0.0266,0.643,20.2,run=2026-09-03T09:13:41Z;flops=causal_half;clock_lock=585;iters=1000;max_err=9.831e-04 torch_same_dtype_err=1.635e-03 tol=3.271e-03 cap=1e-02
15b83a5,Tesla T4,580.82.07,12.8.93,2.11.0+cu128,2025.1.1.0,585,sdpa_efficient,0,fp16,1,8,128,64,1,0.0359,0.0350,0.0367,0.468,14.7,run=2026-09-03T09:13:41Z;flops=causal_half;clock_lock=585;iters=1000;max_err=9.831e-04 torch_same_dtype_err=1.635e-03 tol=3.271e-03 cap=1e-02
15b83a5,Tesla T4,580.82.07,12.8.93,2.11.0+cu128,2025.1.1.0,585,sdpa_math_fp32,0,fp16,1,8,128,64,1,0.1538,0.1536,0.1550,0.218,20.5,oracle_not_speed_baseline;run=2026-09-03T09:13:41Z;flops=full;clock_lock=585;iters=1000;max_err=6.744e-07 torch_same_dtype_err=1.635e-03 tol=3.271e-03 cap=1e-02
15b83a5,Tesla T4,580.82.07,12.8.93,2.11.0+cu128,2025.1.1.0,585,torch_unfused,0,fp16,1,8,128,64,1,0.0716,0.0706,0.0718,0.468,22.0,run=2026-09-03T09:13:41Z;flops=full;clock_lock=585;iters=1000;max_err=1.635e-03 torch_same_dtype_err=1.635e-03 tol=3.271e-03 cap=1e-02
15b83a5,Tesla T4,580.82.07,12.8.93,2.11.0+cu128,2025.1.1.0,,sdpa_flash,0,fp16,8,32,128,64,0,,,,,,run=2026-09-03T09:13:41Z;backend_refused:Memory efficient kernel not used because: (Triggered internally at /pytorch/aten/src/ATen/native/transformers/cuda/sdp_utils.cpp:986.) | Memory Efficient attention has been runtime disabled. (Triggere
15b83a5,Tesla T4,580.82.07,12.8.93,2.11.0+cu128,2025.1.1.0,,sdpa_cudnn,0,fp16,8,32,128,64,0,,,,,,run=2026-09-03T09:13:41Z;backend_refused:Memory efficient kernel not used because: (Triggered internally at /pytorch/aten/src/ATen/native/transformers/cuda/sdp_utils.cpp:986.) | Memory Efficient attention has been runtime disabled. (Triggere
15b83a5,Tesla T4,580.82.07,12.8.93,2.11.0+cu128,2025.1.1.0,,flash_attn,0,fp16,8,32,128,64,0,,,,,,run=2026-09-03T09:13:41Z;backend_refused:not importable: No module named 'flash_attn'
15b83a5,Tesla T4,580.82.07,12.8.93,2.11.0+cu128,2025.1.1.0,585,tuned,5,fp16,8,32,128,64,0,0.3074,0.3072,0.3086,3.493,55.0,run=2026-09-03T09:13:41Z;clock_lock=585;iters=1000;max_err=2.577e-04 torch_same_dtype_err=8.056e-04 tol=1.612e-03 cap=1e-02
15b83a5,Tesla T4,580.82.07,12.8.93,2.11.0+cu128,2025.1.1.0,585,sdpa_efficient,0,fp16,8,32,128,64,0,0.2163,0.2132,0.2191,4.964,78.2,run=2026-09-03T09:13:41Z;clock_lock=585;iters=1000;max_err=2.577e-04 torch_same_dtype_err=8.056e-04 tol=1.612e-03 cap=1e-02
15b83a5,Tesla T4,580.82.07,12.8.93,2.11.0+cu128,2025.1.1.0,585,sdpa_math_fp32,0,fp16,8,32,128,64,0,1.1862,1.1839,1.1889,0.905,84.9,oracle_not_speed_baseline;run=2026-09-03T09:13:41Z;clock_lock=585;iters=413;max_err=8.542e-07 torch_same_dtype_err=8.056e-04 tol=1.612e-03 cap=1e-02
15b83a5,Tesla T4,580.82.07,12.8.93,2.11.0+cu128,2025.1.1.0,585,torch_unfused,0,fp16,8,32,128,64,0,0.4132,0.4097,0.4159,2.599,121.8,run=2026-09-03T09:13:41Z;clock_lock=585;iters=1000;max_err=8.056e-04 torch_same_dtype_err=8.056e-04 tol=1.612e-03 cap=1e-02
15b83a5,Tesla T4,580.82.07,12.8.93,2.11.0+cu128,2025.1.1.0,,sdpa_flash,0,fp16,8,32,128,64,1,,,,,,run=2026-09-03T09:13:41Z;backend_refused:Memory efficient kernel not used because: (Triggered internally at /pytorch/aten/src/ATen/native/transformers/cuda/sdp_utils.cpp:986.) | Memory Efficient attention has been runtime disabled. (Triggere
15b83a5,Tesla T4,580.82.07,12.8.93,2.11.0+cu128,2025.1.1.0,,sdpa_cudnn,0,fp16,8,32,128,64,1,,,,,,run=2026-09-03T09:13:41Z;backend_refused:Memory efficient kernel not used because: (Triggered internally at /pytorch/aten/src/ATen/native/transformers/cuda/sdp_utils.cpp:986.) | Memory Efficient attention has been runtime disabled. (Triggere
15b83a5,Tesla T4,580.82.07,12.8.93,2.11.0+cu128,2025.1.1.0,,flash_attn,0,fp16,8,32,128,64,1,,,,,,run=2026-09-03T09:13:41Z;backend_refused:not importable: No module named 'flash_attn'
15b83a5,Tesla T4,580.82.07,12.8.93,2.11.0+cu128,2025.1.1.0,585,tuned,5,fp16,8,32,128,64,1,0.2534,0.2519,0.2548,2.119,66.7,run=2026-09-03T09:13:41Z;flops=causal_half;clock_lock=585;iters=1000;max_err=8.584e-04 torch_same_dtype_err=1.137e-03 tol=2.274e-03 cap=1e-02
15b83a5,Tesla T4,580.82.07,12.8.93,2.11.0+cu128,2025.1.1.0,585,sdpa_efficient,0,fp16,8,32,128,64,1,0.1762,0.1741,0.1785,3.048,96.0,run=2026-09-03T09:13:41Z;flops=causal_half;clock_lock=585;iters=1000;max_err=8.584e-04 torch_same_dtype_err=1.137e-03 tol=2.274e-03 cap=1e-02
15b83a5,Tesla T4,580.82.07,12.8.93,2.11.0+cu128,2025.1.1.0,585,sdpa_math_fp32,0,fp16,8,32,128,64,1,1.3583,1.3560,1.3615,0.791,74.1,oracle_not_speed_baseline;run=2026-09-03T09:13:41Z;flops=full;clock_lock=585;iters=363;max_err=6.380e-07 torch_same_dtype_err=1.137e-03 tol=2.274e-03 cap=1e-02
15b83a5,Tesla T4,580.82.07,12.8.93,2.11.0+cu128,2025.1.1.0,585,torch_unfused,0,fp16,8,32,128,64,1,0.6572,0.6537,0.6599,1.634,76.6,run=2026-09-03T09:13:41Z;flops=full;clock_lock=585;iters=736;max_err=1.137e-03 torch_same_dtype_err=1.137e-03 tol=2.274e-03 cap=1e-02
15b83a5,Tesla T4,580.82.07,12.8.93,2.11.0+cu128,2025.1.1.0,,sdpa_flash,0,fp16,1,8,128,128,0,,,,,,run=2026-09-03T09:13:41Z;backend_refused:Memory efficient kernel not used because: (Triggered internally at /pytorch/aten/src/ATen/native/transformers/cuda/sdp_utils.cpp:986.) | Memory Efficient attention has been runtime disabled. (Triggere
15b83a5,Tesla T4,580.82.07,12.8.93,2.11.0+cu128,2025.1.1.0,,sdpa_cudnn,0,fp16,1,8,128,128,0,,,,,,run=2026-09-03T09:13:41Z;backend_refused:Memory efficient kernel not used because: (Triggered internally at /pytorch/aten/src/ATen/native/transformers/cuda/sdp_utils.cpp:986.) | Memory Efficient attention has been runtime disabled. (Triggere
15b83a5,Tesla T4,580.82.07,12.8.93,2.11.0+cu128,2025.1.1.0,,flash_attn,0,fp16,1,8,128,128,0,,,,,,run=2026-09-03T09:13:41Z;backend_refused:not importable: No module named 'flash_attn'
15b83a5,Tesla T4,580.82.07,12.8.93,2.11.0+cu128,2025.1.1.0,585,tuned,5,fp16,1,8,128,128,0,0.0620,0.0614,0.0630,1.083,17.0,run=2026-09-03T09:13:41Z;clock_lock=585;iters=1000;max_err=2.528e-04 torch_same_dtype_err=7.005e-04 tol=1.402e-03 cap=1e-02
15b83a5,Tesla T4,580.82.07,12.8.93,2.11.0+cu128,2025.1.1.0,585,sdpa_efficient,0,fp16,1,8,128,128,0,0.0308,0.0307,0.0318,2.182,34.2,run=2026-09-03T09:13:41Z;clock_lock=585;iters=1000;max_err=2.837e-04 torch_same_dtype_err=7.005e-04 tol=1.402e-03 cap=1e-02
15b83a5,Tesla T4,580.82.07,12.8.93,2.11.0+cu128,2025.1.1.0,585,sdpa_math_fp32,0,fp16,1,8,128,128,0,0.1393,0.1382,0.1399,0.482,30.1,oracle_not_speed_baseline;run=2026-09-03T09:13:41Z;clock_lock=585;iters=1000;max_err=6.058e-07 torch_same_dtype_err=7.005e-04 tol=1.402e-03 cap=1e-02
15b83a5,Tesla T4,580.82.07,12.8.93,2.11.0+cu128,2025.1.1.0,585,torch_unfused,0,fp16,1,8,128,128,0,0.0606,0.0596,0.0613,1.108,34.6,run=2026-09-03T09:13:41Z;clock_lock=585;iters=1000;max_err=7.005e-04 torch_same_dtype_err=7.005e-04 tol=1.402e-03 cap=1e-02
15b83a5,Tesla T4,580.82.07,12.8.93,2.11.0+cu128,2025.1.1.0,,sdpa_flash,0,fp16,1,8,128,128,1,,,,,,run=2026-09-03T09:13:41Z;backend_refused:Memory efficient kernel not used because: (Triggered internally at /pytorch/aten/src/ATen/native/transformers/cuda/sdp_utils.cpp:986.) | Memory Efficient attention has been runtime disabled. (Triggere
15b83a5,Tesla T4,580.82.07,12.8.93,2.11.0+cu128,2025.1.1.0,,sdpa_cudnn,0,fp16,1,8,128,128,1,,,,,,run=2026-09-03T09:13:41Z;backend_refused:Memory efficient kernel not used because: (Triggered internally at /pytorch/aten/src/ATen/native/transformers/cuda/sdp_utils.cpp:986.) | Memory Efficient attention has been runtime disabled. (Triggere
15b83a5,Tesla T4,580.82.07,12.8.93,2.11.0+cu128,2025.1.1.0,,flash_attn,0,fp16,1,8,128,128,1,,,,,,run=2026-09-03T09:13:41Z;backend_refused:not importable: No module named 'flash_attn'
15b83a5,Tesla T4,580.82.07,12.8.93,2.11.0+cu128,2025.1.1.0,585,tuned,5,fp16,1,8,128,128,1,0.0576,0.0573,0.0586,0.582,18.3,run=2026-09-03T09:13:41Z;flops=causal_half;clock_lock=585;iters=1000;max_err=9.737e-04 torch_same_dtype_err=1.610e-03 tol=3.221e-03 cap=1e-02
15b83a5,Tesla T4,580.82.07,12.8.93,2.11.0+cu128,2025.1.1.0,585,sdpa_efficient,0,fp16,1,8,128,128,1,0.0307,0.0302,0.0310,1.092,34.3,run=2026-09-03T09:13:41Z;flops=causal_half;clock_lock=585;iters=1000;max_err=9.737e-04 torch_same_dtype_err=1.610e-03 tol=3.221e-03 cap=1e-02
15b83a5,Tesla T4,580.82.07,12.8.93,2.11.0+cu128,2025.1.1.0,585,sdpa_math_fp32,0,fp16,1,8,128,128,1,0.1723,0.1720,0.1736,0.389,24.3,oracle_not_speed_baseline;run=2026-09-03T09:13:41Z;flops=full;clock_lock=585;iters=1000;max_err=8.118e-07 torch_same_dtype_err=1.610e-03 tol=3.221e-03 cap=1e-02
15b83a5,Tesla T4,580.82.07,12.8.93,2.11.0+cu128,2025.1.1.0,585,torch_unfused,0,fp16,1,8,128,128,1,0.0766,0.0758,0.0776,0.876,27.4,run=2026-09-03T09:13:41Z;flops=full;clock_lock=585;iters=1000;max_err=1.610e-03 torch_same_dtype_err=1.610e-03 tol=3.221e-03 cap=1e-02
15b83a5,Tesla T4,580.82.07,12.8.93,2.11.0+cu128,2025.1.1.0,,sdpa_flash,0,fp16,8,32,128,128,0,,,,,,run=2026-09-03T09:13:41Z;backend_refused:Memory efficient kernel not used because: (Triggered internally at /pytorch/aten/src/ATen/native/transformers/cuda/sdp_utils.cpp:986.) | Memory Efficient attention has been runtime disabled. (Triggere
15b83a5,Tesla T4,580.82.07,12.8.93,2.11.0+cu128,2025.1.1.0,,sdpa_cudnn,0,fp16,8,32,128,128,0,,,,,,run=2026-09-03T09:13:41Z;backend_refused:Memory efficient kernel not used because: (Triggered internally at /pytorch/aten/src/ATen/native/transformers/cuda/sdp_utils.cpp:986.) | Memory Efficient attention has been runtime disabled. (Triggere
15b83a5,Tesla T4,580.82.07,12.8.93,2.11.0+cu128,2025.1.1.0,,flash_attn,0,fp16,8,32,128,128,0,,,,,,run=2026-09-03T09:13:41Z;backend_refused:not importable: No module named 'flash_attn'
15b83a5,Tesla T4,580.82.07,12.8.93,2.11.0+cu128,2025.1.1.0,585,tuned,5,fp16,8,32,128,128,0,1.0470,1.0429,1.0527,2.051,32.2,run=2026-09-03T09:13:41Z;clock_lock=585;iters=472;max_err=2.603e-04 torch_same_dtype_err=1.087e-03 tol=2.174e-03 cap=1e-02
15b83a5,Tesla T4,580.82.07,12.8.93,2.11.0+cu128,2025.1.1.0,585,sdpa_efficient,0,fp16,8,32,128,128,0,0.4096,0.4080,0.4111,5.243,82.2,run=2026-09-03T09:13:41Z;clock_lock=585;iters=1000;max_err=2.635e-04 torch_same_dtype_err=1.087e-03 tol=2.174e-03 cap=1e-02
15b83a5,Tesla T4,580.82.07,12.8.93,2.11.0+cu128,2025.1.1.0,585,sdpa_math_fp32,0,fp16,8,32,128,128,0,1.7006,1.6981,1.7035,1.263,78.9,oracle_not_speed_baseline;run=2026-09-03T09:13:41Z;clock_lock=585;iters=290;max_err=8.904e-07 torch_same_dtype_err=1.087e-03 tol=2.174e-03 cap=1e-02
15b83a5,Tesla T4,580.82.07,12.8.93,2.11.0+cu128,2025.1.1.0,585,torch_unfused,0,fp16,8,32,128,128,0,0.4701,0.4669,0.4731,4.568,142.8,run=2026-09-03T09:13:41Z;clock_lock=585;iters=1000;max_err=1.087e-03 torch_same_dtype_err=1.087e-03 tol=2.174e-03 cap=1e-02
15b83a5,Tesla T4,580.82.07,12.8.93,2.11.0+cu128,2025.1.1.0,,sdpa_flash,0,fp16,8,32,128,128,1,,,,,,run=2026-09-03T09:13:41Z;backend_refused:Memory efficient kernel not used because: (Triggered internally at /pytorch/aten/src/ATen/native/transformers/cuda/sdp_utils.cpp:986.) | Memory Efficient attention has been runtime disabled. (Triggere
15b83a5,Tesla T4,580.82.07,12.8.93,2.11.0+cu128,2025.1.1.0,,sdpa_cudnn,0,fp16,8,32,128,128,1,,,,,,run=2026-09-03T09:13:41Z;backend_refused:Memory efficient kernel not used because: (Triggered internally at /pytorch/aten/src/ATen/native/transformers/cuda/sdp_utils.cpp:986.) | Memory Efficient attention has been runtime disabled. (Triggere
15b83a5,Tesla T4,580.82.07,12.8.93,2.11.0+cu128,2025.1.1.0,,flash_attn,0,fp16,8,32,128,128,1,,,,,,run=2026-09-03T09:13:41Z;backend_refused:not importable: No module named 'flash_attn'
15b83a5,Tesla T4,580.82.07,12.8.93,2.11.0+cu128,2025.1.1.0,585,tuned,5,fp16,8,32,128,128,1,0.6861,0.6800,0.6911,1.565,49.1,run=2026-09-03T09:13:41Z;flops=causal_half;clock_lock=585;iters=703;max_err=9.796e-04 torch_same_dtype_err=1.244e-03 tol=2.489e-03 cap=1e-02
15b83a5,Tesla T4,580.82.07,12.8.93,2.11.0+cu128,2025.1.1.0,585,sdpa_efficient,0,fp16,8,32,128,128,1,0.3386,0.3367,0.3409,3.171,99.5,run=2026-09-03T09:13:41Z;flops=causal_half;clock_lock=585;iters=1000;max_err=9.796e-04 torch_same_dtype_err=1.244e-03 tol=2.489e-03 cap=1e-02
15b83a5,Tesla T4,580.82.07,12.8.93,2.11.0+cu128,2025.1.1.0,585,sdpa_math_fp32,0,fp16,8,32,128,128,1,1.8729,1.8701,1.8752,1.147,71.7,oracle_not_speed_baseline;run=2026-09-03T09:13:41Z;flops=full;clock_lock=585;iters=264;max_err=8.999e-07 torch_same_dtype_err=1.244e-03 tol=2.489e-03 cap=1e-02
15b83a5,Tesla T4,580.82.07,12.8.93,2.11.0+cu128,2025.1.1.0,585,torch_unfused,0,fp16,8,32,128,128,1,0.7130,0.7101,0.7168,3.012,94.1,run=2026-09-03T09:13:41Z;flops=full;clock_lock=585;iters=686;max_err=1.244e-03 torch_same_dtype_err=1.244e-03 tol=2.489e-03 cap=1e-02
15b83a5,Tesla T4,580.82.07,12.8.93,2.11.0+cu128,2025.1.1.0,,sdpa_flash,0,fp16,1,8,256,64,0,,,,,,run=2026-09-03T09:13:41Z;backend_refused:Memory efficient kernel not used because: (Triggered internally at /pytorch/aten/src/ATen/native/transformers/cuda/sdp_utils.cpp:986.) | Memory Efficient attention has been runtime disabled. (Triggere
15b83a5,Tesla T4,580.82.07,12.8.93,2.11.0+cu128,2025.1.1.0,,sdpa_cudnn,0,fp16,1,8,256,64,0,,,,,,run=2026-09-03T09:13:41Z;backend_refused:Memory efficient kernel not used because: (Triggered internally at /pytorch/aten/src/ATen/native/transformers/cuda/sdp_utils.cpp:986.) | Memory Efficient attention has been runtime disabled. (Triggere
15b83a5,Tesla T4,580.82.07,12.8.93,2.11.0+cu128,2025.1.1.0,,flash_attn,0,fp16,1,8,256,64,0,,,,,,run=2026-09-03T09:13:41Z;backend_refused:not importable: No module named 'flash_attn'
15b83a5,Tesla T4,580.82.07,12.8.93,2.11.0+cu128,2025.1.1.0,585,tuned,5,fp16,1,8,256,64,0,0.0517,0.0512,0.0528,2.594,20.4,run=2026-09-03T09:13:41Z;clock_lock=585;iters=1000;max_err=2.347e-04 torch_same_dtype_err=7.485e-04 tol=1.498e-03 cap=1e-02
15b83a5,Tesla T4,580.82.07,12.8.93,2.11.0+cu128,2025.1.1.0,585,sdpa_efficient,0,fp16,1,8,256,64,0,0.0579,0.0573,0.0589,2.319,18.3,run=2026-09-03T09:13:41Z;clock_lock=585;iters=1000;max_err=2.347e-04 torch_same_dtype_err=7.485e-04 tol=1.498e-03 cap=1e-02
15b83a5,Tesla T4,580.82.07,12.8.93,2.11.0+cu128,2025.1.1.0,585,sdpa_math_fp32,0,fp16,1,8,256,64,0,0.2145,0.2132,0.2150,0.626,48.9,oracle_not_speed_baseline;run=2026-09-03T09:13:41Z;clock_lock=585;iters=1000;max_err=5.865e-07 torch_same_dtype_err=7.485e-04 tol=1.498e-03 cap=1e-02
15b83a5,Tesla T4,580.82.07,12.8.93,2.11.0+cu128,2025.1.1.0,585,torch_unfused,0,fp16,1,8,256,64,0,0.0778,0.0767,0.0780,1.725,67.4,run=2026-09-03T09:13:41Z;clock_lock=585;iters=1000;max_err=7.485e-04 torch_same_dtype_err=7.485e-04 tol=1.498e-03 cap=1e-02
15b83a5,Tesla T4,580.82.07,12.8.93,2.11.0+cu128,2025.1.1.0,,sdpa_flash,0,fp16,1,8,256,64,1,,,,,,run=2026-09-03T09:13:41Z;backend_refused:Memory efficient kernel not used because: (Triggered internally at /pytorch/aten/src/ATen/native/transformers/cuda/sdp_utils.cpp:986.) | Memory Efficient attention has been runtime disabled. (Triggere
15b83a5,Tesla T4,580.82.07,12.8.93,2.11.0+cu128,2025.1.1.0,,sdpa_cudnn,0,fp16,1,8,256,64,1,,,,,,run=2026-09-03T09:13:41Z;backend_refused:Memory efficient kernel not used because: (Triggered internally at /pytorch/aten/src/ATen/native/transformers/cuda/sdp_utils.cpp:986.) | Memory Efficient attention has been runtime disabled. (Triggere
15b83a5,Tesla T4,580.82.07,12.8.93,2.11.0+cu128,2025.1.1.0,,flash_attn,0,fp16,1,8,256,64,1,,,,,,run=2026-09-03T09:13:41Z;backend_refused:not importable: No module named 'flash_attn'
15b83a5,Tesla T4,580.82.07,12.8.93,2.11.0+cu128,2025.1.1.0,585,tuned,5,fp16,1,8,256,64,1,0.0514,0.0512,0.0526,1.305,20.6,run=2026-09-03T09:13:41Z;flops=causal_half;clock_lock=585;iters=1000;max_err=9.831e-04 torch_same_dtype_err=1.238e-03 tol=2.476e-03 cap=1e-02
15b83a5,Tesla T4,580.82.07,12.8.93,2.11.0+cu128,2025.1.1.0,585,sdpa_efficient,0,fp16,1,8,256,64,1,0.0591,0.0581,0.0594,1.135,17.9,run=2026-09-03T09:13:41Z;flops=causal_half;clock_lock=585;iters=1000;max_err=9.831e-04 torch_same_dtype_err=1.238e-03 tol=2.476e-03 cap=1e-02
15b83a5,Tesla T4,580.82.07,12.8.93,2.11.0+cu128,2025.1.1.0,585,sdpa_math_fp32,0,fp16,1,8,256,64,1,0.2599,0.2583,0.2607,0.516,40.3,oracle_not_speed_baseline;run=2026-09-03T09:13:41Z;flops=full;clock_lock=585;iters=1000;max_err=4.631e-07 torch_same_dtype_err=1.238e-03 tol=2.476e-03 cap=1e-02
15b83a5,Tesla T4,580.82.07,12.8.93,2.11.0+cu128,2025.1.1.0,585,torch_unfused,0,fp16,1,8,256,64,1,0.1080,0.1068,0.1085,1.243,48.6,run=2026-09-03T09:13:41Z;flops=full;clock_lock=585;iters=1000;max_err=1.238e-03 torch_same_dtype_err=1.238e-03 tol=2.476e-03 cap=1e-02
15b83a5,Tesla T4,580.82.07,12.8.93,2.11.0+cu128,2025.1.1.0,,sdpa_flash,0,fp16,8,32,256,64,0,,,,,,run=2026-09-03T09:13:41Z;backend_refused:Memory efficient kernel not used because: (Triggered internally at /pytorch/aten/src/ATen/native/transformers/cuda/sdp_utils.cpp:986.) | Memory Efficient attention has been runtime disabled. (Triggere
15b83a5,Tesla T4,580.82.07,12.8.93,2.11.0+cu128,2025.1.1.0,,sdpa_cudnn,0,fp16,8,32,256,64,0,,,,,,run=2026-09-03T09:13:41Z;backend_refused:Memory efficient kernel not used because: (Triggered internally at /pytorch/aten/src/ATen/native/transformers/cuda/sdp_utils.cpp:986.) | Memory Efficient attention has been runtime disabled. (Triggere
15b83a5,Tesla T4,580.82.07,12.8.93,2.11.0+cu128,2025.1.1.0,,flash_attn,0,fp16,8,32,256,64,0,,,,,,run=2026-09-03T09:13:41Z;backend_refused:not importable: No module named 'flash_attn'
15b83a5,Tesla T4,580.82.07,12.8.93,2.11.0+cu128,2025.1.1.0,585,tuned,5,fp16,8,32,256,64,0,1.1232,1.1087,1.1305,3.824,30.1,run=2026-09-03T09:13:41Z;clock_lock=585;iters=444;max_err=2.471e-04 torch_same_dtype_err=6.226e-04 tol=1.246e-03 cap=1e-02
15b83a5,Tesla T4,580.82.07,12.8.93,2.11.0+cu128,2025.1.1.0,585,sdpa_efficient,0,fp16,8,32,256,64,0,0.6753,0.6725,0.6779,6.360,50.1,run=2026-09-03T09:13:41Z;clock_lock=585;iters=717;max_err=2.471e-04 torch_same_dtype_err=6.226e-04 tol=1.246e-03 cap=1e-02
15b83a5,Tesla T4,580.82.07,12.8.93,2.11.0+cu128,2025.1.1.0,585,sdpa_math_fp32,0,fp16,8,32,256,64,0,3.9752,3.9710,3.9792,1.080,84.4,oracle_not_speed_baseline;run=2026-09-03T09:13:41Z;clock_lock=585;iters=125;max_err=7.083e-07 torch_same_dtype_err=6.226e-04 tol=1.246e-03 cap=1e-02
15b83a5,Tesla T4,580.82.07,12.8.93,2.11.0+cu128,2025.1.1.0,585,torch_unfused,0,fp16,8,32,256,64,0,1.2910,1.2892,1.2934,3.327,130.0,run=2026-09-03T09:13:41Z;clock_lock=585;iters=381;max_err=6.226e-04 torch_same_dtype_err=6.226e-04 tol=1.246e-03 cap=1e-02
15b83a5,Tesla T4,580.82.07,12.8.93,2.11.0+cu128,2025.1.1.0,,sdpa_flash,0,fp16,8,32,256,64,1,,,,,,run=2026-09-03T09:13:41Z;backend_refused:Memory efficient kernel not used because: (Triggered internally at /pytorch/aten/src/ATen/native/transformers/cuda/sdp_utils.cpp:986.) | Memory Efficient attention has been runtime disabled. (Triggere
15b83a5,Tesla T4,580.82.07,12.8.93,2.11.0+cu128,2025.1.1.0,,sdpa_cudnn,0,fp16,8,32,256,64,1,,,,,,run=2026-09-03T09:13:41Z;backend_refused:Memory efficient kernel not used because: (Triggered internally at /pytorch/aten/src/ATen/native/transformers/cuda/sdp_utils.cpp:986.) | Memory Efficient attention has been runtime disabled. (Triggere
15b83a5,Tesla T4,580.82.07,12.8.93,2.11.0+cu128,2025.1.1.0,,flash_attn,0,fp16,8,32,256,64,1,,,,,,run=2026-09-03T09:13:41Z;backend_refused:not importable: No module named 'flash_attn'
15b83a5,Tesla T4,580.82.07,12.8.93,2.11.0+cu128,2025.1.1.0,585,tuned,5,fp16,8,32,256,64,1,0.7337,0.7311,0.7380,2.927,46.1,run=2026-09-03T09:13:41Z;flops=causal_half;clock_lock=585;iters=670;max_err=9.275e-04 torch_same_dtype_err=1.340e-03 tol=2.681e-03 cap=1e-02
15b83a5,Tesla T4,580.82.07,12.8.93,2.11.0+cu128,2025.1.1.0,585,sdpa_efficient,0,fp16,8,32,256,64,1,0.4696,0.4658,0.4745,4.573,72.0,run=2026-09-03T09:13:41Z;flops=causal_half;clock_lock=585;iters=1000;max_err=9.275e-04 torch_same_dtype_err=1.340e-03 tol=2.681e-03 cap=1e-02
15b83a5,Tesla T4,580.82.07,12.8.93,2.11.0+cu128,2025.1.1.0,585,sdpa_math_fp32,0,fp16,8,32,256,64,1,4.5773,4.5732,4.5821,0.938,73.3,oracle_not_speed_baseline;run=2026-09-03T09:13:41Z;flops=full;clock_lock=585;iters=108;max_err=7.588e-07 torch_same_dtype_err=1.340e-03 tol=2.681e-03 cap=1e-02
15b83a5,Tesla T4,580.82.07,12.8.93,2.11.0+cu128,2025.1.1.0,585,torch_unfused,0,fp16,8,32,256,64,1,2.1932,2.1910,2.1955,1.958,76.5,run=2026-09-03T09:13:41Z;flops=full;clock_lock=585;iters=225;max_err=1.340e-03 torch_same_dtype_err=1.340e-03 tol=2.681e-03 cap=1e-02
15b83a5,Tesla T4,580.82.07,12.8.93,2.11.0+cu128,2025.1.1.0,,sdpa_flash,0,fp16,1,8,256,128,0,,,,,,run=2026-09-03T09:13:41Z;backend_refused:Memory efficient kernel not used because: (Triggered internally at /pytorch/aten/src/ATen/native/transformers/cuda/sdp_utils.cpp:986.) | Memory Efficient attention has been runtime disabled. (Triggere
15b83a5,Tesla T4,580.82.07,12.8.93,2.11.0+cu128,2025.1.1.0,,sdpa_cudnn,0,fp16,1,8,256,128,0,,,,,,run=2026-09-03T09:13:41Z;backend_refused:Memory efficient kernel not used because: (Triggered internally at /pytorch/aten/src/ATen/native/transformers/cuda/sdp_utils.cpp:986.) | Memory Efficient attention has been runtime disabled. (Triggere
15b83a5,Tesla T4,580.82.07,12.8.93,2.11.0+cu128,2025.1.1.0,,flash_attn,0,fp16,1,8,256,128,0,,,,,,run=2026-09-03T09:13:41Z;backend_refused:not importable: No module named 'flash_attn'
15b83a5,Tesla T4,580.82.07,12.8.93,2.11.0+cu128,2025.1.1.0,585,tuned,5,fp16,1,8,256,128,0,0.1577,0.1561,0.1598,1.702,13.3,run=2026-09-03T09:13:41Z;clock_lock=585;iters=1000;max_err=1.780e-04 torch_same_dtype_err=5.492e-04 tol=1.099e-03 cap=1e-02
15b83a5,Tesla T4,580.82.07,12.8.93,2.11.0+cu128,2025.1.1.0,585,sdpa_efficient,0,fp16,1,8,256,128,0,0.0644,0.0636,0.0653,4.167,32.7,run=2026-09-03T09:13:41Z;clock_lock=585;iters=1000;max_err=1.780e-04 torch_same_dtype_err=5.492e-04 tol=1.099e-03 cap=1e-02
15b83a5,Tesla T4,580.82.07,12.8.93,2.11.0+cu128,2025.1.1.0,585,sdpa_math_fp32,0,fp16,1,8,256,128,0,0.3092,0.3080,0.3106,0.868,40.7,oracle_not_speed_baseline;run=2026-09-03T09:13:41Z;clock_lock=585;iters=1000;max_err=4.773e-07 torch_same_dtype_err=5.492e-04 tol=1.099e-03 cap=1e-02
15b83a5,Tesla T4,580.82.07,12.8.93,2.11.0+cu128,2025.1.1.0,585,torch_unfused,0,fp16,1,8,256,128,0,0.0839,0.0828,0.0842,3.198,75.0,run=2026-09-03T09:13:41Z;clock_lock=585;iters=1000;max_err=5.492e-04 torch_same_dtype_err=5.492e-04 tol=1.099e-03 cap=1e-02
15b83a5,Tesla T4,580.82.07,12.8.93,2.11.0+cu128,2025.1.1.0,,sdpa_flash,0,fp16,1,8,256,128,1,,,,,,run=2026-09-03T09:13:41Z;backend_refused:Memory efficient kernel not used because: (Triggered internally at /pytorch/aten/src/ATen/native/transformers/cuda/sdp_utils.cpp:986.) | Memory Efficient attention has been runtime disabled. (Triggere
15b83a5,Tesla T4,580.82.07,12.8.93,2.11.0+cu128,2025.1.1.0,,sdpa_cudnn,0,fp16,1,8,256,128,1,,,,,,run=2026-09-03T09:13:41Z;backend_refused:Memory efficient kernel not used because: (Triggered internally at /pytorch/aten/src/ATen/native/transformers/cuda/sdp_utils.cpp:986.) | Memory Efficient attention has been runtime disabled. (Triggere
15b83a5,Tesla T4,580.82.07,12.8.93,2.11.0+cu128,2025.1.1.0,,flash_attn,0,fp16,1,8,256,128,1,,,,,,run=2026-09-03T09:13:41Z;backend_refused:not importable: No module named 'flash_attn'
15b83a5,Tesla T4,580.82.07,12.8.93,2.11.0+cu128,2025.1.1.0,585,tuned,5,fp16,1,8,256,128,1,0.1476,0.1451,0.1496,0.910,14.3,run=2026-09-03T09:13:41Z;flops=causal_half;clock_lock=585;iters=1000;max_err=8.906e-04 torch_same_dtype_err=1.403e-03 tol=2.806e-03 cap=1e-02
15b83a5,Tesla T4,580.82.07,12.8.93,2.11.0+cu128,2025.1.1.0,585,sdpa_efficient,0,fp16,1,8,256,128,1,0.0591,0.0580,0.0594,2.270,35.6,run=2026-09-03T09:13:41Z;flops=causal_half;clock_lock=585;iters=1000;max_err=8.906e-04 torch_same_dtype_err=1.403e-03 tol=2.806e-03 cap=1e-02
15b83a5,Tesla T4,580.82.07,12.8.93,2.11.0+cu128,2025.1.1.0,585,sdpa_math_fp32,0,fp16,1,8,256,128,1,0.3548,0.3540,0.3564,0.756,35.5,oracle_not_speed_baseline;run=2026-09-03T09:13:41Z;flops=full;clock_lock=585;iters=1000;max_err=1.347e-06 torch_same_dtype_err=1.403e-03 tol=2.806e-03 cap=1e-02
15b83a5,Tesla T4,580.82.07,12.8.93,2.11.0+cu128,2025.1.1.0,585,torch_unfused,0,fp16,1,8,256,128,1,0.1144,0.1132,0.1148,2.347,55.0,run=2026-09-03T09:13:41Z;flops=full;clock_lock=585;iters=1000;max_err=1.403e-03 torch_same_dtype_err=1.403e-03 tol=2.806e-03 cap=1e-02
15b83a5,Tesla T4,580.82.07,12.8.93,2.11.0+cu128,2025.1.1.0,,sdpa_flash,0,fp16,8,32,256,128,0,,,,,,run=2026-09-03T09:13:41Z;backend_refused:Memory efficient kernel not used because: (Triggered internally at /pytorch/aten/src/ATen/native/transformers/cuda/sdp_utils.cpp:986.) | Memory Efficient attention has been runtime disabled. (Triggere
15b83a5,Tesla T4,580.82.07,12.8.93,2.11.0+cu128,2025.1.1.0,,sdpa_cudnn,0,fp16,8,32,256,128,0,,,,,,run=2026-09-03T09:13:41Z;backend_refused:Memory efficient kernel not used because: (Triggered internally at /pytorch/aten/src/ATen/native/transformers/cuda/sdp_utils.cpp:986.) | Memory Efficient attention has been runtime disabled. (Triggere
15b83a5,Tesla T4,580.82.07,12.8.93,2.11.0+cu128,2025.1.1.0,,flash_attn,0,fp16,8,32,256,128,0,,,,,,run=2026-09-03T09:13:41Z;backend_refused:not importable: No module named 'flash_attn'
15b83a5,Tesla T4,580.82.07,12.8.93,2.11.0+cu128,2025.1.1.0,585,tuned,5,fp16,8,32,256,128,0,3.6515,3.6451,3.6576,2.352,18.5,run=2026-09-03T09:13:41Z;clock_lock=585;iters=136;max_err=2.420e-04 torch_same_dtype_err=1.056e-03 tol=2.112e-03 cap=1e-02
15b83a5,Tesla T4,580.82.07,12.8.93,2.11.0+cu128,2025.1.1.0,585,sdpa_efficient,0,fp16,8,32,256,128,0,1.4439,1.4372,1.4516,5.949,46.7,run=2026-09-03T09:13:41Z;clock_lock=585;iters=344;max_err=2.463e-04 torch_same_dtype_err=1.056e-03 tol=2.112e-03 cap=1e-02
15b83a5,Tesla T4,580.82.07,12.8.93,2.11.0+cu128,2025.1.1.0,585,sdpa_math_fp32,0,fp16,8,32,256,128,0,5.7304,5.7250,5.7372,1.499,70.3,oracle_not_speed_baseline;run=2026-09-03T09:13:41Z;clock_lock=585;iters=100;max_err=7.211e-07 torch_same_dtype_err=1.056e-03 tol=2.112e-03 cap=1e-02
15b83a5,Tesla T4,580.82.07,12.8.93,2.11.0+cu128,2025.1.1.0,585,torch_unfused,0,fp16,8,32,256,128,0,1.4439,1.4405,1.4476,5.949,139.4,run=2026-09-03T09:13:41Z;clock_lock=585;iters=341;max_err=1.056e-03 torch_same_dtype_err=1.056e-03 tol=2.112e-03 cap=1e-02
15b83a5,Tesla T4,580.82.07,12.8.93,2.11.0+cu128,2025.1.1.0,,sdpa_flash,0,fp16,8,32,256,128,1,,,,,,run=2026-09-03T09:13:41Z;backend_refused:Memory efficient kernel not used because: (Triggered internally at /pytorch/aten/src/ATen/native/transformers/cuda/sdp_utils.cpp:986.) | Memory Efficient attention has been runtime disabled. (Triggere
15b83a5,Tesla T4,580.82.07,12.8.93,2.11.0+cu128,2025.1.1.0,,sdpa_cudnn,0,fp16,8,32,256,128,1,,,,,,run=2026-09-03T09:13:41Z;backend_refused:Memory efficient kernel not used because: (Triggered internally at /pytorch/aten/src/ATen/native/transformers/cuda/sdp_utils.cpp:986.) | Memory Efficient attention has been runtime disabled. (Triggere
15b83a5,Tesla T4,580.82.07,12.8.93,2.11.0+cu128,2025.1.1.0,,flash_attn,0,fp16,8,32,256,128,1,,,,,,run=2026-09-03T09:13:41Z;backend_refused:not importable: No module named 'flash_attn'
15b83a5,Tesla T4,580.82.07,12.8.93,2.11.0+cu128,2025.1.1.0,585,tuned,5,fp16,8,32,256,128,1,2.2077,2.1938,2.2211,1.945,30.5,run=2026-09-03T09:13:41Z;flops=causal_half;clock_lock=585;iters=225;max_err=9.004e-04 torch_same_dtype_err=1.205e-03 tol=2.410e-03 cap=1e-02
15b83a5,Tesla T4,580.82.07,12.8.93,2.11.0+cu128,2025.1.1.0,585,sdpa_efficient,0,fp16,8,32,256,128,1,0.9562,0.9533,0.9593,4.492,70.5,run=2026-09-03T09:13:41Z;flops=causal_half;clock_lock=585;iters=505;max_err=9.004e-04 torch_same_dtype_err=1.205e-03 tol=2.410e-03 cap=1e-02
15b83a5,Tesla T4,580.82.07,12.8.93,2.11.0+cu128,2025.1.1.0,585,sdpa_math_fp32,0,fp16,8,32,256,128,1,6.3335,6.3263,6.3383,1.356,63.6,oracle_not_speed_baseline;run=2026-09-03T09:13:41Z;flops=full;clock_lock=585;iters=100;max_err=8.272e-07 torch_same_dtype_err=1.205e-03 tol=2.410e-03 cap=1e-02
15b83a5,Tesla T4,580.82.07,12.8.93,2.11.0+cu128,2025.1.1.0,585,torch_unfused,0,fp16,8,32,256,128,1,2.3450,2.3413,2.3483,3.663,85.9,run=2026-09-03T09:13:41Z;flops=full;clock_lock=585;iters=211;max_err=1.205e-03 torch_same_dtype_err=1.205e-03 tol=2.410e-03 cap=1e-02
15b83a5,Tesla T4,580.82.07,12.8.93,2.11.0+cu128,2025.1.1.0,,sdpa_flash,0,fp16,1,8,512,64,0,,,,,,run=2026-09-03T09:13:41Z;backend_refused:Memory efficient kernel not used because: (Triggered internally at /pytorch/aten/src/ATen/native/transformers/cuda/sdp_utils.cpp:986.) | Memory Efficient attention has been runtime disabled. (Triggere
15b83a5,Tesla T4,580.82.07,12.8.93,2.11.0+cu128,2025.1.1.0,,sdpa_cudnn,0,fp16,1,8,512,64,0,,,,,,run=2026-09-03T09:13:41Z;backend_refused:Memory efficient kernel not used because: (Triggered internally at /pytorch/aten/src/ATen/native/transformers/cuda/sdp_utils.cpp:986.) | Memory Efficient attention has been runtime disabled. (Triggere
15b83a5,Tesla T4,580.82.07,12.8.93,2.11.0+cu128,2025.1.1.0,,flash_attn,0,fp16,1,8,512,64,0,,,,,,run=2026-09-03T09:13:41Z;backend_refused:not importable: No module named 'flash_attn'
15b83a5,Tesla T4,580.82.07,12.8.93,2.11.0+cu128,2025.1.1.0,585,tuned,5,fp16,1,8,512,64,0,0.1730,0.1720,0.1741,3.103,12.2,run=2026-09-03T09:13:41Z;clock_lock=585;iters=1000;max_err=1.311e-04 torch_same_dtype_err=5.971e-04 tol=1.195e-03 cap=1e-02
15b83a5,Tesla T4,580.82.07,12.8.93,2.11.0+cu128,2025.1.1.0,585,sdpa_efficient,0,fp16,1,8,512,64,0,0.1281,0.1271,0.1289,4.191,16.5,run=2026-09-03T09:13:41Z;clock_lock=585;iters=1000;max_err=1.311e-04 torch_same_dtype_err=5.971e-04 tol=1.195e-03 cap=1e-02
15b83a5,Tesla T4,580.82.07,12.8.93,2.11.0+cu128,2025.1.1.0,585,sdpa_math_fp32,0,fp16,1,8,512,64,0,0.6533,0.6517,0.6553,0.822,57.8,oracle_not_speed_baseline;run=2026-09-03T09:13:41Z;clock_lock=585;iters=729;max_err=5.419e-07 torch_same_dtype_err=5.971e-04 tol=1.195e-03 cap=1e-02
15b83a5,Tesla T4,580.82.07,12.8.93,2.11.0+cu128,2025.1.1.0,585,torch_unfused,0,fp16,1,8,512,64,0,0.1922,0.1908,0.1929,2.793,98.2,run=2026-09-03T09:13:41Z;clock_lock=585;iters=1000;max_err=5.971e-04 torch_same_dtype_err=5.971e-04 tol=1.195e-03 cap=1e-02
15b83a5,Tesla T4,580.82.07,12.8.93,2.11.0+cu128,2025.1.1.0,,sdpa_flash,0,fp16,1,8,512,64,1,,,,,,run=2026-09-03T09:13:41Z;backend_refused:Memory efficient kernel not used because: (Triggered internally at /pytorch/aten/src/ATen/native/transformers/cuda/sdp_utils.cpp:986.) | Memory Efficient attention has been runtime disabled. (Triggere
15b83a5,Tesla T4,580.82.07,12.8.93,2.11.0+cu128,2025.1.1.0,,sdpa_cudnn,0,fp16,1,8,512,64,1,,,,,,run=2026-09-03T09:13:41Z;backend_refused:Memory efficient kernel not used because: (Triggered internally at /pytorch/aten/src/ATen/native/transformers/cuda/sdp_utils.cpp:986.) | Memory Efficient attention has been runtime disabled. (Triggere
15b83a5,Tesla T4,580.82.07,12.8.93,2.11.0+cu128,2025.1.1.0,,flash_attn,0,fp16,1,8,512,64,1,,,,,,run=2026-09-03T09:13:41Z;backend_refused:not importable: No module named 'flash_attn'
15b83a5,Tesla T4,580.82.07,12.8.93,2.11.0+cu128,2025.1.1.0,585,tuned,5,fp16,1,8,512,64,1,0.1167,0.1156,0.1179,2.300,18.1,run=2026-09-03T09:13:41Z;flops=causal_half;clock_lock=585;iters=1000;max_err=8.069e-04 torch_same_dtype_err=1.529e-03 tol=3.059e-03 cap=1e-02
15b83a5,Tesla T4,580.82.07,12.8.93,2.11.0+cu128,2025.1.1.0,585,sdpa_efficient,0,fp16,1,8,512,64,1,0.1209,0.1205,0.1220,2.221,17.5,run=2026-09-03T09:13:41Z;flops=causal_half;clock_lock=585;iters=1000;max_err=8.069e-04 torch_same_dtype_err=1.529e-03 tol=3.059e-03 cap=1e-02
15b83a5,Tesla T4,580.82.07,12.8.93,2.11.0+cu128,2025.1.1.0,585,sdpa_math_fp32,0,fp16,1,8,512,64,1,0.7702,0.7689,0.7721,0.697,49.0,oracle_not_speed_baseline;run=2026-09-03T09:13:41Z;flops=full;clock_lock=585;iters=602;max_err=5.203e-07 torch_same_dtype_err=1.529e-03 tol=3.059e-03 cap=1e-02
15b83a5,Tesla T4,580.82.07,12.8.93,2.11.0+cu128,2025.1.1.0,585,torch_unfused,0,fp16,1,8,512,64,1,0.3072,0.3061,0.3088,1.748,61.4,run=2026-09-03T09:13:41Z;flops=full;clock_lock=585;iters=1000;max_err=1.529e-03 torch_same_dtype_err=1.529e-03 tol=3.059e-03 cap=1e-02
15b83a5,Tesla T4,580.82.07,12.8.93,2.11.0+cu128,2025.1.1.0,,sdpa_flash,0,fp16,8,32,512,64,0,,,,,,run=2026-09-03T09:13:41Z;backend_refused:Memory efficient kernel not used because: (Triggered internally at /pytorch/aten/src/ATen/native/transformers/cuda/sdp_utils.cpp:986.) | Memory Efficient attention has been runtime disabled. (Triggere
15b83a5,Tesla T4,580.82.07,12.8.93,2.11.0+cu128,2025.1.1.0,,sdpa_cudnn,0,fp16,8,32,512,64,0,,,,,,run=2026-09-03T09:13:41Z;backend_refused:Memory efficient kernel not used because: (Triggered internally at /pytorch/aten/src/ATen/native/transformers/cuda/sdp_utils.cpp:986.) | Memory Efficient attention has been runtime disabled. (Triggere
15b83a5,Tesla T4,580.82.07,12.8.93,2.11.0+cu128,2025.1.1.0,,flash_attn,0,fp16,8,32,512,64,0,,,,,,run=2026-09-03T09:13:41Z;backend_refused:not importable: No module named 'flash_attn'
15b83a5,Tesla T4,580.82.07,12.8.93,2.11.0+cu128,2025.1.1.0,585,tuned,5,fp16,8,32,512,64,0,4.1923,4.1843,4.1979,4.098,16.1,run=2026-09-03T09:13:41Z;clock_lock=585;iters=119;max_err=1.606e-04 torch_same_dtype_err=4.760e-04 tol=9.531e-04 cap=1e-02
15b83a5,Tesla T4,580.82.07,12.8.93,2.11.0+cu128,2025.1.1.0,585,sdpa_efficient,0,fp16,8,32,512,64,0,2.4842,2.4793,2.4902,6.916,27.2,run=2026-09-03T09:13:41Z;clock_lock=585;iters=198;max_err=1.606e-04 torch_same_dtype_err=4.760e-04 tol=9.531e-04 cap=1e-02
15b83a5,Tesla T4,580.82.07,12.8.93,2.11.0+cu128,2025.1.1.0,585,sdpa_math_fp32,0,fp16,8,32,512,64,0,14.5551,14.4792,14.5660,1.180,83.0,oracle_not_speed_baseline;run=2026-09-03T09:13:41Z;clock_lock=585;iters=100;max_err=5.389e-07 torch_same_dtype_err=4.760e-04 tol=9.531e-04 cap=1e-02
15b83a5,Tesla T4,580.82.07,12.8.93,2.11.0+cu128,2025.1.1.0,585,torch_unfused,0,fp16,8,32,512,64,0,4.6643,4.6615,4.6691,3.683,129.5,run=2026-09-03T09:13:41Z;clock_lock=585;iters=107;max_err=4.760e-04 torch_same_dtype_err=4.760e-04 tol=9.531e-04 cap=1e-02
15b83a5,Tesla T4,580.82.07,12.8.93,2.11.0+cu128,2025.1.1.0,,sdpa_flash,0,fp16,8,32,512,64,1,,,,,,run=2026-09-03T09:13:41Z;backend_refused:Memory efficient kernel not used because: (Triggered internally at /pytorch/aten/src/ATen/native/transformers/cuda/sdp_utils.cpp:986.) | Memory Efficient attention has been runtime disabled. (Triggere
15b83a5,Tesla T4,580.82.07,12.8.93,2.11.0+cu128,2025.1.1.0,,sdpa_cudnn,0,fp16,8,32,512,64,1,,,,,,run=2026-09-03T09:13:41Z;backend_refused:Memory efficient kernel not used because: (Triggered internally at /pytorch/aten/src/ATen/native/transformers/cuda/sdp_utils.cpp:986.) | Memory Efficient attention has been runtime disabled. (Triggere
15b83a5,Tesla T4,580.82.07,12.8.93,2.11.0+cu128,2025.1.1.0,,flash_attn,0,fp16,8,32,512,64,1,,,,,,run=2026-09-03T09:13:41Z;backend_refused:not importable: No module named 'flash_attn'
15b83a5,Tesla T4,580.82.07,12.8.93,2.11.0+cu128,2025.1.1.0,585,tuned,5,fp16,8,32,512,64,1,2.4195,2.4146,2.4269,3.550,28.0,run=2026-09-03T09:13:41Z;flops=causal_half;clock_lock=585;iters=206;max_err=7.997e-04 torch_same_dtype_err=1.104e-03 tol=2.209e-03 cap=1e-02
15b83a5,Tesla T4,580.82.07,12.8.93,2.11.0+cu128,2025.1.1.0,585,sdpa_efficient,0,fp16,8,32,512,64,1,1.4889,1.4812,1.4991,5.769,45.4,run=2026-09-03T09:13:41Z;flops=causal_half;clock_lock=585;iters=330;max_err=7.997e-04 torch_same_dtype_err=1.104e-03 tol=2.209e-03 cap=1e-02
15b83a5,Tesla T4,580.82.07,12.8.93,2.11.0+cu128,2025.1.1.0,585,sdpa_math_fp32,0,fp16,8,32,512,64,1,16.8887,16.8122,16.9009,1.017,71.5,oracle_not_speed_baseline;run=2026-09-03T09:13:41Z;flops=full;clock_lock=585;iters=100;max_err=5.584e-07 torch_same_dtype_err=1.104e-03 tol=2.209e-03 cap=1e-02
15b83a5,Tesla T4,580.82.07,12.8.93,2.11.0+cu128,2025.1.1.0,585,torch_unfused,0,fp16,8,32,512,64,1,8.1937,8.1901,8.1974,2.097,73.7,run=2026-09-03T09:13:41Z;flops=full;clock_lock=585;iters=100;max_err=1.104e-03 torch_same_dtype_err=1.104e-03 tol=2.209e-03 cap=1e-02
15b83a5,Tesla T4,580.82.07,12.8.93,2.11.0+cu128,2025.1.1.0,,sdpa_flash,0,fp16,1,8,512,128,0,,,,,,run=2026-09-03T09:13:41Z;backend_refused:Memory efficient kernel not used because: (Triggered internally at /pytorch/aten/src/ATen/native/transformers/cuda/sdp_utils.cpp:986.) | Memory Efficient attention has been runtime disabled. (Triggere
15b83a5,Tesla T4,580.82.07,12.8.93,2.11.0+cu128,2025.1.1.0,,sdpa_cudnn,0,fp16,1,8,512,128,0,,,,,,run=2026-09-03T09:13:41Z;backend_refused:Memory efficient kernel not used because: (Triggered internally at /pytorch/aten/src/ATen/native/transformers/cuda/sdp_utils.cpp:986.) | Memory Efficient attention has been runtime disabled. (Triggere
15b83a5,Tesla T4,580.82.07,12.8.93,2.11.0+cu128,2025.1.1.0,,flash_attn,0,fp16,1,8,512,128,0,,,,,,run=2026-09-03T09:13:41Z;backend_refused:not importable: No module named 'flash_attn'
15b83a5,Tesla T4,580.82.07,12.8.93,2.11.0+cu128,2025.1.1.0,585,tuned,5,fp16,1,8,512,128,0,0.4937,0.4895,0.4997,2.175,8.5,run=2026-09-03T09:13:41Z;clock_lock=585;iters=990;max_err=1.932e-04 torch_same_dtype_err=6.272e-04 tol=1.255e-03 cap=1e-02
15b83a5,Tesla T4,580.82.07,12.8.93,2.11.0+cu128,2025.1.1.0,585,sdpa_efficient,0,fp16,1,8,512,128,0,0.2195,0.2068,0.2212,4.893,19.2,run=2026-09-03T09:13:41Z;clock_lock=585;iters=1000;max_err=1.932e-04 torch_same_dtype_err=6.272e-04 tol=1.255e-03 cap=1e-02
15b83a5,Tesla T4,580.82.07,12.8.93,2.11.0+cu128,2025.1.1.0,585,sdpa_math_fp32,0,fp16,1,8,512,128,0,0.7918,0.7900,0.7940,1.356,53.0,oracle_not_speed_baseline;run=2026-09-03T09:13:41Z;clock_lock=585;iters=614;max_err=6.530e-07 torch_same_dtype_err=6.272e-04 tol=1.255e-03 cap=1e-02
15b83a5,Tesla T4,580.82.07,12.8.93,2.11.0+cu128,2025.1.1.0,585,torch_unfused,0,fp16,1,8,512,128,0,0.2157,0.2134,0.2191,4.978,97.2,run=2026-09-03T09:13:41Z;clock_lock=585;iters=1000;max_err=6.272e-04 torch_same_dtype_err=6.272e-04 tol=1.255e-03 cap=1e-02
15b83a5,Tesla T4,580.82.07,12.8.93,2.11.0+cu128,2025.1.1.0,,sdpa_flash,0,fp16,1,8,512,128,1,,,,,,run=2026-09-03T09:13:41Z;backend_refused:Memory efficient kernel not used because: (Triggered internally at /pytorch/aten/src/ATen/native/transformers/cuda/sdp_utils.cpp:986.) | Memory Efficient attention has been runtime disabled. (Triggere
15b83a5,Tesla T4,580.82.07,12.8.93,2.11.0+cu128,2025.1.1.0,,sdpa_cudnn,0,fp16,1,8,512,128,1,,,,,,run=2026-09-03T09:13:41Z;backend_refused:Memory efficient kernel not used because: (Triggered internally at /pytorch/aten/src/ATen/native/transformers/cuda/sdp_utils.cpp:986.) | Memory Efficient attention has been runtime disabled. (Triggere
15b83a5,Tesla T4,580.82.07,12.8.93,2.11.0+cu128,2025.1.1.0,,flash_attn,0,fp16,1,8,512,128,1,,,,,,run=2026-09-03T09:13:41Z;backend_refused:not importable: No module named 'flash_attn'
15b83a5,Tesla T4,580.82.07,12.8.93,2.11.0+cu128,2025.1.1.0,585,tuned,5,fp16,1,8,512,128,1,0.3343,0.3252,0.3477,1.606,12.6,run=2026-09-03T09:13:41Z;flops=causal_half;clock_lock=585;iters=1000;max_err=7.976e-04 torch_same_dtype_err=1.713e-03 tol=3.427e-03 cap=1e-02
15b83a5,Tesla T4,580.82.07,12.8.93,2.11.0+cu128,2025.1.1.0,585,sdpa_efficient,0,fp16,1,8,512,128,1,0.1496,0.1460,0.1521,3.589,28.2,run=2026-09-03T09:13:41Z;flops=causal_half;clock_lock=585;iters=1000;max_err=7.976e-04 torch_same_dtype_err=1.713e-03 tol=3.427e-03 cap=1e-02
15b83a5,Tesla T4,580.82.07,12.8.93,2.11.0+cu128,2025.1.1.0,585,sdpa_math_fp32,0,fp16,1,8,512,128,1,0.9093,0.9072,0.9114,1.181,46.1,oracle_not_speed_baseline;run=2026-09-03T09:13:41Z;flops=full;clock_lock=585;iters=528;max_err=1.064e-06 torch_same_dtype_err=1.713e-03 tol=3.427e-03 cap=1e-02
15b83a5,Tesla T4,580.82.07,12.8.93,2.11.0+cu128,2025.1.1.0,585,torch_unfused,0,fp16,1,8,512,128,1,0.3337,0.3317,0.3372,3.218,62.9,run=2026-09-03T09:13:41Z;flops=full;clock_lock=585;iters=1000;max_err=1.713e-03 torch_same_dtype_err=1.713e-03 tol=3.427e-03 cap=1e-02
15b83a5,Tesla T4,580.82.07,12.8.93,2.11.0+cu128,2025.1.1.0,,sdpa_flash,0,fp16,8,32,512,128,0,,,,,,run=2026-09-03T09:13:41Z;backend_refused:Memory efficient kernel not used because: (Triggered internally at /pytorch/aten/src/ATen/native/transformers/cuda/sdp_utils.cpp:986.) | Memory Efficient attention has been runtime disabled. (Triggere
15b83a5,Tesla T4,580.82.07,12.8.93,2.11.0+cu128,2025.1.1.0,,sdpa_cudnn,0,fp16,8,32,512,128,0,,,,,,run=2026-09-03T09:13:41Z;backend_refused:Memory efficient kernel not used because: (Triggered internally at /pytorch/aten/src/ATen/native/transformers/cuda/sdp_utils.cpp:986.) | Memory Efficient attention has been runtime disabled. (Triggere
15b83a5,Tesla T4,580.82.07,12.8.93,2.11.0+cu128,2025.1.1.0,,flash_attn,0,fp16,8,32,512,128,0,,,,,,run=2026-09-03T09:13:41Z;backend_refused:not importable: No module named 'flash_attn'
15b83a5,Tesla T4,580.82.07,12.8.93,2.11.0+cu128,2025.1.1.0,585,tuned,5,fp16,8,32,512,128,0,12.2846,12.2694,12.3086,2.797,11.0,run=2026-09-03T09:13:41Z;clock_lock=585;iters=100;max_err=1.400e-04 torch_same_dtype_err=8.661e-04 tol=1.733e-03 cap=1e-02
15b83a5,Tesla T4,580.82.07,12.8.93,2.11.0+cu128,2025.1.1.0,585,sdpa_efficient,0,fp16,8,32,512,128,0,5.1797,5.1611,5.2033,6.634,26.0,run=2026-09-03T09:13:41Z;clock_lock=585;iters=100;max_err=1.390e-04 torch_same_dtype_err=8.661e-04 tol=1.733e-03 cap=1e-02
15b83a5,Tesla T4,580.82.07,12.8.93,2.11.0+cu128,2025.1.1.0,585,sdpa_math_fp32,0,fp16,8,32,512,128,0,20.9789,20.9678,20.9900,1.638,64.0,oracle_not_speed_baseline;run=2026-09-03T09:13:41Z;clock_lock=585;iters=100;max_err=5.708e-07 torch_same_dtype_err=8.661e-04 tol=1.733e-03 cap=1e-02
15b83a5,Tesla T4,580.82.07,12.8.93,2.11.0+cu128,2025.1.1.0,585,torch_unfused,0,fp16,8,32,512,128,0,5.1715,5.1660,5.1774,6.644,129.8,run=2026-09-03T09:13:41Z;clock_lock=585;iters=100;max_err=8.661e-04 torch_same_dtype_err=8.661e-04 tol=1.733e-03 cap=1e-02
15b83a5,Tesla T4,580.82.07,12.8.93,2.11.0+cu128,2025.1.1.0,,sdpa_flash,0,fp16,8,32,512,128,1,,,,,,run=2026-09-03T09:13:41Z;backend_refused:Memory efficient kernel not used because: (Triggered internally at /pytorch/aten/src/ATen/native/transformers/cuda/sdp_utils.cpp:986.) | Memory Efficient attention has been runtime disabled. (Triggere
15b83a5,Tesla T4,580.82.07,12.8.93,2.11.0+cu128,2025.1.1.0,,sdpa_cudnn,0,fp16,8,32,512,128,1,,,,,,run=2026-09-03T09:13:41Z;backend_refused:Memory efficient kernel not used because: (Triggered internally at /pytorch/aten/src/ATen/native/transformers/cuda/sdp_utils.cpp:986.) | Memory Efficient attention has been runtime disabled. (Triggere
15b83a5,Tesla T4,580.82.07,12.8.93,2.11.0+cu128,2025.1.1.0,,flash_attn,0,fp16,8,32,512,128,1,,,,,,run=2026-09-03T09:13:41Z;backend_refused:not importable: No module named 'flash_attn'
15b83a5,Tesla T4,580.82.07,12.8.93,2.11.0+cu128,2025.1.1.0,585,tuned,5,fp16,8,32,512,128,1,7.2735,7.2589,7.2950,2.362,18.5,run=2026-09-03T09:13:41Z;flops=causal_half;clock_lock=585;iters=100;max_err=9.710e-04 torch_same_dtype_err=1.211e-03 tol=2.424e-03 cap=1e-02
15b83a5,Tesla T4,580.82.07,12.8.93,2.11.0+cu128,2025.1.1.0,585,sdpa_efficient,0,fp16,8,32,512,128,1,3.1016,3.0965,3.1064,5.539,43.4,run=2026-09-03T09:13:41Z;flops=causal_half;clock_lock=585;iters=160;max_err=9.710e-04 torch_same_dtype_err=1.211e-03 tol=2.424e-03 cap=1e-02
15b83a5,Tesla T4,580.82.07,12.8.93,2.11.0+cu128,2025.1.1.0,585,sdpa_math_fp32,0,fp16,8,32,512,128,1,23.3144,23.3035,23.3268,1.474,57.6,oracle_not_speed_baseline;run=2026-09-03T09:13:41Z;flops=full;clock_lock=585;iters=100;max_err=9.885e-07 torch_same_dtype_err=1.211e-03 tol=2.424e-03 cap=1e-02
15b83a5,Tesla T4,580.82.07,12.8.93,2.11.0+cu128,2025.1.1.0,585,torch_unfused,0,fp16,8,32,512,128,1,8.7020,8.6940,8.7087,3.949,77.1,run=2026-09-03T09:13:41Z;flops=full;clock_lock=585;iters=100;max_err=1.211e-03 torch_same_dtype_err=1.211e-03 tol=2.424e-03 cap=1e-02
15b83a5,Tesla T4,580.82.07,12.8.93,2.11.0+cu128,2025.1.1.0,,sdpa_flash,0,fp16,1,8,1024,64,0,,,,,,run=2026-09-03T09:13:41Z;backend_refused:Memory efficient kernel not used because: (Triggered internally at /pytorch/aten/src/ATen/native/transformers/cuda/sdp_utils.cpp:986.) | Memory Efficient attention has been runtime disabled. (Triggere
15b83a5,Tesla T4,580.82.07,12.8.93,2.11.0+cu128,2025.1.1.0,,sdpa_cudnn,0,fp16,1,8,1024,64,0,,,,,,run=2026-09-03T09:13:41Z;backend_refused:Memory efficient kernel not used because: (Triggered internally at /pytorch/aten/src/ATen/native/transformers/cuda/sdp_utils.cpp:986.) | Memory Efficient attention has been runtime disabled. (Triggere
15b83a5,Tesla T4,580.82.07,12.8.93,2.11.0+cu128,2025.1.1.0,,flash_attn,0,fp16,1,8,1024,64,0,,,,,,run=2026-09-03T09:13:41Z;backend_refused:not importable: No module named 'flash_attn'
15b83a5,Tesla T4,580.82.07,12.8.93,2.11.0+cu128,2025.1.1.0,585,tuned,5,fp16,1,8,1024,64,0,0.6087,0.6057,0.6161,3.528,6.9,run=2026-09-03T09:13:41Z;clock_lock=585;iters=807;max_err=1.142e-04 torch_same_dtype_err=4.442e-04 tol=8.894e-04 cap=1e-02
15b83a5,Tesla T4,580.82.07,12.8.93,2.11.0+cu128,2025.1.1.0,585,sdpa_efficient,0,fp16,1,8,1024,64,0,0.4507,0.4486,0.4529,4.765,9.4,run=2026-09-03T09:13:41Z;clock_lock=585;iters=1000;max_err=1.142e-04 torch_same_dtype_err=4.442e-04 tol=8.894e-04 cap=1e-02
15b83a5,Tesla T4,580.82.07,12.8.93,2.11.0+cu128,2025.1.1.0,585,sdpa_math_fp32,0,fp16,1,8,1024,64,0,1.9223,1.9186,1.9258,1.117,74.2,oracle_not_speed_baseline;run=2026-09-03T09:13:41Z;clock_lock=585;iters=253;max_err=3.665e-07 torch_same_dtype_err=4.442e-04 tol=8.894e-04 cap=1e-02
15b83a5,Tesla T4,580.82.07,12.8.93,2.11.0+cu128,2025.1.1.0,585,torch_unfused,0,fp16,1,8,1024,64,0,0.6468,0.6451,0.6486,3.320,110.2,run=2026-09-03T09:13:41Z;clock_lock=585;iters=745;max_err=4.442e-04 torch_same_dtype_err=4.442e-04 tol=8.894e-04 cap=1e-02
15b83a5,Tesla T4,580.82.07,12.8.93,2.11.0+cu128,2025.1.1.0,,sdpa_flash,0,fp16,1,8,1024,64,1,,,,,,run=2026-09-03T09:13:41Z;backend_refused:Memory efficient kernel not used because: (Triggered internally at /pytorch/aten/src/ATen/native/transformers/cuda/sdp_utils.cpp:986.) | Memory Efficient attention has been runtime disabled. (Triggere
15b83a5,Tesla T4,580.82.07,12.8.93,2.11.0+cu128,2025.1.1.0,,sdpa_cudnn,0,fp16,1,8,1024,64,1,,,,,,run=2026-09-03T09:13:41Z;backend_refused:Memory efficient kernel not used because: (Triggered internally at /pytorch/aten/src/ATen/native/transformers/cuda/sdp_utils.cpp:986.) | Memory Efficient attention has been runtime disabled. (Triggere
15b83a5,Tesla T4,580.82.07,12.8.93,2.11.0+cu128,2025.1.1.0,,flash_attn,0,fp16,1,8,1024,64,1,,,,,,run=2026-09-03T09:13:41Z;backend_refused:not importable: No module named 'flash_attn'
15b83a5,Tesla T4,580.82.07,12.8.93,2.11.0+cu128,2025.1.1.0,585,tuned,5,fp16,1,8,1024,64,1,0.3433,0.3346,0.3586,3.128,12.3,run=2026-09-03T09:13:41Z;flops=causal_half;clock_lock=585;iters=1000;max_err=1.089e-03 torch_same_dtype_err=1.301e-03 tol=2.604e-03 cap=1e-02
15b83a5,Tesla T4,580.82.07,12.8.93,2.11.0+cu128,2025.1.1.0,585,sdpa_efficient,0,fp16,1,8,1024,64,1,0.2645,0.2622,0.2676,4.060,16.0,run=2026-09-03T09:13:41Z;flops=causal_half;clock_lock=585;iters=1000;max_err=1.089e-03 torch_same_dtype_err=1.301e-03 tol=2.604e-03 cap=1e-02
15b83a5,Tesla T4,580.82.07,12.8.93,2.11.0+cu128,2025.1.1.0,585,sdpa_math_fp32,0,fp16,1,8,1024,64,1,2.4003,2.3972,2.4044,0.895,59.4,oracle_not_speed_baseline;run=2026-09-03T09:13:41Z;flops=full;clock_lock=585;iters=200;max_err=6.377e-07 torch_same_dtype_err=1.301e-03 tol=2.604e-03 cap=1e-02
15b83a5,Tesla T4,580.82.07,12.8.93,2.11.0+cu128,2025.1.1.0,585,torch_unfused,0,fp16,1,8,1024,64,1,1.1060,1.1039,1.1081,1.942,64.5,run=2026-09-03T09:13:41Z;flops=full;clock_lock=585;iters=446;max_err=1.301e-03 torch_same_dtype_err=1.301e-03 tol=2.604e-03 cap=1e-02
15b83a5,Tesla T4,580.82.07,12.8.93,2.11.0+cu128,2025.1.1.0,,sdpa_flash,0,fp16,8,32,1024,64,0,,,,,,run=2026-09-03T09:13:41Z;backend_refused:Memory efficient kernel not used because: (Triggered internally at /pytorch/aten/src/ATen/native/transformers/cuda/sdp_utils.cpp:986.) | Memory Efficient attention has been runtime disabled. (Triggere
15b83a5,Tesla T4,580.82.07,12.8.93,2.11.0+cu128,2025.1.1.0,,sdpa_cudnn,0,fp16,8,32,1024,64,0,,,,,,run=2026-09-03T09:13:41Z;backend_refused:Memory efficient kernel not used because: (Triggered internally at /pytorch/aten/src/ATen/native/transformers/cuda/sdp_utils.cpp:986.) | Memory Efficient attention has been runtime disabled. (Triggere
15b83a5,Tesla T4,580.82.07,12.8.93,2.11.0+cu128,2025.1.1.0,,flash_attn,0,fp16,8,32,1024,64,0,,,,,,run=2026-09-03T09:13:41Z;backend_refused:not importable: No module named 'flash_attn'
15b83a5,Tesla T4,580.82.07,12.8.93,2.11.0+cu128,2025.1.1.0,585,tuned,5,fp16,8,32,1024,64,0,15.5433,15.5272,15.5976,4.421,8.7,run=2026-09-03T09:13:41Z;clock_lock=585;iters=100;max_err=9.969e-05 torch_same_dtype_err=3.886e-04 tol=7.782e-04 cap=1e-02
15b83a5,Tesla T4,580.82.07,12.8.93,2.11.0+cu128,2025.1.1.0,585,sdpa_efficient,0,fp16,8,32,1024,64,0,9.5247,9.5151,9.5335,7.215,14.2,run=2026-09-03T09:13:41Z;clock_lock=585;iters=100;max_err=9.969e-05 torch_same_dtype_err=3.886e-04 tol=7.782e-04 cap=1e-02
15b83a5,Tesla T4,580.82.07,12.8.93,2.11.0+cu128,2025.1.1.0,585,sdpa_math_fp32,0,fp16,8,32,1024,64,0,55.8777,55.8555,56.7185,1.230,81.7,oracle_not_speed_baseline;run=2026-09-03T09:13:41Z;clock=unlocked;clock_lock_failed=585;clock=525-585;noisy_clock;iters=100;max_err=5.106e-07 torch_same_dtype_err=3.886e-04 tol=7.782e-04 cap=1e-02
15b83a5,Tesla T4,580.82.07,12.8.93,2.11.0+cu128,2025.1.1.0,585,torch_unfused,0,fp16,8,32,1024,64,0,18.1474,18.1371,18.4856,3.787,125.7,run=2026-09-03T09:13:41Z;clock_lock=585;clock=555-585;iters=100;max_err=3.886e-04 torch_same_dtype_err=3.886e-04 tol=7.782e-04 cap=1e-02
15b83a5,Tesla T4,580.82.07,12.8.93,2.11.0+cu128,2025.1.1.0,,sdpa_flash,0,fp16,8,32,1024,64,1,,,,,,run=2026-09-03T09:13:41Z;backend_refused:Memory efficient kernel not used because: (Triggered internally at /pytorch/aten/src/ATen/native/transformers/cuda/sdp_utils.cpp:986.) | Memory Efficient attention has been runtime disabled. (Triggere
15b83a5,Tesla T4,580.82.07,12.8.93,2.11.0+cu128,2025.1.1.0,,sdpa_cudnn,0,fp16,8,32,1024,64,1,,,,,,run=2026-09-03T09:13:41Z;backend_refused:Memory efficient kernel not used because: (Triggered internally at /pytorch/aten/src/ATen/native/transformers/cuda/sdp_utils.cpp:986.) | Memory Efficient attention has been runtime disabled. (Triggere
15b83a5,Tesla T4,580.82.07,12.8.93,2.11.0+cu128,2025.1.1.0,,flash_attn,0,fp16,8,32,1024,64,1,,,,,,run=2026-09-03T09:13:41Z;backend_refused:not importable: No module named 'flash_attn'
15b83a5,Tesla T4,580.82.07,12.8.93,2.11.0+cu128,2025.1.1.0,585,tuned,5,fp16,8,32,1024,64,1,8.5483,8.5320,8.5642,4.020,15.8,run=2026-09-03T09:13:41Z;flops=causal_half;clock_lock=585;iters=100;max_err=8.719e-04 torch_same_dtype_err=1.302e-03 tol=2.604e-03 cap=1e-02
15b83a5,Tesla T4,580.82.07,12.8.93,2.11.0+cu128,2025.1.1.0,585,sdpa_efficient,0,fp16,8,32,1024,64,1,5.2389,5.2268,5.2538,6.559,25.8,run=2026-09-03T09:13:41Z;flops=causal_half;clock_lock=585;iters=100;max_err=8.719e-04 torch_same_dtype_err=1.302e-03 tol=2.604e-03 cap=1e-02
15b83a5,Tesla T4,580.82.07,12.8.93,2.11.0+cu128,2025.1.1.0,585,sdpa_math_fp32,0,fp16,8,32,1024,64,1,68.6940,68.6777,68.7137,1.000,66.4,oracle_not_speed_baseline;run=2026-09-03T09:13:41Z;flops=full;clock_lock=585;iters=100;max_err=8.680e-07 torch_same_dtype_err=1.302e-03 tol=2.604e-03 cap=1e-02
15b83a5,Tesla T4,580.82.07,12.8.93,2.11.0+cu128,2025.1.1.0,585,torch_unfused,0,fp16,8,32,1024,64,1,32.3450,32.3338,32.3587,2.125,70.5,run=2026-09-03T09:13:41Z;flops=full;clock_lock=585;iters=100;max_err=1.302e-03 torch_same_dtype_err=1.302e-03 tol=2.604e-03 cap=1e-02
15b83a5,Tesla T4,580.82.07,12.8.93,2.11.0+cu128,2025.1.1.0,,sdpa_flash,0,fp16,1,8,1024,128,0,,,,,,run=2026-09-03T09:13:41Z;backend_refused:Memory efficient kernel not used because: (Triggered internally at /pytorch/aten/src/ATen/native/transformers/cuda/sdp_utils.cpp:986.) | Memory Efficient attention has been runtime disabled. (Triggere
15b83a5,Tesla T4,580.82.07,12.8.93,2.11.0+cu128,2025.1.1.0,,sdpa_cudnn,0,fp16,1,8,1024,128,0,,,,,,run=2026-09-03T09:13:41Z;backend_refused:Memory efficient kernel not used because: (Triggered internally at /pytorch/aten/src/ATen/native/transformers/cuda/sdp_utils.cpp:986.) | Memory Efficient attention has been runtime disabled. (Triggere
15b83a5,Tesla T4,580.82.07,12.8.93,2.11.0+cu128,2025.1.1.0,,flash_attn,0,fp16,1,8,1024,128,0,,,,,,run=2026-09-03T09:13:41Z;backend_refused:not importable: No module named 'flash_attn'
15b83a5,Tesla T4,580.82.07,12.8.93,2.11.0+cu128,2025.1.1.0,585,tuned,5,fp16,1,8,1024,128,0,1.5557,1.5177,1.5689,2.761,5.4,run=2026-09-03T09:13:41Z;clock_lock=585;iters=318;max_err=1.092e-04 torch_same_dtype_err=6.602e-04 tol=1.321e-03 cap=1e-02
15b83a5,Tesla T4,580.82.07,12.8.93,2.11.0+cu128,2025.1.1.0,585,sdpa_efficient,0,fp16,1,8,1024,128,0,0.7784,0.7494,0.7985,5.518,10.8,run=2026-09-03T09:13:41Z;clock_lock=585;iters=647;max_err=1.092e-04 torch_same_dtype_err=6.602e-04 tol=1.321e-03 cap=1e-02
15b83a5,Tesla T4,580.82.07,12.8.93,2.11.0+cu128,2025.1.1.0,585,sdpa_math_fp32,0,fp16,1,8,1024,128,0,2.7880,2.7850,2.7915,1.541,54.2,oracle_not_speed_baseline;run=2026-09-03T09:13:41Z;clock_lock=585;iters=178;max_err=4.609e-07 torch_same_dtype_err=6.602e-04 tol=1.321e-03 cap=1e-02
15b83a5,Tesla T4,580.82.07,12.8.93,2.11.0+cu128,2025.1.1.0,585,torch_unfused,0,fp16,1,8,1024,128,0,0.7086,0.7068,0.7106,6.061,106.5,run=2026-09-03T09:13:41Z;clock_lock=585;iters=684;max_err=6.602e-04 torch_same_dtype_err=6.602e-04 tol=1.321e-03 cap=1e-02
15b83a5,Tesla T4,580.82.07,12.8.93,2.11.0+cu128,2025.1.1.0,,sdpa_flash,0,fp16,1,8,1024,128,1,,,,,,run=2026-09-03T09:13:41Z;backend_refused:Memory efficient kernel not used because: (Triggered internally at /pytorch/aten/src/ATen/native/transformers/cuda/sdp_utils.cpp:986.) | Memory Efficient attention has been runtime disabled. (Triggere
15b83a5,Tesla T4,580.82.07,12.8.93,2.11.0+cu128,2025.1.1.0,,sdpa_cudnn,0,fp16,1,8,1024,128,1,,,,,,run=2026-09-03T09:13:41Z;backend_refused:Memory efficient kernel not used because: (Triggered internally at /pytorch/aten/src/ATen/native/transformers/cuda/sdp_utils.cpp:986.) | Memory Efficient attention has been runtime disabled. (Triggere
15b83a5,Tesla T4,580.82.07,12.8.93,2.11.0+cu128,2025.1.1.0,,flash_attn,0,fp16,1,8,1024,128,1,,,,,,run=2026-09-03T09:13:41Z;backend_refused:not importable: No module named 'flash_attn'
15b83a5,Tesla T4,580.82.07,12.8.93,2.11.0+cu128,2025.1.1.0,585,tuned,5,fp16,1,8,1024,128,1,0.9502,0.9248,0.9626,2.260,8.9,run=2026-09-03T09:13:41Z;flops=causal_half;clock_lock=585;iters=524;max_err=8.255e-04 torch_same_dtype_err=1.521e-03 tol=3.043e-03 cap=1e-02
15b83a5,Tesla T4,580.82.07,12.8.93,2.11.0+cu128,2025.1.1.0,585,sdpa_efficient,0,fp16,1,8,1024,128,1,0.4403,0.4321,0.4505,4.877,19.1,run=2026-09-03T09:13:41Z;flops=causal_half;clock_lock=585;iters=1000;max_err=8.255e-04 torch_same_dtype_err=1.521e-03 tol=3.043e-03 cap=1e-02
15b83a5,Tesla T4,580.82.07,12.8.93,2.11.0+cu128,2025.1.1.0,585,sdpa_math_fp32,0,fp16,1,8,1024,128,1,3.2659,3.2626,3.2687,1.315,46.2,oracle_not_speed_baseline;run=2026-09-03T09:13:41Z;flops=full;clock_lock=585;iters=153;max_err=7.904e-07 torch_same_dtype_err=1.521e-03 tol=3.043e-03 cap=1e-02
15b83a5,Tesla T4,580.82.07,12.8.93,2.11.0+cu128,2025.1.1.0,585,torch_unfused,0,fp16,1,8,1024,128,1,1.1690,1.1671,1.1712,3.674,64.6,run=2026-09-03T09:13:41Z;flops=full;clock_lock=585;iters=421;max_err=1.521e-03 torch_same_dtype_err=1.521e-03 tol=3.043e-03 cap=1e-02
15b83a5,Tesla T4,580.82.07,12.8.93,2.11.0+cu128,2025.1.1.0,,sdpa_flash,0,fp16,8,32,1024,128,0,,,,,,run=2026-09-03T09:13:41Z;backend_refused:Memory efficient kernel not used because: (Triggered internally at /pytorch/aten/src/ATen/native/transformers/cuda/sdp_utils.cpp:986.) | Memory Efficient attention has been runtime disabled. (Triggere
15b83a5,Tesla T4,580.82.07,12.8.93,2.11.0+cu128,2025.1.1.0,,sdpa_cudnn,0,fp16,8,32,1024,128,0,,,,,,run=2026-09-03T09:13:41Z;backend_refused:Memory efficient kernel not used because: (Triggered internally at /pytorch/aten/src/ATen/native/transformers/cuda/sdp_utils.cpp:986.) | Memory Efficient attention has been runtime disabled. (Triggere
15b83a5,Tesla T4,580.82.07,12.8.93,2.11.0+cu128,2025.1.1.0,,flash_attn,0,fp16,8,32,1024,128,0,,,,,,run=2026-09-03T09:13:41Z;backend_refused:not importable: No module named 'flash_attn'
15b83a5,Tesla T4,580.82.07,12.8.93,2.11.0+cu128,2025.1.1.0,585,tuned,5,fp16,8,32,1024,128,0,40.2484,40.2238,40.2809,3.415,6.7,run=2026-09-03T09:13:41Z;clock_lock=585;iters=100;max_err=2.322e-04 torch_same_dtype_err=1.747e-03 tol=3.494e-03 cap=1e-02
15b83a5,Tesla T4,580.82.07,12.8.93,2.11.0+cu128,2025.1.1.0,585,sdpa_efficient,0,fp16,8,32,1024,128,0,19.8177,19.7857,19.8488,6.935,13.6,run=2026-09-03T09:13:41Z;clock_lock=585;iters=100;max_err=2.322e-04 torch_same_dtype_err=1.747e-03 tol=3.494e-03 cap=1e-02
15b83a5,Tesla T4,580.82.07,12.8.93,2.11.0+cu128,2025.1.1.0,585,sdpa_math_fp32,0,fp16,8,32,1024,128,0,80.4089,80.3748,80.8604,1.709,60.1,oracle_not_speed_baseline;run=2026-09-03T09:13:41Z;clock_lock=585;clock=570-585;iters=100;max_err=1.753e-06 torch_same_dtype_err=1.747e-03 tol=3.494e-03 cap=1e-02
15b83a5,Tesla T4,580.82.07,12.8.93,2.11.0+cu128,2025.1.1.0,555,torch_unfused,0,fp16,8,32,1024,128,0,20.5580,20.0771,22.7490,6.685,117.5,run=2026-09-03T09:13:41Z;clock=unlocked;clock_lock_failed=585;clock=465-585;noisy_clock;iters=100;max_err=1.747e-03 torch_same_dtype_err=1.747e-03 tol=3.494e-03 cap=1e-02
15b83a5,Tesla T4,580.82.07,12.8.93,2.11.0+cu128,2025.1.1.0,,sdpa_flash,0,fp16,8,32,1024,128,1,,,,,,run=2026-09-03T09:13:41Z;backend_refused:Memory efficient kernel not used because: (Triggered internally at /pytorch/aten/src/ATen/native/transformers/cuda/sdp_utils.cpp:986.) | Memory Efficient attention has been runtime disabled. (Triggere
15b83a5,Tesla T4,580.82.07,12.8.93,2.11.0+cu128,2025.1.1.0,,sdpa_cudnn,0,fp16,8,32,1024,128,1,,,,,,run=2026-09-03T09:13:41Z;backend_refused:Memory efficient kernel not used because: (Triggered internally at /pytorch/aten/src/ATen/native/transformers/cuda/sdp_utils.cpp:986.) | Memory Efficient attention has been runtime disabled. (Triggere
15b83a5,Tesla T4,580.82.07,12.8.93,2.11.0+cu128,2025.1.1.0,,flash_attn,0,fp16,8,32,1024,128,1,,,,,,run=2026-09-03T09:13:41Z;backend_refused:not importable: No module named 'flash_attn'
15b83a5,Tesla T4,580.82.07,12.8.93,2.11.0+cu128,2025.1.1.0,585,tuned,5,fp16,8,32,1024,128,1,23.8508,23.8295,23.8799,2.881,11.3,run=2026-09-03T09:13:41Z;flops=causal_half;clock_lock=585;iters=100;max_err=7.146e-04 torch_same_dtype_err=2.036e-03 tol=4.073e-03 cap=1e-02
15b83a5,Tesla T4,580.82.07,12.8.93,2.11.0+cu128,2025.1.1.0,585,sdpa_efficient,0,fp16,8,32,1024,128,1,10.9609,10.9474,10.9728,6.270,24.6,run=2026-09-03T09:13:41Z;flops=causal_half;clock_lock=585;iters=100;max_err=7.146e-04 torch_same_dtype_err=2.036e-03 tol=4.073e-03 cap=1e-02
15b83a5,Tesla T4,580.82.07,12.8.93,2.11.0+cu128,2025.1.1.0,585,sdpa_math_fp32,0,fp16,8,32,1024,128,1,93.2117,93.1982,93.2231,1.474,51.8,oracle_not_speed_baseline;run=2026-09-03T09:13:41Z;flops=full;clock_lock=585;iters=100;max_err=1.211e-06 torch_same_dtype_err=2.036e-03 tol=4.073e-03 cap=1e-02
15b83a5,Tesla T4,580.82.07,12.8.93,2.11.0+cu128,2025.1.1.0,585,torch_unfused,0,fp16,8,32,1024,128,1,34.2819,34.2671,34.2958,4.009,70.5,run=2026-09-03T09:13:41Z;flops=full;clock_lock=585;iters=100;max_err=2.036e-03 torch_same_dtype_err=2.036e-03 tol=4.073e-03 cap=1e-02
15b83a5,Tesla T4,580.82.07,12.8.93,2.11.0+cu128,2025.1.1.0,,sdpa_flash,0,fp16,1,8,2048,64,0,,,,,,run=2026-09-03T09:13:41Z;backend_refused:Memory efficient kernel not used because: (Triggered internally at /pytorch/aten/src/ATen/native/transformers/cuda/sdp_utils.cpp:986.) | Memory Efficient attention has been runtime disabled. (Triggere
15b83a5,Tesla T4,580.82.07,12.8.93,2.11.0+cu128,2025.1.1.0,,sdpa_cudnn,0,fp16,1,8,2048,64,0,,,,,,run=2026-09-03T09:13:41Z;backend_refused:Memory efficient kernel not used because: (Triggered internally at /pytorch/aten/src/ATen/native/transformers/cuda/sdp_utils.cpp:986.) | Memory Efficient attention has been runtime disabled. (Triggere
15b83a5,Tesla T4,580.82.07,12.8.93,2.11.0+cu128,2025.1.1.0,,flash_attn,0,fp16,1,8,2048,64,0,,,,,,run=2026-09-03T09:13:41Z;backend_refused:not importable: No module named 'flash_attn'
15b83a5,Tesla T4,580.82.07,12.8.93,2.11.0+cu128,2025.1.1.0,585,tuned,5,fp16,1,8,2048,64,0,1.9558,1.9462,1.9640,4.392,4.3,run=2026-09-03T09:13:41Z;clock_lock=585;iters=255;max_err=8.184e-05 torch_same_dtype_err=2.620e-04 tol=5.249e-04 cap=1e-02
15b83a5,Tesla T4,580.82.07,12.8.93,2.11.0+cu128,2025.1.1.0,585,sdpa_efficient,0,fp16,1,8,2048,64,0,1.4117,1.4080,1.4159,6.085,6.0,run=2026-09-03T09:13:41Z;clock_lock=585;iters=348;max_err=8.184e-05 torch_same_dtype_err=2.620e-04 tol=5.249e-04 cap=1e-02
15b83a5,Tesla T4,580.82.07,12.8.93,2.11.0+cu128,2025.1.1.0,585,sdpa_math_fp32,0,fp16,1,8,2048,64,0,7.2959,7.2874,7.3016,1.177,75.9,oracle_not_speed_baseline;run=2026-09-03T09:13:41Z;clock_lock=585;iters=100;max_err=3.927e-07 torch_same_dtype_err=2.620e-04 tol=5.249e-04 cap=1e-02
15b83a5,Tesla T4,580.82.07,12.8.93,2.11.0+cu128,2025.1.1.0,585,torch_unfused,0,fp16,1,8,2048,64,0,2.5170,2.4998,2.5249,3.413,110.0,run=2026-09-03T09:13:41Z;clock_lock=585;iters=195;max_err=2.620e-04 torch_same_dtype_err=2.620e-04 tol=5.249e-04 cap=1e-02
15b83a5,Tesla T4,580.82.07,12.8.93,2.11.0+cu128,2025.1.1.0,,sdpa_flash,0,fp16,1,8,2048,64,1,,,,,,run=2026-09-03T09:13:41Z;backend_refused:Memory efficient kernel not used because: (Triggered internally at /pytorch/aten/src/ATen/native/transformers/cuda/sdp_utils.cpp:986.) | Memory Efficient attention has been runtime disabled. (Triggere
15b83a5,Tesla T4,580.82.07,12.8.93,2.11.0+cu128,2025.1.1.0,,sdpa_cudnn,0,fp16,1,8,2048,64,1,,,,,,run=2026-09-03T09:13:41Z;backend_refused:Memory efficient kernel not used because: (Triggered internally at /pytorch/aten/src/ATen/native/transformers/cuda/sdp_utils.cpp:986.) | Memory Efficient attention has been runtime disabled. (Triggere
15b83a5,Tesla T4,580.82.07,12.8.93,2.11.0+cu128,2025.1.1.0,,flash_attn,0,fp16,1,8,2048,64,1,,,,,,run=2026-09-03T09:13:41Z;backend_refused:not importable: No module named 'flash_attn'
15b83a5,Tesla T4,580.82.07,12.8.93,2.11.0+cu128,2025.1.1.0,585,tuned,5,fp16,1,8,2048,64,1,1.1081,1.0921,1.1276,3.876,7.6,run=2026-09-03T09:13:41Z;flops=causal_half;clock_lock=585;iters=448;max_err=5.722e-04 torch_same_dtype_err=1.104e-03 tol=2.208e-03 cap=1e-02
15b83a5,Tesla T4,580.82.07,12.8.93,2.11.0+cu128,2025.1.1.0,585,sdpa_efficient,0,fp16,1,8,2048,64,1,0.8274,0.8084,0.8586,5.191,10.2,run=2026-09-03T09:13:41Z;flops=causal_half;clock_lock=585;iters=586;max_err=5.722e-04 torch_same_dtype_err=1.104e-03 tol=2.208e-03 cap=1e-02
15b83a5,Tesla T4,580.82.07,12.8.93,2.11.0+cu128,2025.1.1.0,585,sdpa_math_fp32,0,fp16,1,8,2048,64,1,9.1832,9.1771,9.1894,0.935,60.3,oracle_not_speed_baseline;run=2026-09-03T09:13:41Z;flops=full;clock_lock=585;iters=100;max_err=5.738e-07 torch_same_dtype_err=1.104e-03 tol=2.208e-03 cap=1e-02
15b83a5,Tesla T4,580.82.07,12.8.93,2.11.0+cu128,2025.1.1.0,585,torch_unfused,0,fp16,1,8,2048,64,1,4.4058,4.3903,4.4131,1.950,62.8,run=2026-09-03T09:13:41Z;flops=full;clock_lock=585;iters=113;max_err=1.104e-03 torch_same_dtype_err=1.104e-03 tol=2.208e-03 cap=1e-02
15b83a5,Tesla T4,580.82.07,12.8.93,2.11.0+cu128,2025.1.1.0,,sdpa_flash,0,fp16,8,32,2048,64,0,,,,,,run=2026-09-03T09:13:41Z;backend_refused:Memory efficient kernel not used because: (Triggered internally at /pytorch/aten/src/ATen/native/transformers/cuda/sdp_utils.cpp:986.) | Memory Efficient attention has been runtime disabled. (Triggere
15b83a5,Tesla T4,580.82.07,12.8.93,2.11.0+cu128,2025.1.1.0,,sdpa_cudnn,0,fp16,8,32,2048,64,0,,,,,,run=2026-09-03T09:13:41Z;backend_refused:Memory efficient kernel not used because: (Triggered internally at /pytorch/aten/src/ATen/native/transformers/cuda/sdp_utils.cpp:986.) | Memory Efficient attention has been runtime disabled. (Triggere
15b83a5,Tesla T4,580.82.07,12.8.93,2.11.0+cu128,2025.1.1.0,,flash_attn,0,fp16,8,32,2048,64,0,,,,,,run=2026-09-03T09:13:41Z;backend_refused:not importable: No module named 'flash_attn'
15b83a5,Tesla T4,580.82.07,12.8.93,2.11.0+cu128,2025.1.1.0,585,tuned,5,fp16,8,32,2048,64,0,56.9221,56.8509,57.0102,4.829,4.8,run=2026-09-03T09:13:41Z;clock_lock=585;iters=100;max_err=6.872e-05 torch_same_dtype_err=3.375e-04 tol=6.760e-04 cap=1e-02
15b83a5,Tesla T4,580.82.07,12.8.93,2.11.0+cu128,2025.1.1.0,585,sdpa_efficient,0,fp16,8,32,2048,64,0,37.2072,37.1948,37.2195,7.388,7.3,run=2026-09-03T09:13:41Z;clock_lock=585;iters=100;max_err=6.872e-05 torch_same_dtype_err=3.375e-04 tol=6.760e-04 cap=1e-02
15b83a5,Tesla T4,580.82.07,12.8.93,2.11.0+cu128,2025.1.1.0,,sdpa_math_fp32,0,fp16,8,32,2048,64,0,,,,,,oracle_not_speed_baseline;run=2026-09-03T09:13:41Z;oom_by_design
15b83a5,Tesla T4,580.82.07,12.8.93,2.11.0+cu128,2025.1.1.0,,torch_unfused,0,fp16,8,32,2048,64,0,,,,,,run=2026-09-03T09:13:41Z;oom_by_design
15b83a5,Tesla T4,580.82.07,12.8.93,2.11.0+cu128,2025.1.1.0,,sdpa_flash,0,fp16,8,32,2048,64,1,,,,,,run=2026-09-03T09:13:41Z;backend_refused:Memory efficient kernel not used because: (Triggered internally at /pytorch/aten/src/ATen/native/transformers/cuda/sdp_utils.cpp:986.) | Memory Efficient attention has been runtime disabled. (Triggere
15b83a5,Tesla T4,580.82.07,12.8.93,2.11.0+cu128,2025.1.1.0,,sdpa_cudnn,0,fp16,8,32,2048,64,1,,,,,,run=2026-09-03T09:13:41Z;backend_refused:Memory efficient kernel not used because: (Triggered internally at /pytorch/aten/src/ATen/native/transformers/cuda/sdp_utils.cpp:986.) | Memory Efficient attention has been runtime disabled. (Triggere
15b83a5,Tesla T4,580.82.07,12.8.93,2.11.0+cu128,2025.1.1.0,,flash_attn,0,fp16,8,32,2048,64,1,,,,,,run=2026-09-03T09:13:41Z;backend_refused:not importable: No module named 'flash_attn'
15b83a5,Tesla T4,580.82.07,12.8.93,2.11.0+cu128,2025.1.1.0,585,tuned,5,fp16,8,32,2048,64,1,30.9032,30.8241,30.9456,4.447,8.8,run=2026-09-03T09:13:41Z;flops=causal_half;clock_lock=585;iters=100;max_err=9.338e-04 torch_same_dtype_err=1.442e-03 tol=2.885e-03 cap=1e-02
15b83a5,Tesla T4,580.82.07,12.8.93,2.11.0+cu128,2025.1.1.0,585,sdpa_efficient,0,fp16,8,32,2048,64,1,19.5840,19.5555,19.6202,7.018,13.8,run=2026-09-03T09:13:41Z;flops=causal_half;clock_lock=585;iters=100;max_err=9.338e-04 torch_same_dtype_err=1.442e-03 tol=2.885e-03 cap=1e-02
15b83a5,Tesla T4,580.82.07,12.8.93,2.11.0+cu128,2025.1.1.0,,sdpa_math_fp32,0,fp16,8,32,2048,64,1,,,,,,oracle_not_speed_baseline;run=2026-09-03T09:13:41Z;oom_by_design
15b83a5,Tesla T4,580.82.07,12.8.93,2.11.0+cu128,2025.1.1.0,,torch_unfused,0,fp16,8,32,2048,64,1,,,,,,run=2026-09-03T09:13:41Z;oom_by_design
15b83a5,Tesla T4,580.82.07,12.8.93,2.11.0+cu128,2025.1.1.0,,sdpa_flash,0,fp16,1,8,2048,128,0,,,,,,run=2026-09-03T09:13:41Z;backend_refused:Memory efficient kernel not used because: (Triggered internally at /pytorch/aten/src/ATen/native/transformers/cuda/sdp_utils.cpp:986.) | Memory Efficient attention has been runtime disabled. (Triggere
15b83a5,Tesla T4,580.82.07,12.8.93,2.11.0+cu128,2025.1.1.0,,sdpa_cudnn,0,fp16,1,8,2048,128,0,,,,,,run=2026-09-03T09:13:41Z;backend_refused:Memory efficient kernel not used because: (Triggered internally at /pytorch/aten/src/ATen/native/transformers/cuda/sdp_utils.cpp:986.) | Memory Efficient attention has been runtime disabled. (Triggere
15b83a5,Tesla T4,580.82.07,12.8.93,2.11.0+cu128,2025.1.1.0,,flash_attn,0,fp16,1,8,2048,128,0,,,,,,run=2026-09-03T09:13:41Z;backend_refused:not importable: No module named 'flash_attn'
15b83a5,Tesla T4,580.82.07,12.8.93,2.11.0+cu128,2025.1.1.0,585,tuned,5,fp16,1,8,2048,128,0,4.5319,4.5118,4.5437,3.791,3.7,run=2026-09-03T09:13:41Z;clock_lock=585;iters=110;max_err=7.972e-05 torch_same_dtype_err=3.571e-04 tol=7.151e-04 cap=1e-02
15b83a5,Tesla T4,580.82.07,12.8.93,2.11.0+cu128,2025.1.1.0,585,sdpa_efficient,0,fp16,1,8,2048,128,0,2.6685,2.6348,2.6847,6.438,6.3,run=2026-09-03T09:13:41Z;clock_lock=585;iters=187;max_err=7.972e-05 torch_same_dtype_err=3.571e-04 tol=7.151e-04 cap=1e-02
15b83a5,Tesla T4,580.82.07,12.8.93,2.11.0+cu128,2025.1.1.0,585,sdpa_math_fp32,0,fp16,1,8,2048,128,0,10.2316,10.2236,10.2421,1.679,55.8,oracle_not_speed_baseline;run=2026-09-03T09:13:41Z;clock_lock=585;iters=100;max_err=5.404e-07 torch_same_dtype_err=3.571e-04 tol=7.151e-04 cap=1e-02
15b83a5,Tesla T4,580.82.07,12.8.93,2.11.0+cu128,2025.1.1.0,585,torch_unfused,0,fp16,1,8,2048,128,0,2.7447,2.7259,2.7503,6.259,103.9,run=2026-09-03T09:13:41Z;clock_lock=585;iters=180;max_err=3.501e-04 torch_same_dtype_err=3.571e-04 tol=7.151e-04 cap=1e-02
15b83a5,Tesla T4,580.82.07,12.8.93,2.11.0+cu128,2025.1.1.0,,sdpa_flash,0,fp16,1,8,2048,128,1,,,,,,run=2026-09-03T09:13:41Z;backend_refused:Memory efficient kernel not used because: (Triggered internally at /pytorch/aten/src/ATen/native/transformers/cuda/sdp_utils.cpp:986.) | Memory Efficient attention has been runtime disabled. (Triggere
15b83a5,Tesla T4,580.82.07,12.8.93,2.11.0+cu128,2025.1.1.0,,sdpa_cudnn,0,fp16,1,8,2048,128,1,,,,,,run=2026-09-03T09:13:41Z;backend_refused:Memory efficient kernel not used because: (Triggered internally at /pytorch/aten/src/ATen/native/transformers/cuda/sdp_utils.cpp:986.) | Memory Efficient attention has been runtime disabled. (Triggere
15b83a5,Tesla T4,580.82.07,12.8.93,2.11.0+cu128,2025.1.1.0,,flash_attn,0,fp16,1,8,2048,128,1,,,,,,run=2026-09-03T09:13:41Z;backend_refused:not importable: No module named 'flash_attn'
15b83a5,Tesla T4,580.82.07,12.8.93,2.11.0+cu128,2025.1.1.0,585,tuned,5,fp16,1,8,2048,128,1,2.7683,2.7271,2.8162,3.103,6.1,run=2026-09-03T09:13:41Z;flops=causal_half;clock_lock=585;iters=179;max_err=8.884e-04 torch_same_dtype_err=1.194e-03 tol=2.389e-03 cap=1e-02
15b83a5,Tesla T4,580.82.07,12.8.93,2.11.0+cu128,2025.1.1.0,585,sdpa_efficient,0,fp16,1,8,2048,128,1,1.4636,1.4433,1.4856,5.869,11.5,run=2026-09-03T09:13:41Z;flops=causal_half;clock_lock=585;iters=334;max_err=8.884e-04 torch_same_dtype_err=1.194e-03 tol=2.389e-03 cap=1e-02
15b83a5,Tesla T4,580.82.07,12.8.93,2.11.0+cu128,2025.1.1.0,585,sdpa_math_fp32,0,fp16,1,8,2048,128,1,12.1160,12.1102,12.1219,1.418,47.1,oracle_not_speed_baseline;run=2026-09-03T09:13:41Z;flops=full;clock_lock=585;iters=100;max_err=8.942e-07 torch_same_dtype_err=1.194e-03 tol=2.389e-03 cap=1e-02
15b83a5,Tesla T4,580.82.07,12.8.93,2.11.0+cu128,2025.1.1.0,585,torch_unfused,0,fp16,1,8,2048,128,1,4.6326,4.6137,4.6367,3.708,61.6,run=2026-09-03T09:13:41Z;flops=full;clock_lock=585;iters=107;max_err=1.194e-03 torch_same_dtype_err=1.194e-03 tol=2.389e-03 cap=1e-02
15b83a5,Tesla T4,580.82.07,12.8.93,2.11.0+cu128,2025.1.1.0,,sdpa_flash,0,fp16,8,32,2048,128,0,,,,,,run=2026-09-03T09:13:41Z;backend_refused:Memory efficient kernel not used because: (Triggered internally at /pytorch/aten/src/ATen/native/transformers/cuda/sdp_utils.cpp:986.) | Memory Efficient attention has been runtime disabled. (Triggere
15b83a5,Tesla T4,580.82.07,12.8.93,2.11.0+cu128,2025.1.1.0,,sdpa_cudnn,0,fp16,8,32,2048,128,0,,,,,,run=2026-09-03T09:13:41Z;backend_refused:Memory efficient kernel not used because: (Triggered internally at /pytorch/aten/src/ATen/native/transformers/cuda/sdp_utils.cpp:986.) | Memory Efficient attention has been runtime disabled. (Triggere
15b83a5,Tesla T4,580.82.07,12.8.93,2.11.0+cu128,2025.1.1.0,,flash_attn,0,fp16,8,32,2048,128,0,,,,,,run=2026-09-03T09:13:41Z;backend_refused:not importable: No module named 'flash_attn'
15b83a5,Tesla T4,580.82.07,12.8.93,2.11.0+cu128,2025.1.1.0,585,tuned,5,fp16,8,32,2048,128,0,132.2106,132.1576,132.2913,4.158,4.1,run=2026-09-03T09:13:41Z;clock_lock=585;iters=100;max_err=8.428e-05 torch_same_dtype_err=4.749e-04 tol=9.508e-04 cap=1e-02
15b83a5,Tesla T4,580.82.07,12.8.93,2.11.0+cu128,2025.1.1.0,585,sdpa_efficient,0,fp16,8,32,2048,128,0,77.5683,77.5248,77.6049,7.087,6.9,run=2026-09-03T09:13:41Z;clock_lock=585;iters=100;max_err=8.428e-05 torch_same_dtype_err=4.749e-04 tol=9.508e-04 cap=1e-02
15b83a5,Tesla T4,580.82.07,12.8.93,2.11.0+cu128,2025.1.1.0,,sdpa_math_fp32,0,fp16,8,32,2048,128,0,,,,,,oracle_not_speed_baseline;run=2026-09-03T09:13:41Z;oom_by_design
15b83a5,Tesla T4,580.82.07,12.8.93,2.11.0+cu128,2025.1.1.0,,torch_unfused,0,fp16,8,32,2048,128,0,,,,,,run=2026-09-03T09:13:41Z;oom_by_design
15b83a5,Tesla T4,580.82.07,12.8.93,2.11.0+cu128,2025.1.1.0,,sdpa_flash,0,fp16,8,32,2048,128,1,,,,,,run=2026-09-03T09:13:41Z;backend_refused:Memory efficient kernel not used because: (Triggered internally at /pytorch/aten/src/ATen/native/transformers/cuda/sdp_utils.cpp:986.) | Memory Efficient attention has been runtime disabled. (Triggere
15b83a5,Tesla T4,580.82.07,12.8.93,2.11.0+cu128,2025.1.1.0,,sdpa_cudnn,0,fp16,8,32,2048,128,1,,,,,,run=2026-09-03T09:13:41Z;backend_refused:Memory efficient kernel not used because: (Triggered internally at /pytorch/aten/src/ATen/native/transformers/cuda/sdp_utils.cpp:986.) | Memory Efficient attention has been runtime disabled. (Triggere
15b83a5,Tesla T4,580.82.07,12.8.93,2.11.0+cu128,2025.1.1.0,,flash_attn,0,fp16,8,32,2048,128,1,,,,,,run=2026-09-03T09:13:41Z;backend_refused:not importable: No module named 'flash_attn'
15b83a5,Tesla T4,580.82.07,12.8.93,2.11.0+cu128,2025.1.1.0,585,tuned,5,fp16,8,32,2048,128,1,77.7882,77.7523,77.8508,3.534,6.9,run=2026-09-03T09:13:41Z;flops=causal_half;clock_lock=585;iters=100;max_err=8.673e-04 torch_same_dtype_err=1.652e-03 tol=3.305e-03 cap=1e-02
15b83a5,Tesla T4,580.82.07,12.8.93,2.11.0+cu128,2025.1.1.0,585,sdpa_efficient,0,fp16,8,32,2048,128,1,41.0632,41.0438,41.0836,6.694,13.1,run=2026-09-03T09:13:41Z;flops=causal_half;clock_lock=585;iters=100;max_err=8.673e-04 torch_same_dtype_err=1.652e-03 tol=3.305e-03 cap=1e-02
15b83a5,Tesla T4,580.82.07,12.8.93,2.11.0+cu128,2025.1.1.0,,sdpa_math_fp32,0,fp16,8,32,2048,128,1,,,,,,oracle_not_speed_baseline;run=2026-09-03T09:13:41Z;oom_by_design
15b83a5,Tesla T4,580.82.07,12.8.93,2.11.0+cu128,2025.1.1.0,,torch_unfused,0,fp16,8,32,2048,128,1,,,,,,run=2026-09-03T09:13:41Z;oom_by_design
15b83a5,Tesla T4,580.82.07,12.8.93,2.11.0+cu128,2025.1.1.0,,sdpa_flash,0,fp16,1,8,4096,64,0,,,,,,run=2026-09-03T09:13:41Z;backend_refused:Memory efficient kernel not used because: (Triggered internally at /pytorch/aten/src/ATen/native/transformers/cuda/sdp_utils.cpp:986.) | Memory Efficient attention has been runtime disabled. (Triggere
15b83a5,Tesla T4,580.82.07,12.8.93,2.11.0+cu128,2025.1.1.0,,sdpa_cudnn,0,fp16,1,8,4096,64,0,,,,,,run=2026-09-03T09:13:41Z;backend_refused:Memory efficient kernel not used because: (Triggered internally at /pytorch/aten/src/ATen/native/transformers/cuda/sdp_utils.cpp:986.) | Memory Efficient attention has been runtime disabled. (Triggere
15b83a5,Tesla T4,580.82.07,12.8.93,2.11.0+cu128,2025.1.1.0,,flash_attn,0,fp16,1,8,4096,64,0,,,,,,run=2026-09-03T09:13:41Z;backend_refused:not importable: No module named 'flash_attn'
15b83a5,Tesla T4,580.82.07,12.8.93,2.11.0+cu128,2025.1.1.0,585,tuned,5,fp16,1,8,4096,64,0,6.6744,6.6658,6.6826,5.148,2.5,run=2026-09-03T09:13:41Z;clock_lock=585;iters=100;max_err=5.563e-05 torch_same_dtype_err=2.554e-04 tol=5.119e-04 cap=1e-02
15b83a5,Tesla T4,580.82.07,12.8.93,2.11.0+cu128,2025.1.1.0,585,sdpa_efficient,0,fp16,1,8,4096,64,0,4.9077,4.9014,4.9151,7.001,3.4,run=2026-09-03T09:13:41Z;clock_lock=585;iters=102;max_err=5.563e-05 torch_same_dtype_err=2.554e-04 tol=5.119e-04 cap=1e-02
15b83a5,Tesla T4,580.82.07,12.8.93,2.11.0+cu128,2025.1.1.0,585,sdpa_math_fp32,0,fp16,1,8,4096,64,0,30.0102,29.9930,31.5185,1.145,72.7,oracle_not_speed_baseline;run=2026-09-03T09:13:41Z;clock=unlocked;clock_lock_failed=585;clock=495-585;noisy_clock;iters=100;max_err=3.483e-07 torch_same_dtype_err=2.554e-04 tol=5.119e-04 cap=1e-02
15b83a5,Tesla T4,580.82.07,12.8.93,2.11.0+cu128,2025.1.1.0,585,torch_unfused,0,fp16,1,8,4096,64,0,13.7199,13.7169,13.7243,2.504,79.5,run=2026-09-03T09:13:41Z;clock_lock=585;iters=100;max_err=2.554e-04 torch_same_dtype_err=2.554e-04 tol=5.119e-04 cap=1e-02
15b83a5,Tesla T4,580.82.07,12.8.93,2.11.0+cu128,2025.1.1.0,,sdpa_flash,0,fp16,1,8,4096,64,1,,,,,,run=2026-09-03T09:13:41Z;backend_refused:Memory efficient kernel not used because: (Triggered internally at /pytorch/aten/src/ATen/native/transformers/cuda/sdp_utils.cpp:986.) | Memory Efficient attention has been runtime disabled. (Triggere
15b83a5,Tesla T4,580.82.07,12.8.93,2.11.0+cu128,2025.1.1.0,,sdpa_cudnn,0,fp16,1,8,4096,64,1,,,,,,run=2026-09-03T09:13:41Z;backend_refused:Memory efficient kernel not used because: (Triggered internally at /pytorch/aten/src/ATen/native/transformers/cuda/sdp_utils.cpp:986.) | Memory Efficient attention has been runtime disabled. (Triggere
15b83a5,Tesla T4,580.82.07,12.8.93,2.11.0+cu128,2025.1.1.0,,flash_attn,0,fp16,1,8,4096,64,1,,,,,,run=2026-09-03T09:13:41Z;backend_refused:not importable: No module named 'flash_attn'
15b83a5,Tesla T4,580.82.07,12.8.93,2.11.0+cu128,2025.1.1.0,585,tuned,5,fp16,1,8,4096,64,1,3.7611,3.7336,3.7866,4.568,4.5,run=2026-09-03T09:13:41Z;flops=causal_half;clock_lock=585;iters=132;max_err=8.165e-04 torch_same_dtype_err=1.137e-03 tol=2.274e-03 cap=1e-02
15b83a5,Tesla T4,580.82.07,12.8.93,2.11.0+cu128,2025.1.1.0,585,sdpa_efficient,0,fp16,1,8,4096,64,1,2.7783,2.7238,2.8376,6.184,6.1,run=2026-09-03T09:13:41Z;flops=causal_half;clock_lock=585;iters=176;max_err=8.165e-04 torch_same_dtype_err=1.137e-03 tol=2.274e-03 cap=1e-02
15b83a5,Tesla T4,580.82.07,12.8.93,2.11.0+cu128,2025.1.1.0,585,sdpa_math_fp32,0,fp16,1,8,4096,64,1,38.3016,38.2934,38.3122,0.897,56.9,oracle_not_speed_baseline;run=2026-09-03T09:13:41Z;flops=full;clock_lock=585;iters=100;max_err=8.143e-07 torch_same_dtype_err=1.137e-03 tol=2.274e-03 cap=1e-02
15b83a5,Tesla T4,580.82.07,12.8.93,2.11.0+cu128,2025.1.1.0,585,torch_unfused,0,fp16,1,8,4096,64,1,21.0445,21.0390,21.0490,1.633,51.8,run=2026-09-03T09:13:41Z;flops=full;clock_lock=585;iters=100;max_err=1.137e-03 torch_same_dtype_err=1.137e-03 tol=2.274e-03 cap=1e-02
15b83a5,Tesla T4,580.82.07,12.8.93,2.11.0+cu128,2025.1.1.0,,sdpa_flash,0,fp16,8,32,4096,64,0,,,,,,run=2026-09-03T09:13:41Z;backend_refused:Memory efficient kernel not used because: (Triggered internally at /pytorch/aten/src/ATen/native/transformers/cuda/sdp_utils.cpp:986.) | Memory Efficient attention has been runtime disabled. (Triggere
15b83a5,Tesla T4,580.82.07,12.8.93,2.11.0+cu128,2025.1.1.0,,sdpa_cudnn,0,fp16,8,32,4096,64,0,,,,,,run=2026-09-03T09:13:41Z;backend_refused:Memory efficient kernel not used because: (Triggered internally at /pytorch/aten/src/ATen/native/transformers/cuda/sdp_utils.cpp:986.) | Memory Efficient attention has been runtime disabled. (Triggere
15b83a5,Tesla T4,580.82.07,12.8.93,2.11.0+cu128,2025.1.1.0,,flash_attn,0,fp16,8,32,4096,64,0,,,,,,run=2026-09-03T09:13:41Z;backend_refused:not importable: No module named 'flash_attn'
15b83a5,Tesla T4,580.82.07,12.8.93,2.11.0+cu128,2025.1.1.0,585,tuned,5,fp16,8,32,4096,64,0,209.2989,209.0539,209.5776,5.253,2.6,run=2026-09-03T09:13:41Z;clock_lock=585;iters=100;max_err=6.683e-05 torch_same_dtype_err=2.613e-04 tol=5.236e-04 cap=1e-02
15b83a5,Tesla T4,580.82.07,12.8.93,2.11.0+cu128,2025.1.1.0,585,sdpa_efficient,0,fp16,8,32,4096,64,0,147.2034,147.1811,147.2290,7.469,3.7,run=2026-09-03T09:13:41Z;clock_lock=585;iters=100;max_err=6.683e-05 torch_same_dtype_err=2.613e-04 tol=5.236e-04 cap=1e-02
15b83a5,Tesla T4,580.82.07,12.8.93,2.11.0+cu128,2025.1.1.0,,sdpa_math_fp32,0,fp16,8,32,4096,64,0,,,,,,oracle_not_speed_baseline;run=2026-09-03T09:13:41Z;oom_by_design
15b83a5,Tesla T4,580.82.07,12.8.93,2.11.0+cu128,2025.1.1.0,,torch_unfused,0,fp16,8,32,4096,64,0,,,,,,run=2026-09-03T09:13:41Z;oom_by_design
15b83a5,Tesla T4,580.82.07,12.8.93,2.11.0+cu128,2025.1.1.0,,sdpa_flash,0,fp16,8,32,4096,64,1,,,,,,run=2026-09-03T09:13:41Z;backend_refused:Memory efficient kernel not used because: (Triggered internally at /pytorch/aten/src/ATen/native/transformers/cuda/sdp_utils.cpp:986.) | Memory Efficient attention has been runtime disabled. (Triggere
15b83a5,Tesla T4,580.82.07,12.8.93,2.11.0+cu128,2025.1.1.0,,sdpa_cudnn,0,fp16,8,32,4096,64,1,,,,,,run=2026-09-03T09:13:41Z;backend_refused:Memory efficient kernel not used because: (Triggered internally at /pytorch/aten/src/ATen/native/transformers/cuda/sdp_utils.cpp:986.) | Memory Efficient attention has been runtime disabled. (Triggere
15b83a5,Tesla T4,580.82.07,12.8.93,2.11.0+cu128,2025.1.1.0,,flash_attn,0,fp16,8,32,4096,64,1,,,,,,run=2026-09-03T09:13:41Z;backend_refused:not importable: No module named 'flash_attn'
15b83a5,Tesla T4,580.82.07,12.8.93,2.11.0+cu128,2025.1.1.0,585,tuned,5,fp16,8,32,4096,64,1,112.4486,112.2445,112.4961,4.889,4.8,run=2026-09-03T09:13:41Z;flops=causal_half;clock_lock=585;iters=100;max_err=8.677e-04 torch_same_dtype_err=1.263e-03 tol=2.527e-03 cap=1e-02
15b83a5,Tesla T4,580.82.07,12.8.93,2.11.0+cu128,2025.1.1.0,585,sdpa_efficient,0,fp16,8,32,4096,64,1,75.5982,75.5526,75.6572,7.272,7.2,run=2026-09-03T09:13:41Z;flops=causal_half;clock_lock=585;iters=100;max_err=8.677e-04 torch_same_dtype_err=1.263e-03 tol=2.527e-03 cap=1e-02
15b83a5,Tesla T4,580.82.07,12.8.93,2.11.0+cu128,2025.1.1.0,,sdpa_math_fp32,0,fp16,8,32,4096,64,1,,,,,,oracle_not_speed_baseline;run=2026-09-03T09:13:41Z;oom_by_design
15b83a5,Tesla T4,580.82.07,12.8.93,2.11.0+cu128,2025.1.1.0,,torch_unfused,0,fp16,8,32,4096,64,1,,,,,,run=2026-09-03T09:13:41Z;oom_by_design
15b83a5,Tesla T4,580.82.07,12.8.93,2.11.0+cu128,2025.1.1.0,,sdpa_flash,0,fp16,1,8,4096,128,0,,,,,,run=2026-09-03T09:13:41Z;backend_refused:Memory efficient kernel not used because: (Triggered internally at /pytorch/aten/src/ATen/native/transformers/cuda/sdp_utils.cpp:986.) | Memory Efficient attention has been runtime disabled. (Triggere
15b83a5,Tesla T4,580.82.07,12.8.93,2.11.0+cu128,2025.1.1.0,,sdpa_cudnn,0,fp16,1,8,4096,128,0,,,,,,run=2026-09-03T09:13:41Z;backend_refused:Memory efficient kernel not used because: (Triggered internally at /pytorch/aten/src/ATen/native/transformers/cuda/sdp_utils.cpp:986.) | Memory Efficient attention has been runtime disabled. (Triggere
15b83a5,Tesla T4,580.82.07,12.8.93,2.11.0+cu128,2025.1.1.0,,flash_attn,0,fp16,1,8,4096,128,0,,,,,,run=2026-09-03T09:13:41Z;backend_refused:not importable: No module named 'flash_attn'
15b83a5,Tesla T4,580.82.07,12.8.93,2.11.0+cu128,2025.1.1.0,585,tuned,5,fp16,1,8,4096,128,0,14.2269,14.2080,14.2436,4.830,2.4,run=2026-09-03T09:13:41Z;clock_lock=585;iters=100;max_err=6.341e-05 torch_same_dtype_err=2.946e-04 tol=5.902e-04 cap=1e-02
15b83a5,Tesla T4,580.82.07,12.8.93,2.11.0+cu128,2025.1.1.0,585,sdpa_efficient,0,fp16,1,8,4096,128,0,9.8674,9.8477,9.8865,6.964,3.4,run=2026-09-03T09:13:41Z;clock_lock=585;iters=100;max_err=5.866e-05 torch_same_dtype_err=2.946e-04 tol=5.902e-04 cap=1e-02
15b83a5,Tesla T4,580.82.07,12.8.93,2.11.0+cu128,2025.1.1.0,585,sdpa_math_fp32,0,fp16,1,8,4096,128,0,41.5014,41.4863,43.3554,1.656,53.4,oracle_not_speed_baseline;run=2026-09-03T09:13:41Z;clock=unlocked;clock_lock_failed=585;clock=525-585;noisy_clock;iters=100;max_err=3.726e-07 torch_same_dtype_err=2.946e-04 tol=5.902e-04 cap=1e-02
15b83a5,Tesla T4,580.82.07,12.8.93,2.11.0+cu128,2025.1.1.0,585,torch_unfused,0,fp16,1,8,4096,128,0,14.6121,14.6027,14.6186,4.703,75.8,run=2026-09-03T09:13:41Z;clock_lock=585;iters=100;max_err=2.946e-04 torch_same_dtype_err=2.946e-04 tol=5.902e-04 cap=1e-02
15b83a5,Tesla T4,580.82.07,12.8.93,2.11.0+cu128,2025.1.1.0,,sdpa_flash,0,fp16,1,8,4096,128,1,,,,,,run=2026-09-03T09:13:41Z;backend_refused:Memory efficient kernel not used because: (Triggered internally at /pytorch/aten/src/ATen/native/transformers/cuda/sdp_utils.cpp:986.) | Memory Efficient attention has been runtime disabled. (Triggere
15b83a5,Tesla T4,580.82.07,12.8.93,2.11.0+cu128,2025.1.1.0,,sdpa_cudnn,0,fp16,1,8,4096,128,1,,,,,,run=2026-09-03T09:13:41Z;backend_refused:Memory efficient kernel not used because: (Triggered internally at /pytorch/aten/src/ATen/native/transformers/cuda/sdp_utils.cpp:986.) | Memory Efficient attention has been runtime disabled. (Triggere
15b83a5,Tesla T4,580.82.07,12.8.93,2.11.0+cu128,2025.1.1.0,,flash_attn,0,fp16,1,8,4096,128,1,,,,,,run=2026-09-03T09:13:41Z;backend_refused:not importable: No module named 'flash_attn'
15b83a5,Tesla T4,580.82.07,12.8.93,2.11.0+cu128,2025.1.1.0,585,tuned,5,fp16,1,8,4096,128,1,8.5214,8.4840,8.5683,4.032,4.0,run=2026-09-03T09:13:41Z;flops=causal_half;clock_lock=585;iters=100;max_err=7.683e-04 torch_same_dtype_err=1.785e-03 tol=3.570e-03 cap=1e-02
15b83a5,Tesla T4,580.82.07,12.8.93,2.11.0+cu128,2025.1.1.0,585,sdpa_efficient,0,fp16,1,8,4096,128,1,5.2735,5.2427,5.3114,6.516,6.4,run=2026-09-03T09:13:41Z;flops=causal_half;clock_lock=585;iters=100;max_err=7.683e-04 torch_same_dtype_err=1.785e-03 tol=3.570e-03 cap=1e-02
15b83a5,Tesla T4,580.82.07,12.8.93,2.11.0+cu128,2025.1.1.0,585,sdpa_math_fp32,0,fp16,1,8,4096,128,1,49.8128,49.7993,49.8223,1.380,44.5,oracle_not_speed_baseline;run=2026-09-03T09:13:41Z;flops=full;clock_lock=585;iters=100;max_err=1.089e-06 torch_same_dtype_err=1.785e-03 tol=3.570e-03 cap=1e-02
15b83a5,Tesla T4,580.82.07,12.8.93,2.11.0+cu128,2025.1.1.0,585,torch_unfused,0,fp16,1,8,4096,128,1,21.9464,21.9342,21.9545,3.131,50.5,run=2026-09-03T09:13:41Z;flops=full;clock_lock=585;iters=100;max_err=1.785e-03 torch_same_dtype_err=1.785e-03 tol=3.570e-03 cap=1e-02
15b83a5,Tesla T4,580.82.07,12.8.93,2.11.0+cu128,2025.1.1.0,,sdpa_flash,0,fp16,8,32,4096,128,0,,,,,,run=2026-09-03T09:13:41Z;backend_refused:Memory efficient kernel not used because: (Triggered internally at /pytorch/aten/src/ATen/native/transformers/cuda/sdp_utils.cpp:986.) | Memory Efficient attention has been runtime disabled. (Triggere
15b83a5,Tesla T4,580.82.07,12.8.93,2.11.0+cu128,2025.1.1.0,,sdpa_cudnn,0,fp16,8,32,4096,128,0,,,,,,run=2026-09-03T09:13:41Z;backend_refused:Memory efficient kernel not used because: (Triggered internally at /pytorch/aten/src/ATen/native/transformers/cuda/sdp_utils.cpp:986.) | Memory Efficient attention has been runtime disabled. (Triggere
15b83a5,Tesla T4,580.82.07,12.8.93,2.11.0+cu128,2025.1.1.0,,flash_attn,0,fp16,8,32,4096,128,0,,,,,,run=2026-09-03T09:13:41Z;backend_refused:not importable: No module named 'flash_attn'
15b83a5,Tesla T4,580.82.07,12.8.93,2.11.0+cu128,2025.1.1.0,585,tuned,5,fp16,8,32,4096,128,0,445.5998,445.4734,445.8617,4.935,2.4,run=2026-09-03T09:13:41Z;clock_lock=585;iters=100;max_err=5.097e-05 torch_same_dtype_err=1.775e-04 tol=3.561e-04 cap=1e-02
15b83a5,Tesla T4,580.82.07,12.8.93,2.11.0+cu128,2025.1.1.0,585,sdpa_efficient,0,fp16,8,32,4096,128,0,308.0813,307.9711,308.1898,7.138,3.5,run=2026-09-03T09:13:41Z;clock_lock=585;iters=100;max_err=5.097e-05 torch_same_dtype_err=1.775e-04 tol=3.561e-04 cap=1e-02
15b83a5,Tesla T4,580.82.07,12.8.93,2.11.0+cu128,2025.1.1.0,,sdpa_math_fp32,0,fp16,8,32,4096,128,0,,,,,,oracle_not_speed_baseline;run=2026-09-03T09:13:41Z;oom_by_design
15b83a5,Tesla T4,580.82.07,12.8.93,2.11.0+cu128,2025.1.1.0,,torch_unfused,0,fp16,8,32,4096,128,0,,,,,,run=2026-09-03T09:13:41Z;oom_by_design
15b83a5,Tesla T4,580.82.07,12.8.93,2.11.0+cu128,2025.1.1.0,,sdpa_flash,0,fp16,8,32,4096,128,1,,,,,,run=2026-09-03T09:13:41Z;backend_refused:Memory efficient kernel not used because: (Triggered internally at /pytorch/aten/src/ATen/native/transformers/cuda/sdp_utils.cpp:986.) | Memory Efficient attention has been runtime disabled. (Triggere
15b83a5,Tesla T4,580.82.07,12.8.93,2.11.0+cu128,2025.1.1.0,,sdpa_cudnn,0,fp16,8,32,4096,128,1,,,,,,run=2026-09-03T09:13:41Z;backend_refused:Memory efficient kernel not used because: (Triggered internally at /pytorch/aten/src/ATen/native/transformers/cuda/sdp_utils.cpp:986.) | Memory Efficient attention has been runtime disabled. (Triggere
15b83a5,Tesla T4,580.82.07,12.8.93,2.11.0+cu128,2025.1.1.0,,flash_attn,0,fp16,8,32,4096,128,1,,,,,,run=2026-09-03T09:13:41Z;backend_refused:not importable: No module named 'flash_attn'
15b83a5,Tesla T4,580.82.07,12.8.93,2.11.0+cu128,2025.1.1.0,585,tuned,5,fp16,8,32,4096,128,1,256.8510,256.7861,256.8992,4.281,4.2,run=2026-09-03T09:13:41Z;flops=causal_half;clock_lock=585;iters=100;max_err=9.331e-04 torch_same_dtype_err=1.609e-03 tol=3.218e-03 cap=1e-02
15b83a5,Tesla T4,580.82.07,12.8.93,2.11.0+cu128,2025.1.1.0,585,sdpa_efficient,0,fp16,8,32,4096,128,1,158.5924,158.5487,158.6482,6.933,6.8,run=2026-09-03T09:13:41Z;flops=causal_half;clock_lock=585;iters=100;max_err=9.331e-04 torch_same_dtype_err=1.609e-03 tol=3.218e-03 cap=1e-02
15b83a5,Tesla T4,580.82.07,12.8.93,2.11.0+cu128,2025.1.1.0,,sdpa_math_fp32,0,fp16,8,32,4096,128,1,,,,,,oracle_not_speed_baseline;run=2026-09-03T09:13:41Z;oom_by_design
15b83a5,Tesla T4,580.82.07,12.8.93,2.11.0+cu128,2025.1.1.0,,torch_unfused,0,fp16,8,32,4096,128,1,,,,,,run=2026-09-03T09:13:41Z;oom_by_design
371f406,Tesla T4,580.82.07,12.8.93,2.11.0+cu128,2025.1.1.0,,sdpa_flash,0,fp16,2,8,2048,64,0,,,,,,run=2026-09-04T00:33:58Z;backend_refused:Memory efficient kernel not used because: (Triggered internally at /pytorch/aten/src/ATen/native/transformers/cuda/sdp_utils.cpp:986.) | Memory Efficient attention has been runtime disabled. (Triggere
371f406,Tesla T4,580.82.07,12.8.93,2.11.0+cu128,2025.1.1.0,,sdpa_cudnn,0,fp16,2,8,2048,64,0,,,,,,run=2026-09-04T00:33:58Z;backend_refused:Memory efficient kernel not used because: (Triggered internally at /pytorch/aten/src/ATen/native/transformers/cuda/sdp_utils.cpp:986.) | Memory Efficient attention has been runtime disabled. (Triggere
371f406,Tesla T4,580.82.07,12.8.93,2.11.0+cu128,2025.1.1.0,,flash_attn,0,fp16,2,8,2048,64,0,,,,,,run=2026-09-04T00:33:58Z;backend_refused:not importable: No module named 'flash_attn'
371f406,Tesla T4,580.82.07,12.8.93,2.11.0+cu128,2025.1.1.0,585,tuned,5,fp16,2,8,2048,64,0,3.6374,3.6308,3.6453,4.723,4.6,run=2026-09-04T00:33:58Z;clock_lock=585;iters=137;max_err=1.216e-04 torch_same_dtype_err=2.687e-04 tol=5.385e-04 cap=1e-02
371f406,Tesla T4,580.82.07,12.8.93,2.11.0+cu128,2025.1.1.0,585,sdpa_efficient,0,fp16,2,8,2048,64,0,2.4850,2.4804,2.4904,6.913,6.8,run=2026-09-04T00:33:58Z;clock_lock=585;iters=198;max_err=1.216e-04 torch_same_dtype_err=2.687e-04 tol=5.385e-04 cap=1e-02
371f406,Tesla T4,580.82.07,12.8.93,2.11.0+cu128,2025.1.1.0,585,sdpa_math_fp32,0,fp16,2,8,2048,64,0,14.0596,14.0459,14.0719,1.222,78.8,oracle_not_speed_baseline;run=2026-09-04T00:33:58Z;clock_lock=585;iters=100;max_err=4.176e-07 torch_same_dtype_err=2.687e-04 tol=5.385e-04 cap=1e-02
371f406,Tesla T4,580.82.07,12.8.93,2.11.0+cu128,2025.1.1.0,585,torch_unfused,0,fp16,2,8,2048,64,0,4.8147,4.8087,4.8210,3.568,115.0,run=2026-09-04T00:33:58Z;clock_lock=585;iters=104;max_err=2.687e-04 torch_same_dtype_err=2.687e-04 tol=5.385e-04 cap=1e-02
371f406,Tesla T4,580.82.07,12.8.93,2.11.0+cu128,2025.1.1.0,,sdpa_flash,0,fp16,2,8,2048,128,0,,,,,,run=2026-09-04T00:33:58Z;backend_refused:Memory efficient kernel not used because: (Triggered internally at /pytorch/aten/src/ATen/native/transformers/cuda/sdp_utils.cpp:986.) | Memory Efficient attention has been runtime disabled. (Triggere
371f406,Tesla T4,580.82.07,12.8.93,2.11.0+cu128,2025.1.1.0,,sdpa_cudnn,0,fp16,2,8,2048,128,0,,,,,,run=2026-09-04T00:33:58Z;backend_refused:Memory efficient kernel not used because: (Triggered internally at /pytorch/aten/src/ATen/native/transformers/cuda/sdp_utils.cpp:986.) | Memory Efficient attention has been runtime disabled. (Triggere
371f406,Tesla T4,580.82.07,12.8.93,2.11.0+cu128,2025.1.1.0,,flash_attn,0,fp16,2,8,2048,128,0,,,,,,run=2026-09-04T00:33:58Z;backend_refused:not importable: No module named 'flash_attn'
371f406,Tesla T4,580.82.07,12.8.93,2.11.0+cu128,2025.1.1.0,585,tuned,5,fp16,2,8,2048,128,0,8.4527,8.4337,8.4704,4.065,4.0,run=2026-09-04T00:33:58Z;clock_lock=585;iters=100;max_err=7.863e-05 torch_same_dtype_err=5.256e-04 tol=1.052e-03 cap=1e-02
371f406,Tesla T4,580.82.07,12.8.93,2.11.0+cu128,2025.1.1.0,585,sdpa_efficient,0,fp16,2,8,2048,128,0,4.9972,4.9833,5.0115,6.876,6.7,run=2026-09-04T00:33:58Z;clock_lock=585;iters=100;max_err=7.863e-05 torch_same_dtype_err=5.256e-04 tol=1.052e-03 cap=1e-02
371f406,Tesla T4,580.82.07,12.8.93,2.11.0+cu128,2025.1.1.0,585,sdpa_math_fp32,0,fp16,2,8,2048,128,0,19.8614,19.8492,19.8725,1.730,57.4,oracle_not_speed_baseline;run=2026-09-04T00:33:58Z;clock_lock=585;iters=100;max_err=3.628e-07 torch_same_dtype_err=5.256e-04 tol=1.052e-03 cap=1e-02
371f406,Tesla T4,580.82.07,12.8.93,2.11.0+cu128,2025.1.1.0,585,torch_unfused,0,fp16,2,8,2048,128,0,5.2643,5.2576,5.2696,6.527,108.4,run=2026-09-04T00:33:58Z;clock_lock=585;iters=100;max_err=5.256e-04 torch_same_dtype_err=5.256e-04 tol=1.052e-03 cap=1e-02
