commit,gpu,driver,nvcc,torch,ncu,clock_mhz,impl,stage,dtype,B,H,N,D,causal,ms_median,ms_p10,ms_p90,tflops,gbps,notes
3add37c,Tesla T4,580.82.07,12.8.93,2.11.0+cu128,2025.1.1.0,,sdpa_flash,0,fp32,2,8,2048,64,0,,,,,,run=2026-09-03T07:12:41Z;backend_refused:Memory efficient kernel not used because: (Triggered internally at /pytorch/aten/src/ATen/native/transformers/cuda/sdp_utils.cpp:986.) | Memory Efficient attention has been runtime disabled. (Triggere
3add37c,Tesla T4,580.82.07,12.8.93,2.11.0+cu128,2025.1.1.0,,sdpa_cudnn,0,fp32,2,8,2048,64,0,,,,,,run=2026-09-03T07:12:41Z;backend_refused:Memory efficient kernel not used because: (Triggered internally at /pytorch/aten/src/ATen/native/transformers/cuda/sdp_utils.cpp:986.) | Memory Efficient attention has been runtime disabled. (Triggere
3add37c,Tesla T4,580.82.07,12.8.93,2.11.0+cu128,2025.1.1.0,,flash_attn,0,fp32,2,8,2048,64,0,,,,,,run=2026-09-03T07:12:41Z;backend_refused:not importable: No module named 'flash_attn'
3add37c,Tesla T4,580.82.07,12.8.93,2.11.0+cu128,2025.1.1.0,585,naive,1,fp32,2,8,2048,64,0,410.6038,410.5943,410.6139,0.042,2.7,run=2026-09-03T06:02:47Z;clock_lock=585;iters=100;max_err=4.769e-07 torch_same_dtype_err=4.252e-07 tol=1.850e-06 cap=1e-04
3add37c,Tesla T4,580.82.07,12.8.93,2.11.0+cu128,2025.1.1.0,585,sdpa_efficient,0,fp32,2,8,2048,64,0,11.6073,11.5976,11.6183,1.480,2.9,run=2026-09-03T07:12:41Z;clock_lock=585;iters=100;max_err=5.612e-07 torch_same_dtype_err=4.252e-07 tol=1.850e-06 cap=1e-04
3add37c,Tesla T4,580.82.07,12.8.93,2.11.0+cu128,2025.1.1.0,585,sdpa_math_fp32,0,fp32,2,8,2048,64,0,14.0648,14.0472,14.0778,1.221,78.7,oracle_not_speed_baseline;run=2026-09-03T07:12:41Z;clock_lock=585;iters=100;max_err=5.365e-07 torch_same_dtype_err=4.252e-07 tol=1.850e-06 cap=1e-04
3add37c,Tesla T4,580.82.07,12.8.93,2.11.0+cu128,2025.1.1.0,585,torch_unfused,0,fp32,2,8,2048,64,0,12.1748,12.1620,12.1877,1.411,90.9,run=2026-09-03T07:12:41Z;clock_lock=585;iters=100;max_err=4.769e-07 torch_same_dtype_err=4.252e-07 tol=1.850e-06 cap=1e-04
3add37c,Tesla T4,580.82.07,12.8.93,2.11.0+cu128,2025.1.1.0,,sdpa_flash,0,fp32,2,8,2048,128,0,,,,,,run=2026-09-03T07:12:41Z;backend_refused:Memory efficient kernel not used because: (Triggered internally at /pytorch/aten/src/ATen/native/transformers/cuda/sdp_utils.cpp:986.) | Memory Efficient attention has been runtime disabled. (Triggere
3add37c,Tesla T4,580.82.07,12.8.93,2.11.0+cu128,2025.1.1.0,,sdpa_cudnn,0,fp32,2,8,2048,128,0,,,,,,run=2026-09-03T07:12:41Z;backend_refused:Memory efficient kernel not used because: (Triggered internally at /pytorch/aten/src/ATen/native/transformers/cuda/sdp_utils.cpp:986.) | Memory Efficient attention has been runtime disabled. (Triggere
3add37c,Tesla T4,580.82.07,12.8.93,2.11.0+cu128,2025.1.1.0,,flash_attn,0,fp32,2,8,2048,128,0,,,,,,run=2026-09-03T07:12:41Z;backend_refused:not importable: No module named 'flash_attn'
3add37c,Tesla T4,580.82.07,12.8.93,2.11.0+cu128,2025.1.1.0,585,naive,1,fp32,2,8,2048,128,0,817.0893,817.0754,817.1036,0.042,1.4,run=2026-09-03T06:02:47Z;clock_lock=585;iters=100;max_err=4.762e-07 torch_same_dtype_err=3.636e-07 tol=1.727e-06 cap=1e-04
3add37c,Tesla T4,580.82.07,12.8.93,2.11.0+cu128,2025.1.1.0,585,sdpa_efficient,0,fp32,2,8,2048,128,0,20.8658,20.8588,20.8734,1.647,3.2,run=2026-09-03T07:12:41Z;clock_lock=585;iters=100;max_err=4.110e-07 torch_same_dtype_err=3.636e-07 tol=1.727e-06 cap=1e-04
3add37c,Tesla T4,580.82.07,12.8.93,2.11.0+cu128,2025.1.1.0,585,sdpa_math_fp32,0,fp32,2,8,2048,128,0,19.8742,19.8575,19.8862,1.729,57.4,oracle_not_speed_baseline;run=2026-09-03T07:12:41Z;clock_lock=585;iters=100;max_err=4.219e-07 torch_same_dtype_err=3.636e-07 tol=1.727e-06 cap=1e-04
3add37c,Tesla T4,580.82.07,12.8.93,2.11.0+cu128,2025.1.1.0,585,torch_unfused,0,fp32,2,8,2048,128,0,17.8404,17.8269,17.8524,1.926,63.9,run=2026-09-03T07:12:41Z;clock_lock=585;iters=100;max_err=4.762e-07 torch_same_dtype_err=3.636e-07 tol=1.727e-06 cap=1e-04
3add37c,Tesla T4,580.82.07,12.8.93,2.11.0+cu128,2025.1.1.0,,sdpa_flash,0,fp32,1,8,128,64,0,,,,,,run=2026-09-03T07:15:25Z;backend_refused:Memory efficient kernel not used because: (Triggered internally at /pytorch/aten/src/ATen/native/transformers/cuda/sdp_utils.cpp:986.) | Memory Efficient attention has been runtime disabled. (Triggere
3add37c,Tesla T4,580.82.07,12.8.93,2.11.0+cu128,2025.1.1.0,,sdpa_cudnn,0,fp32,1,8,128,64,0,,,,,,run=2026-09-03T07:15:25Z;backend_refused:Memory efficient kernel not used because: (Triggered internally at /pytorch/aten/src/ATen/native/transformers/cuda/sdp_utils.cpp:986.) | Memory Efficient attention has been runtime disabled. (Triggere
3add37c,Tesla T4,580.82.07,12.8.93,2.11.0+cu128,2025.1.1.0,,flash_attn,0,fp32,1,8,128,64,0,,,,,,run=2026-09-03T07:15:25Z;backend_refused:not importable: No module named 'flash_attn'
3add37c,Tesla T4,580.82.07,12.8.93,2.11.0+cu128,2025.1.1.0,585,naive,1,fp32,1,8,128,64,0,0.8563,0.8557,0.8577,0.039,3.7,run=2026-09-03T06:08:39Z;clock_lock=585;iters=573;max_err=4.397e-07 torch_same_dtype_err=3.979e-07 tol=1.796e-06 cap=1e-04
3add37c,Tesla T4,580.82.07,12.8.93,2.11.0+cu128,2025.1.1.0,585,sdpa_efficient,0,fp32,1,8,128,64,0,0.0737,0.0733,0.0738,0.455,14.3,run=2026-09-03T07:15:25Z;clock_lock=585;iters=1000;max_err=5.096e-07 torch_same_dtype_err=3.979e-07 tol=1.796e-06 cap=1e-04
3add37c,Tesla T4,580.82.07,12.8.93,2.11.0+cu128,2025.1.1.0,585,sdpa_math_fp32,0,fp32,1,8,128,64,0,0.1208,0.1197,0.1213,0.278,26.0,oracle_not_speed_baseline;run=2026-09-03T07:15:25Z;clock_lock=585;iters=1000;max_err=4.397e-07 torch_same_dtype_err=3.979e-07 tol=1.796e-06 cap=1e-04
3add37c,Tesla T4,580.82.07,12.8.93,2.11.0+cu128,2025.1.1.0,585,torch_unfused,0,fp32,1,8,128,64,0,0.0880,0.0870,0.0882,0.381,35.7,run=2026-09-03T07:15:25Z;clock_lock=585;iters=1000;max_err=4.099e-07 torch_same_dtype_err=3.979e-07 tol=1.796e-06 cap=1e-04
3add37c,Tesla T4,580.82.07,12.8.93,2.11.0+cu128,2025.1.1.0,,sdpa_flash,0,fp32,1,8,128,64,1,,,,,,flops=full;run=2026-09-03T07:15:25Z;backend_refused:Memory efficient kernel not used because: (Triggered internally at /pytorch/aten/src/ATen/native/transformers/cuda/sdp_utils.cpp:986.) | Memory Efficient attention has been runtime disabled. (Triggere
3add37c,Tesla T4,580.82.07,12.8.93,2.11.0+cu128,2025.1.1.0,,sdpa_cudnn,0,fp32,1,8,128,64,1,,,,,,flops=full;run=2026-09-03T07:15:25Z;backend_refused:Memory efficient kernel not used because: (Triggered internally at /pytorch/aten/src/ATen/native/transformers/cuda/sdp_utils.cpp:986.) | Memory Efficient attention has been runtime disabled. (Triggere
3add37c,Tesla T4,580.82.07,12.8.93,2.11.0+cu128,2025.1.1.0,,flash_attn,0,fp32,1,8,128,64,1,,,,,,flops=full;run=2026-09-03T07:15:25Z;backend_refused:not importable: No module named 'flash_attn'
3add37c,Tesla T4,580.82.07,12.8.93,2.11.0+cu128,2025.1.1.0,585,naive,1,fp32,1,8,128,64,1,0.5305,0.5181,0.5464,0.063,5.9,flops=full;run=2026-09-03T06:08:39Z;clock_lock=585;iters=936;max_err=5.474e-07 torch_same_dtype_err=5.362e-07 tol=2.072e-06 cap=1e-04
3add37c,Tesla T4,580.82.07,12.8.93,2.11.0+cu128,2025.1.1.0,585,sdpa_efficient,0,fp32,1,8,128,64,1,0.0744,0.0737,0.0753,0.451,14.1,flops=full;run=2026-09-03T07:15:25Z;clock_lock=585;iters=1000;max_err=5.174e-07 torch_same_dtype_err=5.362e-07 tol=2.072e-06 cap=1e-04
3add37c,Tesla T4,580.82.07,12.8.93,2.11.0+cu128,2025.1.1.0,585,sdpa_math_fp32,0,fp32,1,8,128,64,1,0.1543,0.1536,0.1554,0.218,20.4,oracle_not_speed_baseline;flops=full;run=2026-09-03T07:15:25Z;clock_lock=585;iters=1000;max_err=5.958e-07 torch_same_dtype_err=5.362e-07 tol=2.072e-06 cap=1e-04
3add37c,Tesla T4,580.82.07,12.8.93,2.11.0+cu128,2025.1.1.0,585,torch_unfused,0,fp32,1,8,128,64,1,0.1058,0.1049,0.1065,0.317,29.7,flops=full;run=2026-09-03T07:15:25Z;clock_lock=585;iters=1000;max_err=5.204e-07 torch_same_dtype_err=5.362e-07 tol=2.072e-06 cap=1e-04
3add37c,Tesla T4,580.82.07,12.8.93,2.11.0+cu128,2025.1.1.0,,sdpa_flash,0,fp32,8,32,128,64,0,,,,,,run=2026-09-03T07:15:25Z;backend_refused:Memory efficient kernel not used because: (Triggered internally at /pytorch/aten/src/ATen/native/transformers/cuda/sdp_utils.cpp:986.) | Memory Efficient attention has been runtime disabled. (Triggere
3add37c,Tesla T4,580.82.07,12.8.93,2.11.0+cu128,2025.1.1.0,,sdpa_cudnn,0,fp32,8,32,128,64,0,,,,,,run=2026-09-03T07:15:25Z;backend_refused:Memory efficient kernel not used because: (Triggered internally at /pytorch/aten/src/ATen/native/transformers/cuda/sdp_utils.cpp:986.) | Memory Efficient attention has been runtime disabled. (Triggere
3add37c,Tesla T4,580.82.07,12.8.93,2.11.0+cu128,2025.1.1.0,,flash_attn,0,fp32,8,32,128,64,0,,,,,,run=2026-09-03T07:15:25Z;backend_refused:not importable: No module named 'flash_attn'
3add37c,Tesla T4,580.82.07,12.8.93,2.11.0+cu128,2025.1.1.0,585,naive,1,fp32,8,32,128,64,0,26.2937,26.2905,26.2963,0.041,3.8,run=2026-09-03T06:08:39Z;clock_lock=585;iters=100;max_err=5.865e-07 torch_same_dtype_err=4.026e-07 tol=1.805e-06 cap=1e-04
3add37c,Tesla T4,580.82.07,12.8.93,2.11.0+cu128,2025.1.1.0,585,sdpa_efficient,0,fp32,8,32,128,64,0,0.8359,0.8276,0.8396,1.284,40.3,run=2026-09-03T07:15:25Z;clock_lock=585;iters=597;max_err=4.077e-07 torch_same_dtype_err=4.026e-07 tol=1.805e-06 cap=1e-04
3add37c,Tesla T4,580.82.07,12.8.93,2.11.0+cu128,2025.1.1.0,585,sdpa_math_fp32,0,fp32,8,32,128,64,0,1.1868,1.1843,1.1891,0.905,84.8,oracle_not_speed_baseline;run=2026-09-03T07:15:25Z;clock_lock=585;iters=415;max_err=5.865e-07 torch_same_dtype_err=4.026e-07 tol=1.805e-06 cap=1e-04
3add37c,Tesla T4,580.82.07,12.8.93,2.11.0+cu128,2025.1.1.0,585,torch_unfused,0,fp32,8,32,128,64,0,0.8233,0.8212,0.8255,1.304,122.3,run=2026-09-03T07:15:25Z;clock_lock=585;iters=595;max_err=5.865e-07 torch_same_dtype_err=4.026e-07 tol=1.805e-06 cap=1e-04
3add37c,Tesla T4,580.82.07,12.8.93,2.11.0+cu128,2025.1.1.0,,sdpa_flash,0,fp32,8,32,128,64,1,,,,,,flops=full;run=2026-09-03T07:15:25Z;backend_refused:Memory efficient kernel not used because: (Triggered internally at /pytorch/aten/src/ATen/native/transformers/cuda/sdp_utils.cpp:986.) | Memory Efficient attention has been runtime disabled. (Triggere
3add37c,Tesla T4,580.82.07,12.8.93,2.11.0+cu128,2025.1.1.0,,sdpa_cudnn,0,fp32,8,32,128,64,1,,,,,,flops=full;run=2026-09-03T07:15:25Z;backend_refused:Memory efficient kernel not used because: (Triggered internally at /pytorch/aten/src/ATen/native/transformers/cuda/sdp_utils.cpp:986.) | Memory Efficient attention has been runtime disabled. (Triggere
3add37c,Tesla T4,580.82.07,12.8.93,2.11.0+cu128,2025.1.1.0,,flash_attn,0,fp32,8,32,128,64,1,,,,,,flops=full;run=2026-09-03T07:15:25Z;backend_refused:not importable: No module named 'flash_attn'
3add37c,Tesla T4,580.82.07,12.8.93,2.11.0+cu128,2025.1.1.0,585,naive,1,fp32,8,32,128,64,1,14.6649,14.6534,14.6783,0.073,6.9,flops=full;run=2026-09-03T06:08:39Z;clock_lock=585;iters=100;max_err=6.650e-07 torch_same_dtype_err=5.311e-07 tol=2.062e-06 cap=1e-04
3add37c,Tesla T4,580.82.07,12.8.93,2.11.0+cu128,2025.1.1.0,585,sdpa_efficient,0,fp32,8,32,128,64,1,0.6341,0.6268,0.6422,1.693,53.1,flops=full;run=2026-09-03T07:15:25Z;clock_lock=585;iters=769;max_err=6.041e-07 torch_same_dtype_err=5.311e-07 tol=2.062e-06 cap=1e-04
3add37c,Tesla T4,580.82.07,12.8.93,2.11.0+cu128,2025.1.1.0,585,sdpa_math_fp32,0,fp32,8,32,128,64,1,1.3600,1.3578,1.3625,0.790,74.0,oracle_not_speed_baseline;flops=full;run=2026-09-03T07:15:25Z;clock_lock=585;iters=363;max_err=7.592e-07 torch_same_dtype_err=5.311e-07 tol=2.062e-06 cap=1e-04
3add37c,Tesla T4,580.82.07,12.8.93,2.11.0+cu128,2025.1.1.0,585,torch_unfused,0,fp32,8,32,128,64,1,1.1146,1.1121,1.1178,0.963,90.3,flops=full;run=2026-09-03T07:15:25Z;clock_lock=585;iters=440;max_err=6.054e-07 torch_same_dtype_err=5.311e-07 tol=2.062e-06 cap=1e-04
3add37c,Tesla T4,580.82.07,12.8.93,2.11.0+cu128,2025.1.1.0,,sdpa_flash,0,fp32,1,8,128,128,0,,,,,,run=2026-09-03T07:15:25Z;backend_refused:Memory efficient kernel not used because: (Triggered internally at /pytorch/aten/src/ATen/native/transformers/cuda/sdp_utils.cpp:986.) | Memory Efficient attention has been runtime disabled. (Triggere
3add37c,Tesla T4,580.82.07,12.8.93,2.11.0+cu128,2025.1.1.0,,sdpa_cudnn,0,fp32,1,8,128,128,0,,,,,,run=2026-09-03T07:15:25Z;backend_refused:Memory efficient kernel not used because: (Triggered internally at /pytorch/aten/src/ATen/native/transformers/cuda/sdp_utils.cpp:986.) | Memory Efficient attention has been runtime disabled. (Triggere
3add37c,Tesla T4,580.82.07,12.8.93,2.11.0+cu128,2025.1.1.0,,flash_attn,0,fp32,1,8,128,128,0,,,,,,run=2026-09-03T07:15:25Z;backend_refused:not importable: No module named 'flash_attn'
3add37c,Tesla T4,580.82.07,12.8.93,2.11.0+cu128,2025.1.1.0,585,naive,1,fp32,1,8,128,128,0,1.6563,1.6549,1.6572,0.041,2.5,run=2026-09-03T06:08:39Z;clock_lock=585;iters=300;max_err=6.100e-07 torch_same_dtype_err=6.326e-07 tol=2.265e-06 cap=1e-04
3add37c,Tesla T4,580.82.07,12.8.93,2.11.0+cu128,2025.1.1.0,585,sdpa_efficient,0,fp32,1,8,128,128,0,0.0697,0.0696,0.0707,0.962,30.1,run=2026-09-03T07:15:25Z;clock_lock=585;iters=1000;max_err=6.022e-07 torch_same_dtype_err=6.326e-07 tol=2.265e-06 cap=1e-04
3add37c,Tesla T4,580.82.07,12.8.93,2.11.0+cu128,2025.1.1.0,585,sdpa_math_fp32,0,fp32,1,8,128,128,0,0.1392,0.1380,0.1394,0.482,30.1,oracle_not_speed_baseline;run=2026-09-03T07:15:25Z;clock_lock=585;iters=1000;max_err=5.407e-07 torch_same_dtype_err=6.326e-07 tol=2.265e-06 cap=1e-04
3add37c,Tesla T4,580.82.07,12.8.93,2.11.0+cu128,2025.1.1.0,585,torch_unfused,0,fp32,1,8,128,128,0,0.1044,0.1034,0.1048,0.643,40.2,run=2026-09-03T07:15:25Z;clock_lock=585;iters=1000;max_err=6.100e-07 torch_same_dtype_err=6.326e-07 tol=2.265e-06 cap=1e-04
3add37c,Tesla T4,580.82.07,12.8.93,2.11.0+cu128,2025.1.1.0,,sdpa_flash,0,fp32,1,8,128,128,1,,,,,,flops=full;run=2026-09-03T07:15:25Z;backend_refused:Memory efficient kernel not used because: (Triggered internally at /pytorch/aten/src/ATen/native/transformers/cuda/sdp_utils.cpp:986.) | Memory Efficient attention has been runtime disabled. (Triggere
3add37c,Tesla T4,580.82.07,12.8.93,2.11.0+cu128,2025.1.1.0,,sdpa_cudnn,0,fp32,1,8,128,128,1,,,,,,flops=full;run=2026-09-03T07:15:25Z;backend_refused:Memory efficient kernel not used because: (Triggered internally at /pytorch/aten/src/ATen/native/transformers/cuda/sdp_utils.cpp:986.) | Memory Efficient attention has been runtime disabled. (Triggere
3add37c,Tesla T4,580.82.07,12.8.93,2.11.0+cu128,2025.1.1.0,,flash_attn,0,fp32,1,8,128,128,1,,,,,,flops=full;run=2026-09-03T07:15:25Z;backend_refused:not importable: No module named 'flash_attn'
3add37c,Tesla T4,580.82.07,12.8.93,2.11.0+cu128,2025.1.1.0,585,naive,1,fp32,1,8,128,128,1,1.0015,0.9770,1.0324,0.067,4.2,flops=full;run=2026-09-03T06:08:39Z;clock_lock=585;iters=481;max_err=8.202e-07 torch_same_dtype_err=4.112e-07 tol=1.822e-06 cap=1e-04
3add37c,Tesla T4,580.82.07,12.8.93,2.11.0+cu128,2025.1.1.0,585,sdpa_efficient,0,fp32,1,8,128,128,1,0.0698,0.0696,0.0708,0.962,30.1,flops=full;run=2026-09-03T07:15:25Z;clock_lock=585;iters=1000;max_err=8.435e-07 torch_same_dtype_err=4.112e-07 tol=1.822e-06 cap=1e-04
3add37c,Tesla T4,580.82.07,12.8.93,2.11.0+cu128,2025.1.1.0,585,sdpa_math_fp32,0,fp32,1,8,128,128,1,0.1726,0.1720,0.1737,0.389,24.3,oracle_not_speed_baseline;flops=full;run=2026-09-03T07:15:25Z;clock_lock=585;iters=1000;max_err=7.901e-07 torch_same_dtype_err=4.112e-07 tol=1.822e-06 cap=1e-04
3add37c,Tesla T4,580.82.07,12.8.93,2.11.0+cu128,2025.1.1.0,585,torch_unfused,0,fp32,1,8,128,128,1,0.1223,0.1213,0.1228,0.549,34.3,flops=full;run=2026-09-03T07:15:25Z;clock_lock=585;iters=1000;max_err=8.202e-07 torch_same_dtype_err=4.112e-07 tol=1.822e-06 cap=1e-04
3add37c,Tesla T4,580.82.07,12.8.93,2.11.0+cu128,2025.1.1.0,,sdpa_flash,0,fp32,8,32,128,128,0,,,,,,run=2026-09-03T07:15:25Z;backend_refused:Memory efficient kernel not used because: (Triggered internally at /pytorch/aten/src/ATen/native/transformers/cuda/sdp_utils.cpp:986.) | Memory Efficient attention has been runtime disabled. (Triggere
3add37c,Tesla T4,580.82.07,12.8.93,2.11.0+cu128,2025.1.1.0,,sdpa_cudnn,0,fp32,8,32,128,128,0,,,,,,run=2026-09-03T07:15:25Z;backend_refused:Memory efficient kernel not used because: (Triggered internally at /pytorch/aten/src/ATen/native/transformers/cuda/sdp_utils.cpp:986.) | Memory Efficient attention has been runtime disabled. (Triggere
3add37c,Tesla T4,580.82.07,12.8.93,2.11.0+cu128,2025.1.1.0,,flash_attn,0,fp32,8,32,128,128,0,,,,,,run=2026-09-03T07:15:25Z;backend_refused:not importable: No module named 'flash_attn'
3add37c,Tesla T4,580.82.07,12.8.93,2.11.0+cu128,2025.1.1.0,585,naive,1,fp32,8,32,128,128,0,51.6639,51.6590,51.6679,0.042,2.6,run=2026-09-03T06:08:39Z;clock_lock=585;iters=100;max_err=1.260e-06 torch_same_dtype_err=4.554e-07 tol=1.911e-06 cap=1e-04
3add37c,Tesla T4,580.82.07,12.8.93,2.11.0+cu128,2025.1.1.0,585,sdpa_efficient,0,fp32,8,32,128,128,0,1.3941,1.3926,1.3948,1.540,48.2,run=2026-09-03T07:15:25Z;clock_lock=585;iters=354;max_err=1.092e-06 torch_same_dtype_err=4.554e-07 tol=1.911e-06 cap=1e-04
3add37c,Tesla T4,580.82.07,12.8.93,2.11.0+cu128,2025.1.1.0,585,sdpa_math_fp32,0,fp32,8,32,128,128,0,1.7015,1.6988,1.7039,1.262,78.9,oracle_not_speed_baseline;run=2026-09-03T07:15:25Z;clock_lock=585;iters=289;max_err=7.396e-07 torch_same_dtype_err=4.554e-07 tol=1.911e-06 cap=1e-04
3add37c,Tesla T4,580.82.07,12.8.93,2.11.0+cu128,2025.1.1.0,585,torch_unfused,0,fp32,8,32,128,128,0,1.1977,1.1957,1.2000,1.793,112.1,run=2026-09-03T07:15:25Z;clock_lock=585;iters=410;max_err=1.200e-06 torch_same_dtype_err=4.554e-07 tol=1.911e-06 cap=1e-04
3add37c,Tesla T4,580.82.07,12.8.93,2.11.0+cu128,2025.1.1.0,,sdpa_flash,0,fp32,8,32,128,128,1,,,,,,flops=full;run=2026-09-03T07:15:25Z;backend_refused:Memory efficient kernel not used because: (Triggered internally at /pytorch/aten/src/ATen/native/transformers/cuda/sdp_utils.cpp:986.) | Memory Efficient attention has been runtime disabled. (Triggere
3add37c,Tesla T4,580.82.07,12.8.93,2.11.0+cu128,2025.1.1.0,,sdpa_cudnn,0,fp32,8,32,128,128,1,,,,,,flops=full;run=2026-09-03T07:15:25Z;backend_refused:Memory efficient kernel not used because: (Triggered internally at /pytorch/aten/src/ATen/native/transformers/cuda/sdp_utils.cpp:986.) | Memory Efficient attention has been runtime disabled. (Triggere
3add37c,Tesla T4,580.82.07,12.8.93,2.11.0+cu128,2025.1.1.0,,flash_attn,0,fp32,8,32,128,128,1,,,,,,flops=full;run=2026-09-03T07:15:25Z;backend_refused:not importable: No module named 'flash_attn'
3add37c,Tesla T4,580.82.07,12.8.93,2.11.0+cu128,2025.1.1.0,585,naive,1,fp32,8,32,128,128,1,28.3932,28.3682,28.4202,0.076,4.7,flops=full;run=2026-09-03T06:08:39Z;clock_lock=585;iters=100;max_err=7.379e-07 torch_same_dtype_err=4.314e-07 tol=1.863e-06 cap=1e-04
3add37c,Tesla T4,580.82.07,12.8.93,2.11.0+cu128,2025.1.1.0,585,sdpa_efficient,0,fp32,8,32,128,128,1,1.1619,1.1551,1.1697,1.848,57.9,flops=full;run=2026-09-03T07:15:25Z;clock_lock=585;iters=423;max_err=6.348e-07 torch_same_dtype_err=4.314e-07 tol=1.863e-06 cap=1e-04
3add37c,Tesla T4,580.82.07,12.8.93,2.11.0+cu128,2025.1.1.0,585,sdpa_math_fp32,0,fp32,8,32,128,128,1,1.8738,1.8715,1.8763,1.146,71.6,oracle_not_speed_baseline;flops=full;run=2026-09-03T07:15:25Z;clock_lock=585;iters=265;max_err=7.211e-07 torch_same_dtype_err=4.314e-07 tol=1.863e-06 cap=1e-04
3add37c,Tesla T4,580.82.07,12.8.93,2.11.0+cu128,2025.1.1.0,585,torch_unfused,0,fp32,8,32,128,128,1,1.4889,1.4868,1.4910,1.442,90.1,flops=full;run=2026-09-03T07:15:25Z;clock_lock=585;iters=331;max_err=7.583e-07 torch_same_dtype_err=4.314e-07 tol=1.863e-06 cap=1e-04
3add37c,Tesla T4,580.82.07,12.8.93,2.11.0+cu128,2025.1.1.0,,sdpa_flash,0,fp32,1,8,256,64,0,,,,,,run=2026-09-03T07:15:25Z;backend_refused:Memory efficient kernel not used because: (Triggered internally at /pytorch/aten/src/ATen/native/transformers/cuda/sdp_utils.cpp:986.) | Memory Efficient attention has been runtime disabled. (Triggere
3add37c,Tesla T4,580.82.07,12.8.93,2.11.0+cu128,2025.1.1.0,,sdpa_cudnn,0,fp32,1,8,256,64,0,,,,,,run=2026-09-03T07:15:25Z;backend_refused:Memory efficient kernel not used because: (Triggered internally at /pytorch/aten/src/ATen/native/transformers/cuda/sdp_utils.cpp:986.) | Memory Efficient attention has been runtime disabled. (Triggere
3add37c,Tesla T4,580.82.07,12.8.93,2.11.0+cu128,2025.1.1.0,,flash_attn,0,fp32,1,8,256,64,0,,,,,,run=2026-09-03T07:15:25Z;backend_refused:not importable: No module named 'flash_attn'
3add37c,Tesla T4,580.82.07,12.8.93,2.11.0+cu128,2025.1.1.0,585,naive,1,fp32,1,8,256,64,0,3.2835,3.2820,3.2871,0.041,3.2,run=2026-09-03T06:08:39Z;clock_lock=585;iters=152;max_err=4.170e-07 torch_same_dtype_err=3.512e-07 tol=1.702e-06 cap=1e-04
3add37c,Tesla T4,580.82.07,12.8.93,2.11.0+cu128,2025.1.1.0,585,sdpa_efficient,0,fp32,1,8,256,64,0,0.1516,0.1515,0.1531,0.885,13.9,run=2026-09-03T07:15:25Z;clock_lock=585;iters=1000;max_err=3.512e-07 torch_same_dtype_err=3.512e-07 tol=1.702e-06 cap=1e-04
3add37c,Tesla T4,580.82.07,12.8.93,2.11.0+cu128,2025.1.1.0,585,sdpa_math_fp32,0,fp32,1,8,256,64,0,0.2151,0.2143,0.2168,0.624,48.7,oracle_not_speed_baseline;run=2026-09-03T07:15:25Z;clock_lock=585;iters=1000;max_err=6.256e-07 torch_same_dtype_err=3.512e-07 tol=1.702e-06 cap=1e-04
3add37c,Tesla T4,580.82.07,12.8.93,2.11.0+cu128,2025.1.1.0,585,torch_unfused,0,fp32,1,8,256,64,0,0.1584,0.1577,0.1596,0.847,66.2,run=2026-09-03T07:15:25Z;clock_lock=585;iters=1000;max_err=4.468e-07 torch_same_dtype_err=3.512e-07 tol=1.702e-06 cap=1e-04
3add37c,Tesla T4,580.82.07,12.8.93,2.11.0+cu128,2025.1.1.0,,sdpa_flash,0,fp32,1,8,256,64,1,,,,,,flops=full;run=2026-09-03T07:15:25Z;backend_refused:Memory efficient kernel not used because: (Triggered internally at /pytorch/aten/src/ATen/native/transformers/cuda/sdp_utils.cpp:986.) | Memory Efficient attention has been runtime disabled. (Triggere
3add37c,Tesla T4,580.82.07,12.8.93,2.11.0+cu128,2025.1.1.0,,sdpa_cudnn,0,fp32,1,8,256,64,1,,,,,,flops=full;run=2026-09-03T07:15:25Z;backend_refused:Memory efficient kernel not used because: (Triggered internally at /pytorch/aten/src/ATen/native/transformers/cuda/sdp_utils.cpp:986.) | Memory Efficient attention has been runtime disabled. (Triggere
3add37c,Tesla T4,580.82.07,12.8.93,2.11.0+cu128,2025.1.1.0,,flash_attn,0,fp32,1,8,256,64,1,,,,,,flops=full;run=2026-09-03T07:15:25Z;backend_refused:not importable: No module named 'flash_attn'
3add37c,Tesla T4,580.82.07,12.8.93,2.11.0+cu128,2025.1.1.0,585,naive,1,fp32,1,8,256,64,1,1.8289,1.8206,1.8399,0.073,5.7,flops=full;run=2026-09-03T06:08:39Z;clock_lock=585;iters=269;max_err=1.038e-06 torch_same_dtype_err=1.038e-06 tol=3.076e-06 cap=1e-04
3add37c,Tesla T4,580.82.07,12.8.93,2.11.0+cu128,2025.1.1.0,585,sdpa_efficient,0,fp32,1,8,256,64,1,0.1532,0.1521,0.1540,0.876,13.7,flops=full;run=2026-09-03T07:15:25Z;clock_lock=585;iters=1000;max_err=1.277e-06 torch_same_dtype_err=1.038e-06 tol=3.076e-06 cap=1e-04
3add37c,Tesla T4,580.82.07,12.8.93,2.11.0+cu128,2025.1.1.0,585,sdpa_math_fp32,0,fp32,1,8,256,64,1,0.2614,0.2601,0.2621,0.513,40.1,oracle_not_speed_baseline;flops=full;run=2026-09-03T07:15:25Z;clock_lock=585;iters=1000;max_err=1.038e-06 torch_same_dtype_err=1.038e-06 tol=3.076e-06 cap=1e-04
3add37c,Tesla T4,580.82.07,12.8.93,2.11.0+cu128,2025.1.1.0,585,torch_unfused,0,fp32,1,8,256,64,1,0.1932,0.1925,0.1945,0.695,54.3,flops=full;run=2026-09-03T07:15:25Z;clock_lock=585;iters=1000;max_err=1.038e-06 torch_same_dtype_err=1.038e-06 tol=3.076e-06 cap=1e-04
3add37c,Tesla T4,580.82.07,12.8.93,2.11.0+cu128,2025.1.1.0,,sdpa_flash,0,fp32,8,32,256,64,0,,,,,,run=2026-09-03T07:15:25Z;backend_refused:Memory efficient kernel not used because: (Triggered internally at /pytorch/aten/src/ATen/native/transformers/cuda/sdp_utils.cpp:986.) | Memory Efficient attention has been runtime disabled. (Triggere
3add37c,Tesla T4,580.82.07,12.8.93,2.11.0+cu128,2025.1.1.0,,sdpa_cudnn,0,fp32,8,32,256,64,0,,,,,,run=2026-09-03T07:15:25Z;backend_refused:Memory efficient kernel not used because: (Triggered internally at /pytorch/aten/src/ATen/native/transformers/cuda/sdp_utils.cpp:986.) | Memory Efficient attention has been runtime disabled. (Triggere
3add37c,Tesla T4,580.82.07,12.8.93,2.11.0+cu128,2025.1.1.0,,flash_attn,0,fp32,8,32,256,64,0,,,,,,run=2026-09-03T07:15:25Z;backend_refused:not importable: No module named 'flash_attn'
3add37c,Tesla T4,580.82.07,12.8.93,2.11.0+cu128,2025.1.1.0,585,naive,1,fp32,8,32,256,64,0,103.7652,103.7585,103.7742,0.041,3.2,run=2026-09-03T06:08:39Z;clock_lock=585;iters=100;max_err=9.296e-07 torch_same_dtype_err=5.997e-07 tol=2.199e-06 cap=1e-04
3add37c,Tesla T4,580.82.07,12.8.93,2.11.0+cu128,2025.1.1.0,585,sdpa_efficient,0,fp32,8,32,256,64,0,2.9579,2.9553,2.9630,1.452,22.8,run=2026-09-03T07:15:25Z;clock_lock=585;iters=168;max_err=9.394e-07 torch_same_dtype_err=5.997e-07 tol=2.199e-06 cap=1e-04
3add37c,Tesla T4,580.82.07,12.8.93,2.11.0+cu128,2025.1.1.0,585,sdpa_math_fp32,0,fp32,8,32,256,64,0,3.9757,3.9716,3.9805,1.080,84.4,oracle_not_speed_baseline;run=2026-09-03T07:15:25Z;clock_lock=585;iters=126;max_err=8.699e-07 torch_same_dtype_err=5.997e-07 tol=2.199e-06 cap=1e-04
3add37c,Tesla T4,580.82.07,12.8.93,2.11.0+cu128,2025.1.1.0,585,torch_unfused,0,fp32,8,32,256,64,0,3.0751,3.0703,3.0801,1.397,109.1,run=2026-09-03T07:15:25Z;clock_lock=585;iters=162;max_err=8.699e-07 torch_same_dtype_err=5.997e-07 tol=2.199e-06 cap=1e-04
3add37c,Tesla T4,580.82.07,12.8.93,2.11.0+cu128,2025.1.1.0,,sdpa_flash,0,fp32,8,32,256,64,1,,,,,,flops=full;run=2026-09-03T07:15:25Z;backend_refused:Memory efficient kernel not used because: (Triggered internally at /pytorch/aten/src/ATen/native/transformers/cuda/sdp_utils.cpp:986.) | Memory Efficient attention has been runtime disabled. (Triggere
3add37c,Tesla T4,580.82.07,12.8.93,2.11.0+cu128,2025.1.1.0,,sdpa_cudnn,0,fp32,8,32,256,64,1,,,,,,flops=full;run=2026-09-03T07:15:25Z;backend_refused:Memory efficient kernel not used because: (Triggered internally at /pytorch/aten/src/ATen/native/transformers/cuda/sdp_utils.cpp:986.) | Memory Efficient attention has been runtime disabled. (Triggere
3add37c,Tesla T4,580.82.07,12.8.93,2.11.0+cu128,2025.1.1.0,,flash_attn,0,fp32,8,32,256,64,1,,,,,,flops=full;run=2026-09-03T07:15:25Z;backend_refused:not importable: No module named 'flash_attn'
3add37c,Tesla T4,580.82.07,12.8.93,2.11.0+cu128,2025.1.1.0,585,naive,1,fp32,8,32,256,64,1,56.6886,56.6784,56.7020,0.076,5.9,flops=full;run=2026-09-03T06:08:39Z;clock_lock=585;iters=100;max_err=7.222e-07 torch_same_dtype_err=6.507e-07 tol=2.301e-06 cap=1e-04
3add37c,Tesla T4,580.82.07,12.8.93,2.11.0+cu128,2025.1.1.0,585,sdpa_efficient,0,fp32,8,32,256,64,1,1.9390,1.9230,1.9564,2.215,34.7,flops=full;run=2026-09-03T07:15:25Z;clock_lock=585;iters=252;max_err=6.507e-07 torch_same_dtype_err=6.507e-07 tol=2.301e-06 cap=1e-04
3add37c,Tesla T4,580.82.07,12.8.93,2.11.0+cu128,2025.1.1.0,585,sdpa_math_fp32,0,fp32,8,32,256,64,1,4.5774,4.5749,4.5814,0.938,73.3,oracle_not_speed_baseline;flops=full;run=2026-09-03T07:15:25Z;clock_lock=585;iters=109;max_err=7.513e-07 torch_same_dtype_err=6.507e-07 tol=2.301e-06 cap=1e-04
3add37c,Tesla T4,580.82.07,12.8.93,2.11.0+cu128,2025.1.1.0,585,torch_unfused,0,fp32,8,32,256,64,1,4.2078,4.2027,4.2114,1.021,79.7,flops=full;run=2026-09-03T07:15:25Z;clock_lock=585;iters=119;max_err=7.222e-07 torch_same_dtype_err=6.507e-07 tol=2.301e-06 cap=1e-04
3add37c,Tesla T4,580.82.07,12.8.93,2.11.0+cu128,2025.1.1.0,,sdpa_flash,0,fp32,1,8,256,128,0,,,,,,run=2026-09-03T07:15:25Z;backend_refused:Memory efficient kernel not used because: (Triggered internally at /pytorch/aten/src/ATen/native/transformers/cuda/sdp_utils.cpp:986.) | Memory Efficient attention has been runtime disabled. (Triggere
3add37c,Tesla T4,580.82.07,12.8.93,2.11.0+cu128,2025.1.1.0,,sdpa_cudnn,0,fp32,1,8,256,128,0,,,,,,run=2026-09-03T07:15:25Z;backend_refused:Memory efficient kernel not used because: (Triggered internally at /pytorch/aten/src/ATen/native/transformers/cuda/sdp_utils.cpp:986.) | Memory Efficient attention has been runtime disabled. (Triggere
3add37c,Tesla T4,580.82.07,12.8.93,2.11.0+cu128,2025.1.1.0,,flash_attn,0,fp32,1,8,256,128,0,,,,,,run=2026-09-03T07:15:25Z;backend_refused:not importable: No module named 'flash_attn'
3add37c,Tesla T4,580.82.07,12.8.93,2.11.0+cu128,2025.1.1.0,585,naive,1,fp32,1,8,256,128,0,6.4817,6.4799,6.4837,0.041,1.9,run=2026-09-03T06:08:39Z;clock_lock=585;iters=100;max_err=7.035e-07 torch_same_dtype_err=2.799e-07 tol=1.560e-06 cap=1e-04
3add37c,Tesla T4,580.82.07,12.8.93,2.11.0+cu128,2025.1.1.0,585,sdpa_efficient,0,fp32,1,8,256,128,0,0.2164,0.2153,0.2171,1.241,19.4,run=2026-09-03T07:15:25Z;clock_lock=585;iters=1000;max_err=8.227e-07 torch_same_dtype_err=2.799e-07 tol=1.560e-06 cap=1e-04
3add37c,Tesla T4,580.82.07,12.8.93,2.11.0+cu128,2025.1.1.0,585,sdpa_math_fp32,0,fp32,1,8,256,128,0,0.3093,0.3084,0.3108,0.868,40.7,oracle_not_speed_baseline;run=2026-09-03T07:15:25Z;clock_lock=585;iters=1000;max_err=4.783e-07 torch_same_dtype_err=2.799e-07 tol=1.560e-06 cap=1e-04
3add37c,Tesla T4,580.82.07,12.8.93,2.11.0+cu128,2025.1.1.0,585,torch_unfused,0,fp32,1,8,256,128,0,0.2422,0.2416,0.2436,1.108,52.0,run=2026-09-03T07:15:25Z;clock_lock=585;iters=1000;max_err=7.035e-07 torch_same_dtype_err=2.799e-07 tol=1.560e-06 cap=1e-04
3add37c,Tesla T4,580.82.07,12.8.93,2.11.0+cu128,2025.1.1.0,,sdpa_flash,0,fp32,1,8,256,128,1,,,,,,flops=full;run=2026-09-03T07:15:25Z;backend_refused:Memory efficient kernel not used because: (Triggered internally at /pytorch/aten/src/ATen/native/transformers/cuda/sdp_utils.cpp:986.) | Memory Efficient attention has been runtime disabled. (Triggere
3add37c,Tesla T4,580.82.07,12.8.93,2.11.0+cu128,2025.1.1.0,,sdpa_cudnn,0,fp32,1,8,256,128,1,,,,,,flops=full;run=2026-09-03T07:15:25Z;backend_refused:Memory efficient kernel not used because: (Triggered internally at /pytorch/aten/src/ATen/native/transformers/cuda/sdp_utils.cpp:986.) | Memory Efficient attention has been runtime disabled. (Triggere
3add37c,Tesla T4,580.82.07,12.8.93,2.11.0+cu128,2025.1.1.0,,flash_attn,0,fp32,1,8,256,128,1,,,,,,flops=full;run=2026-09-03T07:15:25Z;backend_refused:not importable: No module named 'flash_attn'
3add37c,Tesla T4,580.82.07,12.8.93,2.11.0+cu128,2025.1.1.0,585,naive,1,fp32,1,8,256,128,1,3.5676,3.5494,3.5902,0.075,3.5,flops=full;run=2026-09-03T06:08:39Z;clock_lock=585;iters=140;max_err=6.223e-07 torch_same_dtype_err=3.291e-07 tol=1.658e-06 cap=1e-04
3add37c,Tesla T4,580.82.07,12.8.93,2.11.0+cu128,2025.1.1.0,585,sdpa_efficient,0,fp32,1,8,256,128,1,0.1901,0.1889,0.1905,1.412,22.1,flops=full;run=2026-09-03T07:15:25Z;clock_lock=585;iters=1000;max_err=6.163e-07 torch_same_dtype_err=3.291e-07 tol=1.658e-06 cap=1e-04
3add37c,Tesla T4,580.82.07,12.8.93,2.11.0+cu128,2025.1.1.0,585,sdpa_math_fp32,0,fp32,1,8,256,128,1,0.3566,0.3560,0.3582,0.753,35.3,oracle_not_speed_baseline;flops=full;run=2026-09-03T07:15:25Z;clock_lock=585;iters=1000;max_err=8.663e-07 torch_same_dtype_err=3.291e-07 tol=1.658e-06 cap=1e-04
3add37c,Tesla T4,580.82.07,12.8.93,2.11.0+cu128,2025.1.1.0,585,torch_unfused,0,fp32,1,8,256,128,1,0.2767,0.2754,0.2785,0.970,45.5,flops=full;run=2026-09-03T07:15:25Z;clock_lock=585;iters=1000;max_err=6.223e-07 torch_same_dtype_err=3.291e-07 tol=1.658e-06 cap=1e-04
3add37c,Tesla T4,580.82.07,12.8.93,2.11.0+cu128,2025.1.1.0,,sdpa_flash,0,fp32,8,32,256,128,0,,,,,,run=2026-09-03T07:15:25Z;backend_refused:Memory efficient kernel not used because: (Triggered internally at /pytorch/aten/src/ATen/native/transformers/cuda/sdp_utils.cpp:986.) | Memory Efficient attention has been runtime disabled. (Triggere
3add37c,Tesla T4,580.82.07,12.8.93,2.11.0+cu128,2025.1.1.0,,sdpa_cudnn,0,fp32,8,32,256,128,0,,,,,,run=2026-09-03T07:15:25Z;backend_refused:Memory efficient kernel not used because: (Triggered internally at /pytorch/aten/src/ATen/native/transformers/cuda/sdp_utils.cpp:986.) | Memory Efficient attention has been runtime disabled. (Triggere
3add37c,Tesla T4,580.82.07,12.8.93,2.11.0+cu128,2025.1.1.0,,flash_attn,0,fp32,8,32,256,128,0,,,,,,run=2026-09-03T07:15:25Z;backend_refused:not importable: No module named 'flash_attn'
3add37c,Tesla T4,580.82.07,12.8.93,2.11.0+cu128,2025.1.1.0,585,naive,1,fp32,8,32,256,128,0,205.5102,205.4977,205.5250,0.042,2.0,run=2026-09-03T06:08:39Z;clock_lock=585;iters=100;max_err=5.838e-07 torch_same_dtype_err=2.236e-07 tol=1.447e-06 cap=1e-04
3add37c,Tesla T4,580.82.07,12.8.93,2.11.0+cu128,2025.1.1.0,585,sdpa_efficient,0,fp32,8,32,256,128,0,5.3271,5.3213,5.3331,1.612,25.2,run=2026-09-03T07:15:25Z;clock_lock=585;iters=100;max_err=6.681e-07 torch_same_dtype_err=2.236e-07 tol=1.447e-06 cap=1e-04
3add37c,Tesla T4,580.82.07,12.8.93,2.11.0+cu128,2025.1.1.0,585,sdpa_math_fp32,0,fp32,8,32,256,128,0,5.7301,5.7258,5.7364,1.499,70.3,oracle_not_speed_baseline;run=2026-09-03T07:15:25Z;clock_lock=585;clock=570-585;iters=100;max_err=5.001e-07 torch_same_dtype_err=2.236e-07 tol=1.447e-06 cap=1e-04
3add37c,Tesla T4,580.82.07,12.8.93,2.11.0+cu128,2025.1.1.0,585,torch_unfused,0,fp32,8,32,256,128,0,4.5500,4.5448,4.5557,1.888,88.5,run=2026-09-03T07:15:25Z;clock=unlocked;clock_lock_failed=585;clock=525-585;noisy_clock;iters=101;max_err=5.859e-07 torch_same_dtype_err=2.236e-07 tol=1.447e-06 cap=1e-04
3add37c,Tesla T4,580.82.07,12.8.93,2.11.0+cu128,2025.1.1.0,,sdpa_flash,0,fp32,8,32,256,128,1,,,,,,flops=full;run=2026-09-03T07:15:25Z;backend_refused:Memory efficient kernel not used because: (Triggered internally at /pytorch/aten/src/ATen/native/transformers/cuda/sdp_utils.cpp:986.) | Memory Efficient attention has been runtime disabled. (Triggere
3add37c,Tesla T4,580.82.07,12.8.93,2.11.0+cu128,2025.1.1.0,,sdpa_cudnn,0,fp32,8,32,256,128,1,,,,,,flops=full;run=2026-09-03T07:15:25Z;backend_refused:Memory efficient kernel not used because: (Triggered internally at /pytorch/aten/src/ATen/native/transformers/cuda/sdp_utils.cpp:986.) | Memory Efficient attention has been runtime disabled. (Triggere
3add37c,Tesla T4,580.82.07,12.8.93,2.11.0+cu128,2025.1.1.0,,flash_attn,0,fp32,8,32,256,128,1,,,,,,flops=full;run=2026-09-03T07:15:25Z;backend_refused:not importable: No module named 'flash_attn'
3add37c,Tesla T4,580.82.07,12.8.93,2.11.0+cu128,2025.1.1.0,585,naive,1,fp32,8,32,256,128,1,111.2475,111.2286,111.2706,0.077,3.6,flops=full;run=2026-09-03T06:08:39Z;clock_lock=585;iters=100;max_err=1.110e-06 torch_same_dtype_err=3.302e-07 tol=1.660e-06 cap=1e-04
3add37c,Tesla T4,580.82.07,12.8.93,2.11.0+cu128,2025.1.1.0,585,sdpa_efficient,0,fp32,8,32,256,128,1,3.5890,3.5773,3.6017,2.393,37.5,flops=full;run=2026-09-03T07:15:25Z;clock_lock=585;iters=139;max_err=1.078e-06 torch_same_dtype_err=3.302e-07 tol=1.660e-06 cap=1e-04
3add37c,Tesla T4,580.82.07,12.8.93,2.11.0+cu128,2025.1.1.0,585,sdpa_math_fp32,0,fp32,8,32,256,128,1,6.3340,6.3283,6.3384,1.356,63.6,oracle_not_speed_baseline;flops=full;run=2026-09-03T07:15:25Z;clock_lock=585;iters=100;max_err=7.463e-07 torch_same_dtype_err=3.302e-07 tol=1.660e-06 cap=1e-04
3add37c,Tesla T4,580.82.07,12.8.93,2.11.0+cu128,2025.1.1.0,585,torch_unfused,0,fp32,8,32,256,128,1,5.6832,5.6781,5.6895,1.511,70.9,flops=full;run=2026-09-03T07:15:25Z;clock_lock=585;clock=555-585;iters=100;max_err=1.110e-06 torch_same_dtype_err=3.302e-07 tol=1.660e-06 cap=1e-04
3add37c,Tesla T4,580.82.07,12.8.93,2.11.0+cu128,2025.1.1.0,,sdpa_flash,0,fp32,1,8,512,64,0,,,,,,run=2026-09-03T07:15:25Z;backend_refused:Memory efficient kernel not used because: (Triggered internally at /pytorch/aten/src/ATen/native/transformers/cuda/sdp_utils.cpp:986.) | Memory Efficient attention has been runtime disabled. (Triggere
3add37c,Tesla T4,580.82.07,12.8.93,2.11.0+cu128,2025.1.1.0,,sdpa_cudnn,0,fp32,1,8,512,64,0,,,,,,run=2026-09-03T07:15:25Z;backend_refused:Memory efficient kernel not used because: (Triggered internally at /pytorch/aten/src/ATen/native/transformers/cuda/sdp_utils.cpp:986.) | Memory Efficient attention has been runtime disabled. (Triggere
3add37c,Tesla T4,580.82.07,12.8.93,2.11.0+cu128,2025.1.1.0,,flash_attn,0,fp32,1,8,512,64,0,,,,,,run=2026-09-03T07:15:25Z;backend_refused:not importable: No module named 'flash_attn'
3add37c,Tesla T4,580.82.07,12.8.93,2.11.0+cu128,2025.1.1.0,585,naive,1,fp32,1,8,512,64,0,12.9611,12.9593,12.9631,0.041,2.9,run=2026-09-03T06:08:39Z;clock_lock=585;iters=100;max_err=4.399e-07 torch_same_dtype_err=3.838e-07 tol=1.768e-06 cap=1e-04
3add37c,Tesla T4,580.82.07,12.8.93,2.11.0+cu128,2025.1.1.0,585,sdpa_efficient,0,fp32,1,8,512,64,0,0.4608,0.4589,0.4628,1.165,9.1,run=2026-09-03T07:15:25Z;clock_lock=585;iters=1000;max_err=4.364e-07 torch_same_dtype_err=3.838e-07 tol=1.768e-06 cap=1e-04
3add37c,Tesla T4,580.82.07,12.8.93,2.11.0+cu128,2025.1.1.0,585,sdpa_math_fp32,0,fp32,1,8,512,64,0,0.6533,0.6516,0.6552,0.822,57.8,oracle_not_speed_baseline;run=2026-09-03T07:15:25Z;clock_lock=585;iters=729;max_err=4.101e-07 torch_same_dtype_err=3.838e-07 tol=1.768e-06 cap=1e-04
3add37c,Tesla T4,580.82.07,12.8.93,2.11.0+cu128,2025.1.1.0,585,torch_unfused,0,fp32,1,8,512,64,0,0.5488,0.5468,0.5504,0.978,68.8,run=2026-09-03T07:15:25Z;clock_lock=585;iters=884;max_err=4.697e-07 torch_same_dtype_err=3.838e-07 tol=1.768e-06 cap=1e-04
3add37c,Tesla T4,580.82.07,12.8.93,2.11.0+cu128,2025.1.1.0,,sdpa_flash,0,fp32,1,8,512,64,1,,,,,,flops=full;run=2026-09-03T07:15:25Z;backend_refused:Memory efficient kernel not used because: (Triggered internally at /pytorch/aten/src/ATen/native/transformers/cuda/sdp_utils.cpp:986.) | Memory Efficient attention has been runtime disabled. (Triggere
3add37c,Tesla T4,580.82.07,12.8.93,2.11.0+cu128,2025.1.1.0,,sdpa_cudnn,0,fp32,1,8,512,64,1,,,,,,flops=full;run=2026-09-03T07:15:25Z;backend_refused:Memory efficient kernel not used because: (Triggered internally at /pytorch/aten/src/ATen/native/transformers/cuda/sdp_utils.cpp:986.) | Memory Efficient attention has been runtime disabled. (Triggere
3add37c,Tesla T4,580.82.07,12.8.93,2.11.0+cu128,2025.1.1.0,,flash_attn,0,fp32,1,8,512,64,1,,,,,,flops=full;run=2026-09-03T07:15:25Z;backend_refused:not importable: No module named 'flash_attn'
3add37c,Tesla T4,580.82.07,12.8.93,2.11.0+cu128,2025.1.1.0,585,naive,1,fp32,1,8,512,64,1,7.0656,7.0554,7.0769,0.076,5.3,flops=full;run=2026-09-03T06:08:39Z;clock_lock=585;iters=100;max_err=7.023e-07 torch_same_dtype_err=6.427e-07 tol=2.285e-06 cap=1e-04
3add37c,Tesla T4,580.82.07,12.8.93,2.11.0+cu128,2025.1.1.0,585,sdpa_efficient,0,fp32,1,8,512,64,1,0.4138,0.4106,0.4159,1.297,10.2,flops=full;run=2026-09-03T07:15:25Z;clock_lock=585;iters=1000;max_err=7.023e-07 torch_same_dtype_err=6.427e-07 tol=2.285e-06 cap=1e-04
3add37c,Tesla T4,580.82.07,12.8.93,2.11.0+cu128,2025.1.1.0,585,sdpa_math_fp32,0,fp32,1,8,512,64,1,0.7700,0.7683,0.7714,0.697,49.0,oracle_not_speed_baseline;flops=full;run=2026-09-03T07:15:25Z;clock_lock=585;iters=597;max_err=5.831e-07 torch_same_dtype_err=6.427e-07 tol=2.285e-06 cap=1e-04
3add37c,Tesla T4,580.82.07,12.8.93,2.11.0+cu128,2025.1.1.0,585,torch_unfused,0,fp32,1,8,512,64,1,0.7022,0.7004,0.7039,0.765,53.8,flops=full;run=2026-09-03T07:15:25Z;clock_lock=585;iters=695;max_err=6.427e-07 torch_same_dtype_err=6.427e-07 tol=2.285e-06 cap=1e-04
3add37c,Tesla T4,580.82.07,12.8.93,2.11.0+cu128,2025.1.1.0,,sdpa_flash,0,fp32,8,32,512,64,0,,,,,,run=2026-09-03T07:15:25Z;backend_refused:Memory efficient kernel not used because: (Triggered internally at /pytorch/aten/src/ATen/native/transformers/cuda/sdp_utils.cpp:986.) | Memory Efficient attention has been runtime disabled. (Triggere
3add37c,Tesla T4,580.82.07,12.8.93,2.11.0+cu128,2025.1.1.0,,sdpa_cudnn,0,fp32,8,32,512,64,0,,,,,,run=2026-09-03T07:15:25Z;backend_refused:Memory efficient kernel not used because: (Triggered internally at /pytorch/aten/src/ATen/native/transformers/cuda/sdp_utils.cpp:986.) | Memory Efficient attention has been runtime disabled. (Triggere
3add37c,Tesla T4,580.82.07,12.8.93,2.11.0+cu128,2025.1.1.0,,flash_attn,0,fp32,8,32,512,64,0,,,,,,run=2026-09-03T07:15:25Z;backend_refused:not importable: No module named 'flash_attn'
3add37c,Tesla T4,580.82.07,12.8.93,2.11.0+cu128,2025.1.1.0,585,naive,1,fp32,8,32,512,64,0,412.6775,412.6676,412.6857,0.042,2.9,run=2026-09-03T06:08:39Z;clock_lock=585;iters=100;max_err=3.772e-07 torch_same_dtype_err=2.911e-07 tol=1.582e-06 cap=1e-04
3add37c,Tesla T4,580.82.07,12.8.93,2.11.0+cu128,2025.1.1.0,585,sdpa_efficient,0,fp32,8,32,512,64,0,11.5781,11.5671,11.5882,1.484,11.6,run=2026-09-03T07:15:25Z;clock_lock=585;iters=100;max_err=4.111e-07 torch_same_dtype_err=2.911e-07 tol=1.582e-06 cap=1e-04
3add37c,Tesla T4,580.82.07,12.8.93,2.11.0+cu128,2025.1.1.0,555,sdpa_math_fp32,0,fp32,8,32,512,64,0,15.0108,14.7808,15.2773,1.145,80.5,oracle_not_speed_baseline;run=2026-09-03T07:15:25Z;clock=unlocked;clock_lock_failed=585;clock=510-585;noisy_clock;iters=100;max_err=3.765e-07 torch_same_dtype_err=2.911e-07 tol=1.582e-06 cap=1e-04
3add37c,Tesla T4,580.82.07,12.8.93,2.11.0+cu128,2025.1.1.0,555,torch_unfused,0,fp32,8,32,512,64,0,12.3745,12.1607,12.7048,1.388,97.6,run=2026-09-03T07:15:25Z;clock=unlocked;clock_lock_failed=585;clock=495-585;noisy_clock;iters=100;max_err=3.772e-07 torch_same_dtype_err=2.911e-07 tol=1.582e-06 cap=1e-04
3add37c,Tesla T4,580.82.07,12.8.93,2.11.0+cu128,2025.1.1.0,,sdpa_flash,0,fp32,8,32,512,64,1,,,,,,flops=full;run=2026-09-03T07:15:25Z;backend_refused:Memory efficient kernel not used because: (Triggered internally at /pytorch/aten/src/ATen/native/transformers/cuda/sdp_utils.cpp:986.) | Memory Efficient attention has been runtime disabled. (Triggere
3add37c,Tesla T4,580.82.07,12.8.93,2.11.0+cu128,2025.1.1.0,,sdpa_cudnn,0,fp32,8,32,512,64,1,,,,,,flops=full;run=2026-09-03T07:15:25Z;backend_refused:Memory efficient kernel not used because: (Triggered internally at /pytorch/aten/src/ATen/native/transformers/cuda/sdp_utils.cpp:986.) | Memory Efficient attention has been runtime disabled. (Triggere
3add37c,Tesla T4,580.82.07,12.8.93,2.11.0+cu128,2025.1.1.0,,flash_attn,0,fp32,8,32,512,64,1,,,,,,flops=full;run=2026-09-03T07:15:25Z;backend_refused:not importable: No module named 'flash_attn'
3add37c,Tesla T4,580.82.07,12.8.93,2.11.0+cu128,2025.1.1.0,585,naive,1,fp32,8,32,512,64,1,223.5115,223.4988,223.5208,0.077,5.4,flops=full;run=2026-09-03T06:08:39Z;clock_lock=585;iters=100;max_err=8.007e-07 torch_same_dtype_err=5.938e-07 tol=2.188e-06 cap=1e-04
3add37c,Tesla T4,580.82.07,12.8.93,2.11.0+cu128,2025.1.1.0,585,sdpa_efficient,0,fp32,8,32,512,64,1,6.6532,6.6170,6.6913,2.582,20.3,flops=full;run=2026-09-03T07:15:25Z;clock_lock=585;iters=100;max_err=7.395e-07 torch_same_dtype_err=5.938e-07 tol=2.188e-06 cap=1e-04
3add37c,Tesla T4,580.82.07,12.8.93,2.11.0+cu128,2025.1.1.0,585,sdpa_math_fp32,0,fp32,8,32,512,64,1,16.8840,16.8120,16.8960,1.018,71.5,oracle_not_speed_baseline;flops=full;run=2026-09-03T07:15:25Z;clock_lock=585;iters=100;max_err=8.603e-07 torch_same_dtype_err=5.938e-07 tol=2.188e-06 cap=1e-04
3add37c,Tesla T4,580.82.07,12.8.93,2.11.0+cu128,2025.1.1.0,585,torch_unfused,0,fp32,8,32,512,64,1,16.4860,16.4105,16.5028,1.042,73.3,flops=full;run=2026-09-03T07:15:25Z;clock_lock=585;clock=570-585;iters=100;max_err=8.603e-07 torch_same_dtype_err=5.938e-07 tol=2.188e-06 cap=1e-04
3add37c,Tesla T4,580.82.07,12.8.93,2.11.0+cu128,2025.1.1.0,,sdpa_flash,0,fp32,1,8,512,128,0,,,,,,run=2026-09-03T07:15:25Z;backend_refused:Memory efficient kernel not used because: (Triggered internally at /pytorch/aten/src/ATen/native/transformers/cuda/sdp_utils.cpp:986.) | Memory Efficient attention has been runtime disabled. (Triggere
3add37c,Tesla T4,580.82.07,12.8.93,2.11.0+cu128,2025.1.1.0,,sdpa_cudnn,0,fp32,1,8,512,128,0,,,,,,run=2026-09-03T07:15:25Z;backend_refused:Memory efficient kernel not used because: (Triggered internally at /pytorch/aten/src/ATen/native/transformers/cuda/sdp_utils.cpp:986.) | Memory Efficient attention has been runtime disabled. (Triggere
3add37c,Tesla T4,580.82.07,12.8.93,2.11.0+cu128,2025.1.1.0,,flash_attn,0,fp32,1,8,512,128,0,,,,,,run=2026-09-03T07:15:25Z;backend_refused:not importable: No module named 'flash_attn'
3add37c,Tesla T4,580.82.07,12.8.93,2.11.0+cu128,2025.1.1.0,585,naive,1,fp32,1,8,512,128,0,25.6942,25.6915,25.6965,0.042,1.6,run=2026-09-03T06:08:39Z;clock_lock=585;iters=100;max_err=5.169e-07 torch_same_dtype_err=4.722e-07 tol=1.944e-06 cap=1e-04
3add37c,Tesla T4,580.82.07,12.8.93,2.11.0+cu128,2025.1.1.0,585,sdpa_efficient,0,fp32,1,8,512,128,0,0.8253,0.7700,0.8270,1.301,10.2,run=2026-09-03T07:15:25Z;clock_lock=585;iters=598;max_err=6.886e-07 torch_same_dtype_err=4.722e-07 tol=1.944e-06 cap=1e-04
3add37c,Tesla T4,580.82.07,12.8.93,2.11.0+cu128,2025.1.1.0,585,sdpa_math_fp32,0,fp32,1,8,512,128,0,0.7926,0.7907,0.7947,1.355,52.9,oracle_not_speed_baseline;run=2026-09-03T07:15:25Z;clock_lock=585;iters=612;max_err=5.577e-07 torch_same_dtype_err=4.722e-07 tol=1.944e-06 cap=1e-04
3add37c,Tesla T4,580.82.07,12.8.93,2.11.0+cu128,2025.1.1.0,585,torch_unfused,0,fp32,1,8,512,128,0,0.6697,0.6677,0.6717,1.603,62.6,run=2026-09-03T07:15:25Z;clock_lock=585;iters=727;max_err=5.016e-07 torch_same_dtype_err=4.722e-07 tol=1.944e-06 cap=1e-04
3add37c,Tesla T4,580.82.07,12.8.93,2.11.0+cu128,2025.1.1.0,,sdpa_flash,0,fp32,1,8,512,128,1,,,,,,flops=full;run=2026-09-03T07:15:25Z;backend_refused:Memory efficient kernel not used because: (Triggered internally at /pytorch/aten/src/ATen/native/transformers/cuda/sdp_utils.cpp:986.) | Memory Efficient attention has been runtime disabled. (Triggere
3add37c,Tesla T4,580.82.07,12.8.93,2.11.0+cu128,2025.1.1.0,,sdpa_cudnn,0,fp32,1,8,512,128,1,,,,,,flops=full;run=2026-09-03T07:15:25Z;backend_refused:Memory efficient kernel not used because: (Triggered internally at /pytorch/aten/src/ATen/native/transformers/cuda/sdp_utils.cpp:986.) | Memory Efficient attention has been runtime disabled. (Triggere
3add37c,Tesla T4,580.82.07,12.8.93,2.11.0+cu128,2025.1.1.0,,flash_attn,0,fp32,1,8,512,128,1,,,,,,flops=full;run=2026-09-03T07:15:25Z;backend_refused:not importable: No module named 'flash_attn'
3add37c,Tesla T4,580.82.07,12.8.93,2.11.0+cu128,2025.1.1.0,585,naive,1,fp32,1,8,512,128,1,13.8895,13.8733,13.9116,0.077,3.0,flops=full;run=2026-09-03T06:08:39Z;clock_lock=585;iters=100;max_err=8.029e-07 torch_same_dtype_err=7.806e-07 tol=2.561e-06 cap=1e-04
3add37c,Tesla T4,580.82.07,12.8.93,2.11.0+cu128,2025.1.1.0,585,sdpa_efficient,0,fp32,1,8,512,128,1,0.5529,0.5100,0.5610,1.942,15.2,flops=full;run=2026-09-03T07:15:25Z;clock_lock=585;iters=903;max_err=8.837e-07 torch_same_dtype_err=7.806e-07 tol=2.561e-06 cap=1e-04
3add37c,Tesla T4,580.82.07,12.8.93,2.11.0+cu128,2025.1.1.0,585,sdpa_math_fp32,0,fp32,1,8,512,128,1,0.9093,0.9072,0.9114,1.181,46.1,oracle_not_speed_baseline;flops=full;run=2026-09-03T07:15:25Z;clock_lock=585;iters=514;max_err=6.932e-07 torch_same_dtype_err=7.806e-07 tol=2.561e-06 cap=1e-04
3add37c,Tesla T4,580.82.07,12.8.93,2.11.0+cu128,2025.1.1.0,585,torch_unfused,0,fp32,1,8,512,128,1,0.8240,0.8221,0.8261,1.303,50.9,flops=full;run=2026-09-03T07:15:25Z;clock_lock=585;iters=587;max_err=7.508e-07 torch_same_dtype_err=7.806e-07 tol=2.561e-06 cap=1e-04
3add37c,Tesla T4,580.82.07,12.8.93,2.11.0+cu128,2025.1.1.0,,sdpa_flash,0,fp32,8,32,512,128,0,,,,,,run=2026-09-03T07:15:25Z;backend_refused:Memory efficient kernel not used because: (Triggered internally at /pytorch/aten/src/ATen/native/transformers/cuda/sdp_utils.cpp:986.) | Memory Efficient attention has been runtime disabled. (Triggere
3add37c,Tesla T4,580.82.07,12.8.93,2.11.0+cu128,2025.1.1.0,,sdpa_cudnn,0,fp32,8,32,512,128,0,,,,,,run=2026-09-03T07:15:25Z;backend_refused:Memory efficient kernel not used because: (Triggered internally at /pytorch/aten/src/ATen/native/transformers/cuda/sdp_utils.cpp:986.) | Memory Efficient attention has been runtime disabled. (Triggere
3add37c,Tesla T4,580.82.07,12.8.93,2.11.0+cu128,2025.1.1.0,,flash_attn,0,fp32,8,32,512,128,0,,,,,,run=2026-09-03T07:15:25Z;backend_refused:not importable: No module named 'flash_attn'
3add37c,Tesla T4,580.82.07,12.8.93,2.11.0+cu128,2025.1.1.0,585,naive,1,fp32,8,32,512,128,0,819.2685,819.2557,819.2814,0.042,1.6,run=2026-09-03T06:08:39Z;clock_lock=585;iters=100;max_err=6.067e-07 torch_same_dtype_err=5.552e-07 tol=2.110e-06 cap=1e-04
3add37c,Tesla T4,580.82.07,12.8.93,2.11.0+cu128,2025.1.1.0,585,sdpa_efficient,0,fp32,8,32,512,128,0,20.8480,20.8448,20.8510,1.648,12.9,run=2026-09-03T07:15:25Z;clock_lock=585;iters=100;max_err=6.227e-07 torch_same_dtype_err=5.552e-07 tol=2.110e-06 cap=1e-04
3add37c,Tesla T4,580.82.07,12.8.93,2.11.0+cu128,2025.1.1.0,585,sdpa_math_fp32,0,fp32,8,32,512,128,0,20.9837,20.9696,20.9961,1.637,64.0,oracle_not_speed_baseline;run=2026-09-03T07:15:25Z;clock_lock=585;clock=570-585;iters=100;max_err=5.330e-07 torch_same_dtype_err=5.552e-07 tol=2.110e-06 cap=1e-04
3add37c,Tesla T4,580.82.07,12.8.93,2.11.0+cu128,2025.1.1.0,570,torch_unfused,0,fp32,8,32,512,128,0,18.0765,17.8353,18.9237,1.901,74.2,run=2026-09-03T07:15:25Z;clock=unlocked;clock_lock_failed=585;clock=540-585;iters=100;max_err=5.769e-07 torch_same_dtype_err=5.552e-07 tol=2.110e-06 cap=1e-04
3add37c,Tesla T4,580.82.07,12.8.93,2.11.0+cu128,2025.1.1.0,,sdpa_flash,0,fp32,8,32,512,128,1,,,,,,flops=full;run=2026-09-03T07:15:25Z;backend_refused:Memory efficient kernel not used because: (Triggered internally at /pytorch/aten/src/ATen/native/transformers/cuda/sdp_utils.cpp:986.) | Memory Efficient attention has been runtime disabled. (Triggere
3add37c,Tesla T4,580.82.07,12.8.93,2.11.0+cu128,2025.1.1.0,,sdpa_cudnn,0,fp32,8,32,512,128,1,,,,,,flops=full;run=2026-09-03T07:15:25Z;backend_refused:Memory efficient kernel not used because: (Triggered internally at /pytorch/aten/src/ATen/native/transformers/cuda/sdp_utils.cpp:986.) | Memory Efficient attention has been runtime disabled. (Triggere
3add37c,Tesla T4,580.82.07,12.8.93,2.11.0+cu128,2025.1.1.0,,flash_attn,0,fp32,8,32,512,128,1,,,,,,flops=full;run=2026-09-03T07:15:25Z;backend_refused:not importable: No module named 'flash_attn'
3add37c,Tesla T4,580.82.07,12.8.93,2.11.0+cu128,2025.1.1.0,585,naive,1,fp32,8,32,512,128,1,440.5887,440.5736,440.6090,0.078,3.0,flops=full;run=2026-09-03T06:08:39Z;clock_lock=585;iters=100;max_err=7.087e-07 torch_same_dtype_err=6.972e-07 tol=2.394e-06 cap=1e-04
3add37c,Tesla T4,580.82.07,12.8.93,2.11.0+cu128,2025.1.1.0,585,sdpa_efficient,0,fp32,8,32,512,128,1,12.2577,12.2318,12.2864,2.803,21.9,flops=full;run=2026-09-03T07:15:25Z;clock_lock=585;iters=100;max_err=7.087e-07 torch_same_dtype_err=6.972e-07 tol=2.394e-06 cap=1e-04
3add37c,Tesla T4,580.82.07,12.8.93,2.11.0+cu128,2025.1.1.0,585,sdpa_math_fp32,0,fp32,8,32,512,128,1,23.3108,23.3025,23.3208,1.474,57.6,oracle_not_speed_baseline;flops=full;run=2026-09-03T07:15:25Z;clock_lock=585;iters=100;max_err=9.829e-07 torch_same_dtype_err=6.972e-07 tol=2.394e-06 cap=1e-04
3add37c,Tesla T4,580.82.07,12.8.93,2.11.0+cu128,2025.1.1.0,585,torch_unfused,0,fp32,8,32,512,128,1,22.3539,22.3422,22.3642,1.537,60.0,flops=full;run=2026-09-03T07:15:25Z;clock_lock=585;iters=100;max_err=7.446e-07 torch_same_dtype_err=6.972e-07 tol=2.394e-06 cap=1e-04
3add37c,Tesla T4,580.82.07,12.8.93,2.11.0+cu128,2025.1.1.0,,sdpa_flash,0,fp32,1,8,1024,64,0,,,,,,run=2026-09-03T07:15:25Z;backend_refused:Memory efficient kernel not used because: (Triggered internally at /pytorch/aten/src/ATen/native/transformers/cuda/sdp_utils.cpp:986.) | Memory Efficient attention has been runtime disabled. (Triggere
3add37c,Tesla T4,580.82.07,12.8.93,2.11.0+cu128,2025.1.1.0,,sdpa_cudnn,0,fp32,1,8,1024,64,0,,,,,,run=2026-09-03T07:15:25Z;backend_refused:Memory efficient kernel not used because: (Triggered internally at /pytorch/aten/src/ATen/native/transformers/cuda/sdp_utils.cpp:986.) | Memory Efficient attention has been runtime disabled. (Triggere
3add37c,Tesla T4,580.82.07,12.8.93,2.11.0+cu128,2025.1.1.0,,flash_attn,0,fp32,1,8,1024,64,0,,,,,,run=2026-09-03T07:15:25Z;backend_refused:not importable: No module named 'flash_attn'
3add37c,Tesla T4,580.82.07,12.8.93,2.11.0+cu128,2025.1.1.0,585,naive,1,fp32,1,8,1024,64,0,51.4700,51.4642,51.4751,0.042,2.8,run=2026-09-03T06:08:39Z;clock_lock=585;iters=100;max_err=7.922e-07 torch_same_dtype_err=6.730e-07 tol=2.346e-06 cap=1e-04
3add37c,Tesla T4,580.82.07,12.8.93,2.11.0+cu128,2025.1.1.0,585,sdpa_efficient,0,fp32,1,8,1024,64,0,1.7801,1.7757,1.7838,1.206,4.7,run=2026-09-03T07:15:25Z;clock_lock=585;iters=277;max_err=5.538e-07 torch_same_dtype_err=6.730e-07 tol=2.346e-06 cap=1e-04
3add37c,Tesla T4,580.82.07,12.8.93,2.11.0+cu128,2025.1.1.0,585,sdpa_math_fp32,0,fp32,1,8,1024,64,0,1.9228,1.9190,1.9256,1.117,74.2,oracle_not_speed_baseline;run=2026-09-03T07:15:25Z;clock_lock=585;iters=257;max_err=4.267e-07 torch_same_dtype_err=6.730e-07 tol=2.346e-06 cap=1e-04
3add37c,Tesla T4,580.82.07,12.8.93,2.11.0+cu128,2025.1.1.0,585,torch_unfused,0,fp32,1,8,1024,64,0,1.6282,1.6245,1.6317,1.319,87.6,run=2026-09-03T07:15:25Z;clock_lock=585;iters=304;max_err=7.922e-07 torch_same_dtype_err=6.730e-07 tol=2.346e-06 cap=1e-04
3add37c,Tesla T4,580.82.07,12.8.93,2.11.0+cu128,2025.1.1.0,,sdpa_flash,0,fp32,1,8,1024,64,1,,,,,,flops=full;run=2026-09-03T07:15:25Z;backend_refused:Memory efficient kernel not used because: (Triggered internally at /pytorch/aten/src/ATen/native/transformers/cuda/sdp_utils.cpp:986.) | Memory Efficient attention has been runtime disabled. (Triggere
3add37c,Tesla T4,580.82.07,12.8.93,2.11.0+cu128,2025.1.1.0,,sdpa_cudnn,0,fp32,1,8,1024,64,1,,,,,,flops=full;run=2026-09-03T07:15:25Z;backend_refused:Memory efficient kernel not used because: (Triggered internally at /pytorch/aten/src/ATen/native/transformers/cuda/sdp_utils.cpp:986.) | Memory Efficient attention has been runtime disabled. (Triggere
3add37c,Tesla T4,580.82.07,12.8.93,2.11.0+cu128,2025.1.1.0,,flash_attn,0,fp32,1,8,1024,64,1,,,,,,flops=full;run=2026-09-03T07:15:25Z;backend_refused:not importable: No module named 'flash_attn'
3add37c,Tesla T4,580.82.07,12.8.93,2.11.0+cu128,2025.1.1.0,585,naive,1,fp32,1,8,1024,64,1,27.7776,27.7688,27.7863,0.077,5.1,flops=full;run=2026-09-03T06:08:39Z;clock_lock=585;iters=100;max_err=8.115e-07 torch_same_dtype_err=9.307e-07 tol=2.861e-06 cap=1e-04
3add37c,Tesla T4,580.82.07,12.8.93,2.11.0+cu128,2025.1.1.0,585,sdpa_efficient,0,fp32,1,8,1024,64,1,1.0535,1.0221,1.0945,2.038,8.0,flops=full;run=2026-09-03T07:15:25Z;clock_lock=585;iters=477;max_err=7.509e-07 torch_same_dtype_err=9.307e-07 tol=2.861e-06 cap=1e-04
3add37c,Tesla T4,580.82.07,12.8.93,2.11.0+cu128,2025.1.1.0,585,sdpa_math_fp32,0,fp32,1,8,1024,64,1,2.4019,2.3982,2.4048,0.894,59.4,oracle_not_speed_baseline;flops=full;run=2026-09-03T07:15:25Z;clock_lock=585;iters=204;max_err=8.115e-07 torch_same_dtype_err=9.307e-07 tol=2.861e-06 cap=1e-04
3add37c,Tesla T4,580.82.07,12.8.93,2.11.0+cu128,2025.1.1.0,585,torch_unfused,0,fp32,1,8,1024,64,1,2.2344,2.2307,2.2378,0.961,63.8,flops=full;run=2026-09-03T07:15:25Z;clock_lock=585;iters=221;max_err=8.115e-07 torch_same_dtype_err=9.307e-07 tol=2.861e-06 cap=1e-04
3add37c,Tesla T4,580.82.07,12.8.93,2.11.0+cu128,2025.1.1.0,,sdpa_flash,0,fp32,8,32,1024,64,0,,,,,,run=2026-09-03T07:15:25Z;backend_refused:Memory efficient kernel not used because: (Triggered internally at /pytorch/aten/src/ATen/native/transformers/cuda/sdp_utils.cpp:986.) | Memory Efficient attention has been runtime disabled. (Triggere
3add37c,Tesla T4,580.82.07,12.8.93,2.11.0+cu128,2025.1.1.0,,sdpa_cudnn,0,fp32,8,32,1024,64,0,,,,,,run=2026-09-03T07:15:25Z;backend_refused:Memory efficient kernel not used because: (Triggered internally at /pytorch/aten/src/ATen/native/transformers/cuda/sdp_utils.cpp:986.) | Memory Efficient attention has been runtime disabled. (Triggere
3add37c,Tesla T4,580.82.07,12.8.93,2.11.0+cu128,2025.1.1.0,,flash_attn,0,fp32,8,32,1024,64,0,,,,,,run=2026-09-03T07:15:25Z;backend_refused:not importable: No module named 'flash_attn'
3add37c,Tesla T4,580.82.07,12.8.93,2.11.0+cu128,2025.1.1.0,585,naive,1,fp32,8,32,1024,64,0,1643.2661,1643.2496,1643.2793,0.042,2.8,run=2026-09-03T06:08:39Z;clock_lock=585;iters=100;max_err=3.953e-07 torch_same_dtype_err=2.674e-07 tol=1.535e-06 cap=1e-04
3add37c,Tesla T4,580.82.07,12.8.93,2.11.0+cu128,2025.1.1.0,585,sdpa_efficient,0,fp32,8,32,1024,64,0,45.4265,45.4071,45.4492,1.513,5.9,run=2026-09-03T07:15:25Z;clock_lock=585;iters=100;max_err=5.689e-07 torch_same_dtype_err=2.674e-07 tol=1.535e-06 cap=1e-04
3add37c,Tesla T4,580.82.07,12.8.93,2.11.0+cu128,2025.1.1.0,495,sdpa_math_fp32,0,fp32,8,32,1024,64,0,62.5019,60.7028,66.4327,1.099,73.0,oracle_not_speed_baseline;run=2026-09-03T07:15:25Z;clock=unlocked;clock_lock_failed=585;clock=360-540;noisy_clock;iters=100;max_err=3.956e-07 torch_same_dtype_err=2.674e-07 tol=1.535e-06 cap=1e-04
3add37c,Tesla T4,580.82.07,12.8.93,2.11.0+cu128,2025.1.1.0,435,torch_unfused,0,fp32,8,32,1024,64,0,59.7674,59.1015,60.1611,1.150,76.4,run=2026-09-03T07:15:25Z;clock=unlocked;clock_lock_failed=585;clock=345-495;noisy_clock;iters=100;max_err=3.956e-07 torch_same_dtype_err=2.674e-07 tol=1.535e-06 cap=1e-04
3add37c,Tesla T4,580.82.07,12.8.93,2.11.0+cu128,2025.1.1.0,,sdpa_flash,0,fp32,8,32,1024,64,1,,,,,,flops=full;run=2026-09-03T07:15:25Z;backend_refused:Memory efficient kernel not used because: (Triggered internally at /pytorch/aten/src/ATen/native/transformers/cuda/sdp_utils.cpp:986.) | Memory Efficient attention has been runtime disabled. (Triggere
3add37c,Tesla T4,580.82.07,12.8.93,2.11.0+cu128,2025.1.1.0,,sdpa_cudnn,0,fp32,8,32,1024,64,1,,,,,,flops=full;run=2026-09-03T07:15:25Z;backend_refused:Memory efficient kernel not used because: (Triggered internally at /pytorch/aten/src/ATen/native/transformers/cuda/sdp_utils.cpp:986.) | Memory Efficient attention has been runtime disabled. (Triggere
3add37c,Tesla T4,580.82.07,12.8.93,2.11.0+cu128,2025.1.1.0,,flash_attn,0,fp32,8,32,1024,64,1,,,,,,flops=full;run=2026-09-03T07:15:25Z;backend_refused:not importable: No module named 'flash_attn'
3add37c,Tesla T4,580.82.07,12.8.93,2.11.0+cu128,2025.1.1.0,585,naive,1,fp32,8,32,1024,64,1,884.8961,884.8752,884.9117,0.078,5.2,flops=full;run=2026-09-03T06:08:39Z;clock_lock=585;iters=100;max_err=7.139e-07 torch_same_dtype_err=6.325e-07 tol=2.265e-06 cap=1e-04
3add37c,Tesla T4,580.82.07,12.8.93,2.11.0+cu128,2025.1.1.0,585,sdpa_efficient,0,fp32,8,32,1024,64,1,24.4435,24.3896,24.5169,2.811,11.0,flops=full;run=2026-09-03T07:15:25Z;clock_lock=585;iters=100;max_err=6.652e-07 torch_same_dtype_err=6.325e-07 tol=2.265e-06 cap=1e-04
3add37c,Tesla T4,580.82.07,12.8.93,2.11.0+cu128,2025.1.1.0,585,sdpa_math_fp32,0,fp32,8,32,1024,64,1,69.3265,68.6836,70.5986,0.991,65.8,oracle_not_speed_baseline;flops=full;run=2026-09-03T07:15:25Z;clock=unlocked;clock_lock_failed=585;clock=495-585;noisy_clock;iters=100;max_err=7.234e-07 torch_same_dtype_err=6.325e-07 tol=2.265e-06 cap=1e-04
3add37c,Tesla T4,580.82.07,12.8.93,2.11.0+cu128,2025.1.1.0,585,torch_unfused,0,fp32,8,32,1024,64,1,67.2807,66.4402,68.8421,1.021,67.8,flops=full;run=2026-09-03T07:15:25Z;clock=unlocked;clock_lock_failed=585;clock=465-585;noisy_clock;iters=100;max_err=7.234e-07 torch_same_dtype_err=6.325e-07 tol=2.265e-06 cap=1e-04
3add37c,Tesla T4,580.82.07,12.8.93,2.11.0+cu128,2025.1.1.0,,sdpa_flash,0,fp32,1,8,1024,128,0,,,,,,run=2026-09-03T07:15:25Z;backend_refused:Memory efficient kernel not used because: (Triggered internally at /pytorch/aten/src/ATen/native/transformers/cuda/sdp_utils.cpp:986.) | Memory Efficient attention has been runtime disabled. (Triggere
3add37c,Tesla T4,580.82.07,12.8.93,2.11.0+cu128,2025.1.1.0,,sdpa_cudnn,0,fp32,1,8,1024,128,0,,,,,,run=2026-09-03T07:15:25Z;backend_refused:Memory efficient kernel not used because: (Triggered internally at /pytorch/aten/src/ATen/native/transformers/cuda/sdp_utils.cpp:986.) | Memory Efficient attention has been runtime disabled. (Triggere
3add37c,Tesla T4,580.82.07,12.8.93,2.11.0+cu128,2025.1.1.0,,flash_attn,0,fp32,1,8,1024,128,0,,,,,,run=2026-09-03T07:15:25Z;backend_refused:not importable: No module named 'flash_attn'
3add37c,Tesla T4,580.82.07,12.8.93,2.11.0+cu128,2025.1.1.0,585,naive,1,fp32,1,8,1024,128,0,102.3007,102.2914,102.3112,0.042,1.5,run=2026-09-03T06:08:39Z;clock_lock=585;iters=100;max_err=6.132e-07 torch_same_dtype_err=4.887e-07 tol=1.977e-06 cap=1e-04
3add37c,Tesla T4,580.82.07,12.8.93,2.11.0+cu128,2025.1.1.0,585,sdpa_efficient,0,fp32,1,8,1024,128,0,2.8565,2.8536,2.8584,1.504,5.9,run=2026-09-03T07:15:25Z;clock_lock=585;iters=174;max_err=6.449e-07 torch_same_dtype_err=4.887e-07 tol=1.977e-06 cap=1e-04
3add37c,Tesla T4,580.82.07,12.8.93,2.11.0+cu128,2025.1.1.0,585,sdpa_math_fp32,0,fp32,1,8,1024,128,0,2.7883,2.7853,2.7918,1.540,54.2,oracle_not_speed_baseline;run=2026-09-03T07:15:25Z;clock_lock=585;iters=179;max_err=6.617e-07 torch_same_dtype_err=4.887e-07 tol=1.977e-06 cap=1e-04
3add37c,Tesla T4,580.82.07,12.8.93,2.11.0+cu128,2025.1.1.0,585,torch_unfused,0,fp32,1,8,1024,128,0,2.4563,2.4535,2.4600,1.749,61.5,run=2026-09-03T07:15:25Z;clock_lock=585;iters=202;max_err=6.132e-07 torch_same_dtype_err=4.887e-07 tol=1.977e-06 cap=1e-04
3add37c,Tesla T4,580.82.07,12.8.93,2.11.0+cu128,2025.1.1.0,,sdpa_flash,0,fp32,1,8,1024,128,1,,,,,,flops=full;run=2026-09-03T07:15:25Z;backend_refused:Memory efficient kernel not used because: (Triggered internally at /pytorch/aten/src/ATen/native/transformers/cuda/sdp_utils.cpp:986.) | Memory Efficient attention has been runtime disabled. (Triggere
3add37c,Tesla T4,580.82.07,12.8.93,2.11.0+cu128,2025.1.1.0,,sdpa_cudnn,0,fp32,1,8,1024,128,1,,,,,,flops=full;run=2026-09-03T07:15:25Z;backend_refused:Memory efficient kernel not used because: (Triggered internally at /pytorch/aten/src/ATen/native/transformers/cuda/sdp_utils.cpp:986.) | Memory Efficient attention has been runtime disabled. (Triggere
3add37c,Tesla T4,580.82.07,12.8.93,2.11.0+cu128,2025.1.1.0,,flash_attn,0,fp32,1,8,1024,128,1,,,,,,flops=full;run=2026-09-03T07:15:25Z;backend_refused:not importable: No module named 'flash_attn'
3add37c,Tesla T4,580.82.07,12.8.93,2.11.0+cu128,2025.1.1.0,585,naive,1,fp32,1,8,1024,128,1,54.8879,54.8709,54.9110,0.078,2.8,flops=full;run=2026-09-03T06:08:39Z;clock_lock=585;iters=100;max_err=7.907e-07 torch_same_dtype_err=7.609e-07 tol=2.522e-06 cap=1e-04
3add37c,Tesla T4,580.82.07,12.8.93,2.11.0+cu128,2025.1.1.0,585,sdpa_efficient,0,fp32,1,8,1024,128,1,1.6793,1.6200,1.7553,2.558,10.0,flops=full;run=2026-09-03T07:15:25Z;clock_lock=585;iters=290;max_err=9.296e-07 torch_same_dtype_err=7.609e-07 tol=2.522e-06 cap=1e-04
3add37c,Tesla T4,580.82.07,12.8.93,2.11.0+cu128,2025.1.1.0,585,sdpa_math_fp32,0,fp32,1,8,1024,128,1,3.2670,3.2646,3.2700,1.315,46.2,oracle_not_speed_baseline;flops=full;run=2026-09-03T07:15:25Z;clock_lock=585;iters=152;max_err=8.805e-07 torch_same_dtype_err=7.609e-07 tol=2.522e-06 cap=1e-04
3add37c,Tesla T4,580.82.07,12.8.93,2.11.0+cu128,2025.1.1.0,585,torch_unfused,0,fp32,1,8,1024,128,1,3.0618,3.0589,3.0658,1.403,49.3,flops=full;run=2026-09-03T07:15:25Z;clock_lock=585;iters=162;max_err=7.885e-07 torch_same_dtype_err=7.609e-07 tol=2.522e-06 cap=1e-04
3add37c,Tesla T4,580.82.07,12.8.93,2.11.0+cu128,2025.1.1.0,,sdpa_flash,0,fp32,8,32,1024,128,0,,,,,,run=2026-09-03T07:15:25Z;backend_refused:Memory efficient kernel not used because: (Triggered internally at /pytorch/aten/src/ATen/native/transformers/cuda/sdp_utils.cpp:986.) | Memory Efficient attention has been runtime disabled. (Triggere
3add37c,Tesla T4,580.82.07,12.8.93,2.11.0+cu128,2025.1.1.0,,sdpa_cudnn,0,fp32,8,32,1024,128,0,,,,,,run=2026-09-03T07:15:25Z;backend_refused:Memory efficient kernel not used because: (Triggered internally at /pytorch/aten/src/ATen/native/transformers/cuda/sdp_utils.cpp:986.) | Memory Efficient attention has been runtime disabled. (Triggere
3add37c,Tesla T4,580.82.07,12.8.93,2.11.0+cu128,2025.1.1.0,,flash_attn,0,fp32,8,32,1024,128,0,,,,,,run=2026-09-03T07:15:25Z;backend_refused:not importable: No module named 'flash_attn'
3add37c,Tesla T4,580.82.07,12.8.93,2.11.0+cu128,2025.1.1.0,585,naive,1,fp32,8,32,1024,128,0,3269.1136,3269.0935,3269.1302,0.042,1.5,run=2026-09-03T06:08:39Z;clock_lock=585;iters=100;max_err=7.235e-07 torch_same_dtype_err=6.639e-07 tol=2.328e-06 cap=1e-04
3add37c,Tesla T4,580.82.07,12.8.93,2.11.0+cu128,2025.1.1.0,585,sdpa_efficient,0,fp32,8,32,1024,128,0,82.2656,82.2540,82.2784,1.671,6.5,run=2026-09-03T07:15:25Z;clock_lock=585;iters=100;max_err=1.007e-06 torch_same_dtype_err=6.639e-07 tol=2.328e-06 cap=1e-04
3add37c,Tesla T4,580.82.07,12.8.93,2.11.0+cu128,2025.1.1.0,570,sdpa_math_fp32,0,fp32,8,32,1024,128,0,83.9035,82.0429,85.7183,1.638,57.6,oracle_not_speed_baseline;run=2026-09-03T07:15:25Z;clock=unlocked;clock_lock_failed=585;clock=465-585;noisy_clock;iters=100;max_err=7.521e-07 torch_same_dtype_err=6.639e-07 tol=2.328e-06 cap=1e-04
3add37c,Tesla T4,580.82.07,12.8.93,2.11.0+cu128,2025.1.1.0,510,torch_unfused,0,fp32,8,32,1024,128,0,78.8258,76.6817,80.0472,1.744,61.3,run=2026-09-03T07:15:25Z;clock=unlocked;clock_lock_failed=585;clock=450-585;noisy_clock;iters=100;max_err=6.639e-07 torch_same_dtype_err=6.639e-07 tol=2.328e-06 cap=1e-04
3add37c,Tesla T4,580.82.07,12.8.93,2.11.0+cu128,2025.1.1.0,,sdpa_flash,0,fp32,8,32,1024,128,1,,,,,,flops=full;run=2026-09-03T07:15:25Z;backend_refused:Memory efficient kernel not used because: (Triggered internally at /pytorch/aten/src/ATen/native/transformers/cuda/sdp_utils.cpp:986.) | Memory Efficient attention has been runtime disabled. (Triggere
3add37c,Tesla T4,580.82.07,12.8.93,2.11.0+cu128,2025.1.1.0,,sdpa_cudnn,0,fp32,8,32,1024,128,1,,,,,,flops=full;run=2026-09-03T07:15:25Z;backend_refused:Memory efficient kernel not used because: (Triggered internally at /pytorch/aten/src/ATen/native/transformers/cuda/sdp_utils.cpp:986.) | Memory Efficient attention has been runtime disabled. (Triggere
3add37c,Tesla T4,580.82.07,12.8.93,2.11.0+cu128,2025.1.1.0,,flash_attn,0,fp32,8,32,1024,128,1,,,,,,flops=full;run=2026-09-03T07:15:25Z;backend_refused:not importable: No module named 'flash_attn'
3add37c,Tesla T4,580.82.07,12.8.93,2.11.0+cu128,2025.1.1.0,585,naive,1,fp32,8,32,1024,128,1,1751.6484,1751.6251,1751.6722,0.078,2.8,flops=full;run=2026-09-03T06:08:39Z;clock_lock=585;iters=100;max_err=1.098e-06 torch_same_dtype_err=1.337e-06 tol=3.674e-06 cap=1e-04
3add37c,Tesla T4,580.82.07,12.8.93,2.11.0+cu128,2025.1.1.0,585,sdpa_efficient,0,fp32,8,32,1024,128,1,44.9192,44.8568,44.9742,3.060,12.0,flops=full;run=2026-09-03T07:15:25Z;clock_lock=585;iters=100;max_err=1.011e-06 torch_same_dtype_err=1.337e-06 tol=3.674e-06 cap=1e-04
3add37c,Tesla T4,580.82.07,12.8.93,2.11.0+cu128,2025.1.1.0,585,sdpa_math_fp32,0,fp32,8,32,1024,128,1,93.5360,93.2085,94.6608,1.469,51.7,oracle_not_speed_baseline;flops=full;run=2026-09-03T07:15:25Z;clock=unlocked;clock_lock_failed=585;clock=525-585;noisy_clock;iters=100;max_err=8.089e-07 torch_same_dtype_err=1.337e-06 tol=3.674e-06 cap=1e-04
3add37c,Tesla T4,580.82.07,12.8.93,2.11.0+cu128,2025.1.1.0,555,torch_unfused,0,fp32,8,32,1024,128,1,93.2672,91.5916,95.0971,1.474,51.8,flops=full;run=2026-09-03T07:15:25Z;clock=unlocked;clock_lock_failed=585;clock=480-585;noisy_clock;iters=100;max_err=1.098e-06 torch_same_dtype_err=1.337e-06 tol=3.674e-06 cap=1e-04
3add37c,Tesla T4,580.82.07,12.8.93,2.11.0+cu128,2025.1.1.0,,sdpa_flash,0,fp32,1,8,2048,64,0,,,,,,run=2026-09-03T07:15:25Z;backend_refused:Memory efficient kernel not used because: (Triggered internally at /pytorch/aten/src/ATen/native/transformers/cuda/sdp_utils.cpp:986.) | Memory Efficient attention has been runtime disabled. (Triggere
3add37c,Tesla T4,580.82.07,12.8.93,2.11.0+cu128,2025.1.1.0,,sdpa_cudnn,0,fp32,1,8,2048,64,0,,,,,,run=2026-09-03T07:15:25Z;backend_refused:Memory efficient kernel not used because: (Triggered internally at /pytorch/aten/src/ATen/native/transformers/cuda/sdp_utils.cpp:986.) | Memory Efficient attention has been runtime disabled. (Triggere
3add37c,Tesla T4,580.82.07,12.8.93,2.11.0+cu128,2025.1.1.0,,flash_attn,0,fp32,1,8,2048,64,0,,,,,,run=2026-09-03T07:15:25Z;backend_refused:not importable: No module named 'flash_attn'
3add37c,Tesla T4,580.82.07,12.8.93,2.11.0+cu128,2025.1.1.0,585,naive,1,fp32,1,8,2048,64,0,205.3968,205.3878,205.4043,0.042,2.7,run=2026-09-03T06:08:39Z;clock_lock=585;iters=100;max_err=3.693e-07 torch_same_dtype_err=2.396e-07 tol=1.479e-06 cap=1e-04
3add37c,Tesla T4,580.82.07,12.8.93,2.11.0+cu128,2025.1.1.0,585,sdpa_efficient,0,fp32,1,8,2048,64,0,6.3376,6.3313,6.3454,1.355,2.7,run=2026-09-03T07:15:25Z;clock_lock=585;iters=100;max_err=3.810e-07 torch_same_dtype_err=2.396e-07 tol=1.479e-06 cap=1e-04
3add37c,Tesla T4,580.82.07,12.8.93,2.11.0+cu128,2025.1.1.0,585,sdpa_math_fp32,0,fp32,1,8,2048,64,0,7.2977,7.2883,7.3094,1.177,75.9,oracle_not_speed_baseline;run=2026-09-03T07:15:25Z;clock_lock=585;iters=100;max_err=3.772e-07 torch_same_dtype_err=2.396e-07 tol=1.479e-06 cap=1e-04
3add37c,Tesla T4,580.82.07,12.8.93,2.11.0+cu128,2025.1.1.0,585,torch_unfused,0,fp32,1,8,2048,64,0,6.3340,6.3244,6.3459,1.356,87.4,run=2026-09-03T07:15:25Z;clock_lock=585;clock=570-585;iters=100;max_err=3.693e-07 torch_same_dtype_err=2.396e-07 tol=1.479e-06 cap=1e-04
3add37c,Tesla T4,580.82.07,12.8.93,2.11.0+cu128,2025.1.1.0,,sdpa_flash,0,fp32,1,8,2048,64,1,,,,,,flops=full;run=2026-09-03T07:15:25Z;backend_refused:Memory efficient kernel not used because: (Triggered internally at /pytorch/aten/src/ATen/native/transformers/cuda/sdp_utils.cpp:986.) | Memory Efficient attention has been runtime disabled. (Triggere
3add37c,Tesla T4,580.82.07,12.8.93,2.11.0+cu128,2025.1.1.0,,sdpa_cudnn,0,fp32,1,8,2048,64,1,,,,,,flops=full;run=2026-09-03T07:15:25Z;backend_refused:Memory efficient kernel not used because: (Triggered internally at /pytorch/aten/src/ATen/native/transformers/cuda/sdp_utils.cpp:986.) | Memory Efficient attention has been runtime disabled. (Triggere
3add37c,Tesla T4,580.82.07,12.8.93,2.11.0+cu128,2025.1.1.0,,flash_attn,0,fp32,1,8,2048,64,1,,,,,,flops=full;run=2026-09-03T07:15:25Z;backend_refused:not importable: No module named 'flash_attn'
3add37c,Tesla T4,580.82.07,12.8.93,2.11.0+cu128,2025.1.1.0,585,naive,1,fp32,1,8,2048,64,1,110.5376,110.5270,110.5497,0.078,5.0,flops=full;run=2026-09-03T06:08:39Z;clock_lock=585;iters=100;max_err=6.272e-07 torch_same_dtype_err=6.037e-07 tol=2.207e-06 cap=1e-04
3add37c,Tesla T4,580.82.07,12.8.93,2.11.0+cu128,2025.1.1.0,585,sdpa_efficient,0,fp32,1,8,2048,64,1,3.5362,3.4284,3.6695,2.429,4.8,flops=full;run=2026-09-03T07:15:25Z;clock_lock=585;iters=141;max_err=7.196e-07 torch_same_dtype_err=6.037e-07 tol=2.207e-06 cap=1e-04
3add37c,Tesla T4,580.82.07,12.8.93,2.11.0+cu128,2025.1.1.0,585,sdpa_math_fp32,0,fp32,1,8,2048,64,1,9.1812,9.1755,9.1872,0.936,60.3,oracle_not_speed_baseline;flops=full;run=2026-09-03T07:15:25Z;clock_lock=585;iters=100;max_err=5.985e-07 torch_same_dtype_err=6.037e-07 tol=2.207e-06 cap=1e-04
3add37c,Tesla T4,580.82.07,12.8.93,2.11.0+cu128,2025.1.1.0,585,torch_unfused,0,fp32,1,8,2048,64,1,8.7368,8.7322,8.7450,0.983,63.4,flops=full;run=2026-09-03T07:15:25Z;clock_lock=585;iters=100;max_err=6.037e-07 torch_same_dtype_err=6.037e-07 tol=2.207e-06 cap=1e-04
3add37c,Tesla T4,580.82.07,12.8.93,2.11.0+cu128,2025.1.1.0,,sdpa_flash,0,fp32,8,32,2048,64,0,,,,,,run=2026-09-03T07:15:25Z;backend_refused:Memory efficient kernel not used because: (Triggered internally at /pytorch/aten/src/ATen/native/transformers/cuda/sdp_utils.cpp:986.) | Memory Efficient attention has been runtime disabled. (Triggere
3add37c,Tesla T4,580.82.07,12.8.93,2.11.0+cu128,2025.1.1.0,,sdpa_cudnn,0,fp32,8,32,2048,64,0,,,,,,run=2026-09-03T07:15:25Z;backend_refused:Memory efficient kernel not used because: (Triggered internally at /pytorch/aten/src/ATen/native/transformers/cuda/sdp_utils.cpp:986.) | Memory Efficient attention has been runtime disabled. (Triggere
3add37c,Tesla T4,580.82.07,12.8.93,2.11.0+cu128,2025.1.1.0,,flash_attn,0,fp32,8,32,2048,64,0,,,,,,run=2026-09-03T07:15:25Z;backend_refused:not importable: No module named 'flash_attn'
3add37c,Tesla T4,580.82.07,12.8.93,2.11.0+cu128,2025.1.1.0,,naive,1,fp32,8,32,2048,64,0,,,,,,run=2026-09-03T06:08:39Z;oom_by_design
3add37c,Tesla T4,580.82.07,12.8.93,2.11.0+cu128,2025.1.1.0,585,sdpa_efficient,0,fp32,8,32,2048,64,0,179.9975,179.9637,180.0489,1.527,3.0,run=2026-09-03T07:15:25Z;clock_lock=585;iters=100;max_err=4.612e-07 torch_same_dtype_err=3.786e-07 tol=1.757e-06 cap=1e-04
3add37c,Tesla T4,580.82.07,12.8.93,2.11.0+cu128,2025.1.1.0,,sdpa_math_fp32,0,fp32,8,32,2048,64,0,,,,,,oracle_not_speed_baseline;run=2026-09-03T07:15:25Z;oom_by_design
3add37c,Tesla T4,580.82.07,12.8.93,2.11.0+cu128,2025.1.1.0,,torch_unfused,0,fp32,8,32,2048,64,0,,,,,,run=2026-09-03T07:15:25Z;oom_by_design
3add37c,Tesla T4,580.82.07,12.8.93,2.11.0+cu128,2025.1.1.0,,sdpa_flash,0,fp32,8,32,2048,64,1,,,,,,flops=full;run=2026-09-03T07:15:25Z;backend_refused:Memory efficient kernel not used because: (Triggered internally at /pytorch/aten/src/ATen/native/transformers/cuda/sdp_utils.cpp:986.) | Memory Efficient attention has been runtime disabled. (Triggere
3add37c,Tesla T4,580.82.07,12.8.93,2.11.0+cu128,2025.1.1.0,,sdpa_cudnn,0,fp32,8,32,2048,64,1,,,,,,flops=full;run=2026-09-03T07:15:25Z;backend_refused:Memory efficient kernel not used because: (Triggered internally at /pytorch/aten/src/ATen/native/transformers/cuda/sdp_utils.cpp:986.) | Memory Efficient attention has been runtime disabled. (Triggere
3add37c,Tesla T4,580.82.07,12.8.93,2.11.0+cu128,2025.1.1.0,,flash_attn,0,fp32,8,32,2048,64,1,,,,,,flops=full;run=2026-09-03T07:15:25Z;backend_refused:not importable: No module named 'flash_attn'
3add37c,Tesla T4,580.82.07,12.8.93,2.11.0+cu128,2025.1.1.0,,naive,1,fp32,8,32,2048,64,1,,,,,,flops=full;run=2026-09-03T06:08:39Z;oom_by_design
3add37c,Tesla T4,580.82.07,12.8.93,2.11.0+cu128,2025.1.1.0,585,sdpa_efficient,0,fp32,8,32,2048,64,1,93.5622,93.4573,93.7050,2.938,5.8,flops=full;run=2026-09-03T07:15:25Z;clock_lock=585;iters=100;max_err=7.792e-07 torch_same_dtype_err=6.481e-07 tol=2.296e-06 cap=1e-04
3add37c,Tesla T4,580.82.07,12.8.93,2.11.0+cu128,2025.1.1.0,,sdpa_math_fp32,0,fp32,8,32,2048,64,1,,,,,,oracle_not_speed_baseline;flops=full;run=2026-09-03T07:15:25Z;oom_by_design
3add37c,Tesla T4,580.82.07,12.8.93,2.11.0+cu128,2025.1.1.0,,torch_unfused,0,fp32,8,32,2048,64,1,,,,,,flops=full;run=2026-09-03T07:15:25Z;oom_by_design
3add37c,Tesla T4,580.82.07,12.8.93,2.11.0+cu128,2025.1.1.0,,sdpa_flash,0,fp32,1,8,2048,128,0,,,,,,run=2026-09-03T07:15:25Z;backend_refused:Memory efficient kernel not used because: (Triggered internally at /pytorch/aten/src/ATen/native/transformers/cuda/sdp_utils.cpp:986.) | Memory Efficient attention has been runtime disabled. (Triggere
3add37c,Tesla T4,580.82.07,12.8.93,2.11.0+cu128,2025.1.1.0,,sdpa_cudnn,0,fp32,1,8,2048,128,0,,,,,,run=2026-09-03T07:15:25Z;backend_refused:Memory efficient kernel not used because: (Triggered internally at /pytorch/aten/src/ATen/native/transformers/cuda/sdp_utils.cpp:986.) | Memory Efficient attention has been runtime disabled. (Triggere
3add37c,Tesla T4,580.82.07,12.8.93,2.11.0+cu128,2025.1.1.0,,flash_attn,0,fp32,1,8,2048,128,0,,,,,,run=2026-09-03T07:15:25Z;backend_refused:not importable: No module named 'flash_attn'
3add37c,Tesla T4,580.82.07,12.8.93,2.11.0+cu128,2025.1.1.0,585,naive,1,fp32,1,8,2048,128,0,408.6411,408.6277,408.6538,0.042,1.4,run=2026-09-03T06:08:39Z;clock_lock=585;iters=100;max_err=4.863e-07 torch_same_dtype_err=3.546e-07 tol=1.709e-06 cap=1e-04
3add37c,Tesla T4,580.82.07,12.8.93,2.11.0+cu128,2025.1.1.0,585,sdpa_efficient,0,fp32,1,8,2048,128,0,10.4737,10.4706,10.4782,1.640,3.2,run=2026-09-03T07:15:25Z;clock_lock=585;iters=100;max_err=4.668e-07 torch_same_dtype_err=3.546e-07 tol=1.709e-06 cap=1e-04
3add37c,Tesla T4,580.82.07,12.8.93,2.11.0+cu128,2025.1.1.0,585,sdpa_math_fp32,0,fp32,1,8,2048,128,0,10.2302,10.2202,10.2405,1.679,55.8,oracle_not_speed_baseline;run=2026-09-03T07:15:25Z;clock_lock=585;iters=100;max_err=4.913e-07 torch_same_dtype_err=3.546e-07 tol=1.709e-06 cap=1e-04
3add37c,Tesla T4,580.82.07,12.8.93,2.11.0+cu128,2025.1.1.0,585,torch_unfused,0,fp32,1,8,2048,128,0,9.1935,9.1828,9.2017,1.869,62.0,run=2026-09-03T07:15:25Z;clock_lock=585;iters=100;max_err=4.789e-07 torch_same_dtype_err=3.546e-07 tol=1.709e-06 cap=1e-04
3add37c,Tesla T4,580.82.07,12.8.93,2.11.0+cu128,2025.1.1.0,,sdpa_flash,0,fp32,1,8,2048,128,1,,,,,,flops=full;run=2026-09-03T07:15:25Z;backend_refused:Memory efficient kernel not used because: (Triggered internally at /pytorch/aten/src/ATen/native/transformers/cuda/sdp_utils.cpp:986.) | Memory Efficient attention has been runtime disabled. (Triggere
3add37c,Tesla T4,580.82.07,12.8.93,2.11.0+cu128,2025.1.1.0,,sdpa_cudnn,0,fp32,1,8,2048,128,1,,,,,,flops=full;run=2026-09-03T07:15:25Z;backend_refused:Memory efficient kernel not used because: (Triggered internally at /pytorch/aten/src/ATen/native/transformers/cuda/sdp_utils.cpp:986.) | Memory Efficient attention has been runtime disabled. (Triggere
3add37c,Tesla T4,580.82.07,12.8.93,2.11.0+cu128,2025.1.1.0,,flash_attn,0,fp32,1,8,2048,128,1,,,,,,flops=full;run=2026-09-03T07:15:25Z;backend_refused:not importable: No module named 'flash_attn'
3add37c,Tesla T4,580.82.07,12.8.93,2.11.0+cu128,2025.1.1.0,585,naive,1,fp32,1,8,2048,128,1,218.8288,218.8104,218.8514,0.079,2.6,flops=full;run=2026-09-03T06:08:39Z;clock_lock=585;iters=100;max_err=1.086e-06 torch_same_dtype_err=1.146e-06 tol=3.291e-06 cap=1e-04
3add37c,Tesla T4,580.82.07,12.8.93,2.11.0+cu128,2025.1.1.0,585,sdpa_efficient,0,fp32,1,8,2048,128,1,5.9006,5.7906,6.0525,2.912,5.7,flops=full;run=2026-09-03T07:15:25Z;clock_lock=585;iters=100;max_err=1.286e-06 torch_same_dtype_err=1.146e-06 tol=3.291e-06 cap=1e-04
3add37c,Tesla T4,580.82.07,12.8.93,2.11.0+cu128,2025.1.1.0,585,sdpa_math_fp32,0,fp32,1,8,2048,128,1,12.1174,12.1107,12.1224,1.418,47.1,oracle_not_speed_baseline;flops=full;run=2026-09-03T07:15:25Z;clock_lock=585;iters=100;max_err=1.028e-06 torch_same_dtype_err=1.146e-06 tol=3.291e-06 cap=1e-04
3add37c,Tesla T4,580.82.07,12.8.93,2.11.0+cu128,2025.1.1.0,585,torch_unfused,0,fp32,1,8,2048,128,1,11.5936,11.5857,11.5994,1.482,49.2,flops=full;run=2026-09-03T07:15:25Z;clock_lock=585;iters=100;max_err=1.146e-06 torch_same_dtype_err=1.146e-06 tol=3.291e-06 cap=1e-04
3add37c,Tesla T4,580.82.07,12.8.93,2.11.0+cu128,2025.1.1.0,,sdpa_flash,0,fp32,8,32,2048,128,0,,,,,,run=2026-09-03T07:15:25Z;backend_refused:Memory efficient kernel not used because: (Triggered internally at /pytorch/aten/src/ATen/native/transformers/cuda/sdp_utils.cpp:986.) | Memory Efficient attention has been runtime disabled. (Triggere
3add37c,Tesla T4,580.82.07,12.8.93,2.11.0+cu128,2025.1.1.0,,sdpa_cudnn,0,fp32,8,32,2048,128,0,,,,,,run=2026-09-03T07:15:25Z;backend_refused:Memory efficient kernel not used because: (Triggered internally at /pytorch/aten/src/ATen/native/transformers/cuda/sdp_utils.cpp:986.) | Memory Efficient attention has been runtime disabled. (Triggere
3add37c,Tesla T4,580.82.07,12.8.93,2.11.0+cu128,2025.1.1.0,,flash_attn,0,fp32,8,32,2048,128,0,,,,,,run=2026-09-03T07:15:25Z;backend_refused:not importable: No module named 'flash_attn'
3add37c,Tesla T4,580.82.07,12.8.93,2.11.0+cu128,2025.1.1.0,,naive,1,fp32,8,32,2048,128,0,,,,,,run=2026-09-03T06:08:39Z;oom_by_design
3add37c,Tesla T4,580.82.07,12.8.93,2.11.0+cu128,2025.1.1.0,585,sdpa_efficient,0,fp32,8,32,2048,128,0,327.9511,327.9231,327.9753,1.676,3.3,run=2026-09-03T07:15:25Z;clock_lock=585;iters=100;max_err=4.841e-07 torch_same_dtype_err=2.917e-07 tol=1.583e-06 cap=1e-04
3add37c,Tesla T4,580.82.07,12.8.93,2.11.0+cu128,2025.1.1.0,,sdpa_math_fp32,0,fp32,8,32,2048,128,0,,,,,,oracle_not_speed_baseline;run=2026-09-03T07:15:25Z;oom_by_design
3add37c,Tesla T4,580.82.07,12.8.93,2.11.0+cu128,2025.1.1.0,,torch_unfused,0,fp32,8,32,2048,128,0,,,,,,run=2026-09-03T07:15:25Z;oom_by_design
3add37c,Tesla T4,580.82.07,12.8.93,2.11.0+cu128,2025.1.1.0,,sdpa_flash,0,fp32,8,32,2048,128,1,,,,,,flops=full;run=2026-09-03T07:15:25Z;backend_refused:Memory efficient kernel not used because: (Triggered internally at /pytorch/aten/src/ATen/native/transformers/cuda/sdp_utils.cpp:986.) | Memory Efficient attention has been runtime disabled. (Triggere
3add37c,Tesla T4,580.82.07,12.8.93,2.11.0+cu128,2025.1.1.0,,sdpa_cudnn,0,fp32,8,32,2048,128,1,,,,,,flops=full;run=2026-09-03T07:15:25Z;backend_refused:Memory efficient kernel not used because: (Triggered internally at /pytorch/aten/src/ATen/native/transformers/cuda/sdp_utils.cpp:986.) | Memory Efficient attention has been runtime disabled. (Triggere
3add37c,Tesla T4,580.82.07,12.8.93,2.11.0+cu128,2025.1.1.0,,flash_attn,0,fp32,8,32,2048,128,1,,,,,,flops=full;run=2026-09-03T07:15:25Z;backend_refused:not importable: No module named 'flash_attn'
3add37c,Tesla T4,580.82.07,12.8.93,2.11.0+cu128,2025.1.1.0,585,sdpa_efficient,0,fp32,8,32,2048,128,1,171.4032,171.3213,171.5308,3.207,6.3,flops=full;run=2026-09-03T07:15:25Z;clock_lock=585;iters=100;max_err=9.068e-07 torch_same_dtype_err=7.332e-07 tol=2.466e-06 cap=1e-04
3add37c,Tesla T4,580.82.07,12.8.93,2.11.0+cu128,2025.1.1.0,,sdpa_math_fp32,0,fp32,8,32,2048,128,1,,,,,,oracle_not_speed_baseline;flops=full;run=2026-09-03T07:15:25Z;oom_by_design
3add37c,Tesla T4,580.82.07,12.8.93,2.11.0+cu128,2025.1.1.0,,torch_unfused,0,fp32,8,32,2048,128,1,,,,,,flops=full;run=2026-09-03T07:15:25Z;oom_by_design
3add37c,Tesla T4,580.82.07,12.8.93,2.11.0+cu128,2025.1.1.0,,sdpa_flash,0,fp32,1,8,4096,64,0,,,,,,run=2026-09-03T07:15:25Z;backend_refused:Memory efficient kernel not used because: (Triggered internally at /pytorch/aten/src/ATen/native/transformers/cuda/sdp_utils.cpp:986.) | Memory Efficient attention has been runtime disabled. (Triggere
3add37c,Tesla T4,580.82.07,12.8.93,2.11.0+cu128,2025.1.1.0,,sdpa_cudnn,0,fp32,1,8,4096,64,0,,,,,,run=2026-09-03T07:15:25Z;backend_refused:Memory efficient kernel not used because: (Triggered internally at /pytorch/aten/src/ATen/native/transformers/cuda/sdp_utils.cpp:986.) | Memory Efficient attention has been runtime disabled. (Triggere
3add37c,Tesla T4,580.82.07,12.8.93,2.11.0+cu128,2025.1.1.0,,flash_attn,0,fp32,1,8,4096,64,0,,,,,,run=2026-09-03T07:15:25Z;backend_refused:not importable: No module named 'flash_attn'
3add37c,Tesla T4,580.82.07,12.8.93,2.11.0+cu128,2025.1.1.0,585,naive,1,fp32,1,8,4096,64,0,823.3646,823.3489,823.3820,0.042,2.6,run=2026-09-03T06:08:39Z;clock_lock=585;iters=100;max_err=4.814e-07 torch_same_dtype_err=1.344e-07 tol=1.269e-06 cap=1e-04
3add37c,Tesla T4,580.82.07,12.8.93,2.11.0+cu128,2025.1.1.0,585,sdpa_efficient,0,fp32,1,8,4096,64,0,23.1098,23.0915,23.1241,1.487,1.5,run=2026-09-03T07:15:25Z;clock_lock=585;iters=100;max_err=3.817e-07 torch_same_dtype_err=1.344e-07 tol=1.269e-06 cap=1e-04
3add37c,Tesla T4,580.82.07,12.8.93,2.11.0+cu128,2025.1.1.0,585,sdpa_math_fp32,0,fp32,1,8,4096,64,0,30.3408,29.9956,31.8638,1.132,71.9,oracle_not_speed_baseline;run=2026-09-03T07:15:25Z;clock=unlocked;clock_lock_failed=585;clock=495-585;noisy_clock;iters=100;max_err=5.112e-07 torch_same_dtype_err=1.344e-07 tol=1.269e-06 cap=1e-04
3add37c,Tesla T4,580.82.07,12.8.93,2.11.0+cu128,2025.1.1.0,570,torch_unfused,0,fp32,1,8,4096,64,0,26.8176,26.4611,28.2269,1.281,81.3,run=2026-09-03T07:15:25Z;clock=unlocked;clock_lock_failed=585;clock=510-585;noisy_clock;iters=100;max_err=4.814e-07 torch_same_dtype_err=1.344e-07 tol=1.269e-06 cap=1e-04
3add37c,Tesla T4,580.82.07,12.8.93,2.11.0+cu128,2025.1.1.0,,sdpa_flash,0,fp32,1,8,4096,64,1,,,,,,flops=full;run=2026-09-03T07:15:25Z;backend_refused:Memory efficient kernel not used because: (Triggered internally at /pytorch/aten/src/ATen/native/transformers/cuda/sdp_utils.cpp:986.) | Memory Efficient attention has been runtime disabled. (Triggere
3add37c,Tesla T4,580.82.07,12.8.93,2.11.0+cu128,2025.1.1.0,,sdpa_cudnn,0,fp32,1,8,4096,64,1,,,,,,flops=full;run=2026-09-03T07:15:25Z;backend_refused:Memory efficient kernel not used because: (Triggered internally at /pytorch/aten/src/ATen/native/transformers/cuda/sdp_utils.cpp:986.) | Memory Efficient attention has been runtime disabled. (Triggere
3add37c,Tesla T4,580.82.07,12.8.93,2.11.0+cu128,2025.1.1.0,,flash_attn,0,fp32,1,8,4096,64,1,,,,,,flops=full;run=2026-09-03T07:15:25Z;backend_refused:not importable: No module named 'flash_attn'
3add37c,Tesla T4,580.82.07,12.8.93,2.11.0+cu128,2025.1.1.0,585,naive,1,fp32,1,8,4096,64,1,443.5518,443.5355,443.5730,0.077,4.9,flops=full;run=2026-09-03T06:08:39Z;clock_lock=585;iters=100;max_err=6.650e-07 torch_same_dtype_err=6.054e-07 tol=2.211e-06 cap=1e-04
3add37c,Tesla T4,580.82.07,12.8.93,2.11.0+cu128,2025.1.1.0,585,sdpa_efficient,0,fp32,1,8,4096,64,1,12.6793,12.4825,12.9579,2.710,2.7,flops=full;run=2026-09-03T07:15:25Z;clock_lock=585;iters=100;max_err=5.775e-07 torch_same_dtype_err=6.054e-07 tol=2.211e-06 cap=1e-04
3add37c,Tesla T4,580.82.07,12.8.93,2.11.0+cu128,2025.1.1.0,585,sdpa_math_fp32,0,fp32,1,8,4096,64,1,38.3053,38.2972,38.3156,0.897,56.9,oracle_not_speed_baseline;flops=full;run=2026-09-03T07:15:25Z;clock_lock=585;iters=100;max_err=5.433e-07 torch_same_dtype_err=6.054e-07 tol=2.211e-06 cap=1e-04
3add37c,Tesla T4,580.82.07,12.8.93,2.11.0+cu128,2025.1.1.0,585,torch_unfused,0,fp32,1,8,4096,64,1,36.8710,36.8602,36.8821,0.932,59.2,flops=full;run=2026-09-03T07:15:25Z;clock_lock=585;iters=100;max_err=6.054e-07 torch_same_dtype_err=6.054e-07 tol=2.211e-06 cap=1e-04
3add37c,Tesla T4,580.82.07,12.8.93,2.11.0+cu128,2025.1.1.0,,sdpa_flash,0,fp32,8,32,4096,64,0,,,,,,run=2026-09-03T07:15:25Z;backend_refused:Memory efficient kernel not used because: (Triggered internally at /pytorch/aten/src/ATen/native/transformers/cuda/sdp_utils.cpp:986.) | Memory Efficient attention has been runtime disabled. (Triggere
3add37c,Tesla T4,580.82.07,12.8.93,2.11.0+cu128,2025.1.1.0,,sdpa_cudnn,0,fp32,8,32,4096,64,0,,,,,,run=2026-09-03T07:15:25Z;backend_refused:Memory efficient kernel not used because: (Triggered internally at /pytorch/aten/src/ATen/native/transformers/cuda/sdp_utils.cpp:986.) | Memory Efficient attention has been runtime disabled. (Triggere
3add37c,Tesla T4,580.82.07,12.8.93,2.11.0+cu128,2025.1.1.0,,flash_attn,0,fp32,8,32,4096,64,0,,,,,,run=2026-09-03T07:15:25Z;backend_refused:not importable: No module named 'flash_attn'
3add37c,Tesla T4,580.82.07,12.8.93,2.11.0+cu128,2025.1.1.0,585,sdpa_efficient,0,fp32,8,32,4096,64,0,717.6364,717.5130,717.7463,1.532,1.5,run=2026-09-03T07:15:25Z;clock_lock=585;iters=100;max_err=4.435e-07 torch_same_dtype_err=3.047e-07 tol=1.609e-06 cap=1e-04
3add37c,Tesla T4,580.82.07,12.8.93,2.11.0+cu128,2025.1.1.0,,sdpa_math_fp32,0,fp32,8,32,4096,64,0,,,,,,oracle_not_speed_baseline;run=2026-09-03T07:15:25Z;oom_by_design
3add37c,Tesla T4,580.82.07,12.8.93,2.11.0+cu128,2025.1.1.0,,torch_unfused,0,fp32,8,32,4096,64,0,,,,,,run=2026-09-03T07:15:25Z;oom_by_design
3add37c,Tesla T4,580.82.07,12.8.93,2.11.0+cu128,2025.1.1.0,,sdpa_flash,0,fp32,8,32,4096,64,1,,,,,,flops=full;run=2026-09-03T07:15:25Z;backend_refused:Memory efficient kernel not used because: (Triggered internally at /pytorch/aten/src/ATen/native/transformers/cuda/sdp_utils.cpp:986.) | Memory Efficient attention has been runtime disabled. (Triggere
3add37c,Tesla T4,580.82.07,12.8.93,2.11.0+cu128,2025.1.1.0,,sdpa_cudnn,0,fp32,8,32,4096,64,1,,,,,,flops=full;run=2026-09-03T07:15:25Z;backend_refused:Memory efficient kernel not used because: (Triggered internally at /pytorch/aten/src/ATen/native/transformers/cuda/sdp_utils.cpp:986.) | Memory Efficient attention has been runtime disabled. (Triggere
3add37c,Tesla T4,580.82.07,12.8.93,2.11.0+cu128,2025.1.1.0,,flash_attn,0,fp32,8,32,4096,64,1,,,,,,flops=full;run=2026-09-03T07:15:25Z;backend_refused:not importable: No module named 'flash_attn'
3add37c,Tesla T4,580.82.07,12.8.93,2.11.0+cu128,2025.1.1.0,585,sdpa_efficient,0,fp32,8,32,4096,64,1,365.7040,365.4900,365.9827,3.007,2.9,flops=full;run=2026-09-03T07:15:25Z;clock_lock=585;iters=100;max_err=8.574e-07 torch_same_dtype_err=8.574e-07 tol=2.715e-06 cap=1e-04
3add37c,Tesla T4,580.82.07,12.8.93,2.11.0+cu128,2025.1.1.0,,sdpa_math_fp32,0,fp32,8,32,4096,64,1,,,,,,oracle_not_speed_baseline;flops=full;run=2026-09-03T07:15:25Z;oom_by_design
3add37c,Tesla T4,580.82.07,12.8.93,2.11.0+cu128,2025.1.1.0,,torch_unfused,0,fp32,8,32,4096,64,1,,,,,,flops=full;run=2026-09-03T07:15:25Z;oom_by_design
3add37c,Tesla T4,580.82.07,12.8.93,2.11.0+cu128,2025.1.1.0,,sdpa_flash,0,fp32,1,8,4096,128,0,,,,,,run=2026-09-03T07:15:25Z;backend_refused:Memory efficient kernel not used because: (Triggered internally at /pytorch/aten/src/ATen/native/transformers/cuda/sdp_utils.cpp:986.) | Memory Efficient attention has been runtime disabled. (Triggere
3add37c,Tesla T4,580.82.07,12.8.93,2.11.0+cu128,2025.1.1.0,,sdpa_cudnn,0,fp32,1,8,4096,128,0,,,,,,run=2026-09-03T07:15:25Z;backend_refused:Memory efficient kernel not used because: (Triggered internally at /pytorch/aten/src/ATen/native/transformers/cuda/sdp_utils.cpp:986.) | Memory Efficient attention has been runtime disabled. (Triggere
3add37c,Tesla T4,580.82.07,12.8.93,2.11.0+cu128,2025.1.1.0,,flash_attn,0,fp32,1,8,4096,128,0,,,,,,run=2026-09-03T07:15:25Z;backend_refused:not importable: No module named 'flash_attn'
3add37c,Tesla T4,580.82.07,12.8.93,2.11.0+cu128,2025.1.1.0,585,naive,1,fp32,1,8,4096,128,0,1636.4606,1636.4405,1636.4838,0.042,1.4,run=2026-09-03T06:08:39Z;clock_lock=585;iters=100;max_err=3.680e-07 torch_same_dtype_err=1.800e-07 tol=1.360e-06 cap=1e-04
3add37c,Tesla T4,580.82.07,12.8.93,2.11.0+cu128,2025.1.1.0,585,sdpa_efficient,0,fp32,1,8,4096,128,0,41.6334,41.6174,41.6457,1.651,1.6,run=2026-09-03T07:15:25Z;clock_lock=585;iters=100;max_err=3.544e-07 torch_same_dtype_err=1.800e-07 tol=1.360e-06 cap=1e-04
3add37c,Tesla T4,580.82.07,12.8.93,2.11.0+cu128,2025.1.1.0,585,sdpa_math_fp32,0,fp32,1,8,4096,128,0,41.4927,41.4842,41.9113,1.656,53.4,oracle_not_speed_baseline;run=2026-09-03T07:15:25Z;clock_lock=585;clock=555-585;iters=100;max_err=3.961e-07 torch_same_dtype_err=1.800e-07 tol=1.360e-06 cap=1e-04
3add37c,Tesla T4,580.82.07,12.8.93,2.11.0+cu128,2025.1.1.0,585,torch_unfused,0,fp32,1,8,4096,128,0,37.8225,37.8102,38.2490,1.817,58.6,run=2026-09-03T07:15:25Z;clock_lock=585;clock=555-585;iters=100;max_err=3.613e-07 torch_same_dtype_err=1.800e-07 tol=1.360e-06 cap=1e-04
3add37c,Tesla T4,580.82.07,12.8.93,2.11.0+cu128,2025.1.1.0,,sdpa_flash,0,fp32,1,8,4096,128,1,,,,,,flops=full;run=2026-09-03T07:15:25Z;backend_refused:Memory efficient kernel not used because: (Triggered internally at /pytorch/aten/src/ATen/native/transformers/cuda/sdp_utils.cpp:986.) | Memory Efficient attention has been runtime disabled. (Triggere
3add37c,Tesla T4,580.82.07,12.8.93,2.11.0+cu128,2025.1.1.0,,sdpa_cudnn,0,fp32,1,8,4096,128,1,,,,,,flops=full;run=2026-09-03T07:15:25Z;backend_refused:Memory efficient kernel not used because: (Triggered internally at /pytorch/aten/src/ATen/native/transformers/cuda/sdp_utils.cpp:986.) | Memory Efficient attention has been runtime disabled. (Triggere
3add37c,Tesla T4,580.82.07,12.8.93,2.11.0+cu128,2025.1.1.0,,flash_attn,0,fp32,1,8,4096,128,1,,,,,,flops=full;run=2026-09-03T07:15:25Z;backend_refused:not importable: No module named 'flash_attn'
3add37c,Tesla T4,580.82.07,12.8.93,2.11.0+cu128,2025.1.1.0,585,naive,1,fp32,1,8,4096,128,1,876.5898,876.5644,876.6179,0.078,2.5,flops=full;run=2026-09-03T06:08:39Z;clock_lock=585;iters=100;max_err=9.125e-07 torch_same_dtype_err=9.125e-07 tol=2.825e-06 cap=1e-04
3add37c,Tesla T4,580.82.07,12.8.93,2.11.0+cu128,2025.1.1.0,585,sdpa_efficient,0,fp32,1,8,4096,128,1,22.0509,21.8292,22.2257,3.116,3.0,flops=full;run=2026-09-03T07:15:25Z;clock_lock=585;iters=100;max_err=9.101e-07 torch_same_dtype_err=9.125e-07 tol=2.825e-06 cap=1e-04
3add37c,Tesla T4,580.82.07,12.8.93,2.11.0+cu128,2025.1.1.0,585,sdpa_math_fp32,0,fp32,1,8,4096,128,1,49.8082,49.7993,49.8176,1.380,44.5,oracle_not_speed_baseline;flops=full;run=2026-09-03T07:15:25Z;clock_lock=585;iters=100;max_err=6.650e-07 torch_same_dtype_err=9.125e-07 tol=2.825e-06 cap=1e-04
3add37c,Tesla T4,580.82.07,12.8.93,2.11.0+cu128,2025.1.1.0,585,torch_unfused,0,fp32,1,8,4096,128,1,48.2297,48.2181,48.2407,1.425,45.9,flops=full;run=2026-09-03T07:15:25Z;clock_lock=585;clock=570-585;iters=100;max_err=9.125e-07 torch_same_dtype_err=9.125e-07 tol=2.825e-06 cap=1e-04
3add37c,Tesla T4,580.82.07,12.8.93,2.11.0+cu128,2025.1.1.0,,sdpa_flash,0,fp32,8,32,4096,128,0,,,,,,run=2026-09-03T07:15:25Z;backend_refused:Memory efficient kernel not used because: (Triggered internally at /pytorch/aten/src/ATen/native/transformers/cuda/sdp_utils.cpp:986.) | Memory Efficient attention has been runtime disabled. (Triggere
3add37c,Tesla T4,580.82.07,12.8.93,2.11.0+cu128,2025.1.1.0,,sdpa_cudnn,0,fp32,8,32,4096,128,0,,,,,,run=2026-09-03T07:15:25Z;backend_refused:Memory efficient kernel not used because: (Triggered internally at /pytorch/aten/src/ATen/native/transformers/cuda/sdp_utils.cpp:986.) | Memory Efficient attention has been runtime disabled. (Triggere
3add37c,Tesla T4,580.82.07,12.8.93,2.11.0+cu128,2025.1.1.0,,flash_attn,0,fp32,8,32,4096,128,0,,,,,,run=2026-09-03T07:15:25Z;backend_refused:not importable: No module named 'flash_attn'
3add37c,Tesla T4,580.82.07,12.8.93,2.11.0+cu128,2025.1.1.0,585,sdpa_efficient,0,fp32,8,32,4096,128,0,1308.9548,1308.8915,1308.9916,1.680,1.6,run=2026-09-03T07:15:25Z;clock_lock=585;iters=100;max_err=3.609e-07 torch_same_dtype_err=2.392e-07 tol=1.478e-06 cap=1e-04
3add37c,Tesla T4,580.82.07,12.8.93,2.11.0+cu128,2025.1.1.0,,sdpa_math_fp32,0,fp32,8,32,4096,128,0,,,,,,oracle_not_speed_baseline;run=2026-09-03T07:15:25Z;oom_by_design
3add37c,Tesla T4,580.82.07,12.8.93,2.11.0+cu128,2025.1.1.0,,torch_unfused,0,fp32,8,32,4096,128,0,,,,,,run=2026-09-03T07:15:25Z;oom_by_design
3add37c,Tesla T4,580.82.07,12.8.93,2.11.0+cu128,2025.1.1.0,,sdpa_flash,0,fp32,8,32,4096,128,1,,,,,,flops=full;run=2026-09-03T07:15:25Z;backend_refused:Memory efficient kernel not used because: (Triggered internally at /pytorch/aten/src/ATen/native/transformers/cuda/sdp_utils.cpp:986.) | Memory Efficient attention has been runtime disabled. (Triggere
3add37c,Tesla T4,580.82.07,12.8.93,2.11.0+cu128,2025.1.1.0,,sdpa_cudnn,0,fp32,8,32,4096,128,1,,,,,,flops=full;run=2026-09-03T07:15:25Z;backend_refused:Memory efficient kernel not used because: (Triggered internally at /pytorch/aten/src/ATen/native/transformers/cuda/sdp_utils.cpp:986.) | Memory Efficient attention has been runtime disabled. (Triggere
3add37c,Tesla T4,580.82.07,12.8.93,2.11.0+cu128,2025.1.1.0,,flash_attn,0,fp32,8,32,4096,128,1,,,,,,flops=full;run=2026-09-03T07:15:25Z;backend_refused:not importable: No module named 'flash_attn'
3add37c,Tesla T4,580.82.07,12.8.93,2.11.0+cu128,2025.1.1.0,585,sdpa_efficient,0,fp32,8,32,4096,128,1,669.4935,669.3283,669.7218,3.285,3.2,flops=full;run=2026-09-03T07:15:25Z;clock_lock=585;iters=100;max_err=9.141e-07 torch_same_dtype_err=7.651e-07 tol=2.530e-06 cap=1e-04
3add37c,Tesla T4,580.82.07,12.8.93,2.11.0+cu128,2025.1.1.0,,sdpa_math_fp32,0,fp32,8,32,4096,128,1,,,,,,oracle_not_speed_baseline;flops=full;run=2026-09-03T07:15:25Z;oom_by_design
3add37c,Tesla T4,580.82.07,12.8.93,2.11.0+cu128,2025.1.1.0,,torch_unfused,0,fp32,8,32,4096,128,1,,,,,,flops=full;run=2026-09-03T07:15:25Z;oom_by_design
3add37c,Tesla T4,580.82.07,12.8.93,2.11.0+cu128,2025.1.1.0,585,tiled,2,fp32,2,8,2048,64,0,59.1586,59.1527,59.1668,0.290,18.7,run=2026-09-03T06:51:26Z;clock_lock=585;iters=100;max_err=4.769e-07 torch_same_dtype_err=4.252e-07 tol=1.850e-06 cap=1e-04
3add37c,Tesla T4,580.82.07,12.8.93,2.11.0+cu128,2025.1.1.0,585,tiled,2,fp32,2,8,2048,128,0,115.8372,115.8314,115.8494,0.297,9.8,run=2026-09-03T06:51:26Z;clock_lock=585;iters=100;max_err=4.762e-07 torch_same_dtype_err=3.636e-07 tol=1.727e-06 cap=1e-04
3add37c,Tesla T4,580.82.07,12.8.93,2.11.0+cu128,2025.1.1.0,585,tiled,2,fp32,1,8,128,64,0,0.1986,0.1972,0.1989,0.169,15.8,run=2026-09-03T06:54:17Z;clock_lock=585;iters=1000;max_err=4.397e-07 torch_same_dtype_err=3.979e-07 tol=1.796e-06 cap=1e-04
3add37c,Tesla T4,580.82.07,12.8.93,2.11.0+cu128,2025.1.1.0,585,tiled,2,fp32,1,8,128,64,1,0.1987,0.1983,0.1999,0.169,15.8,flops=full;run=2026-09-03T06:54:17Z;clock_lock=585;iters=1000;max_err=5.474e-07 torch_same_dtype_err=5.362e-07 tol=2.072e-06 cap=1e-04
3add37c,Tesla T4,580.82.07,12.8.93,2.11.0+cu128,2025.1.1.0,585,tiled,2,fp32,8,32,128,64,0,4.3791,4.3779,4.3807,0.245,23.0,run=2026-09-03T06:54:17Z;clock_lock=585;iters=114;max_err=5.865e-07 torch_same_dtype_err=4.026e-07 tol=1.805e-06 cap=1e-04
3add37c,Tesla T4,580.82.07,12.8.93,2.11.0+cu128,2025.1.1.0,585,tiled,2,fp32,8,32,128,64,1,3.6495,3.5964,3.6524,0.294,27.6,flops=full;run=2026-09-03T06:54:17Z;clock_lock=585;iters=137;max_err=6.650e-07 torch_same_dtype_err=5.311e-07 tol=2.062e-06 cap=1e-04
3add37c,Tesla T4,580.82.07,12.8.93,2.11.0+cu128,2025.1.1.0,585,tiled,2,fp32,1,8,128,128,0,0.3302,0.3281,0.3319,0.203,12.7,run=2026-09-03T06:54:17Z;clock_lock=585;iters=1000;max_err=6.100e-07 torch_same_dtype_err=6.326e-07 tol=2.265e-06 cap=1e-04
3add37c,Tesla T4,580.82.07,12.8.93,2.11.0+cu128,2025.1.1.0,585,tiled,2,fp32,1,8,128,128,1,0.3318,0.3295,0.3340,0.202,12.6,flops=full;run=2026-09-03T06:54:17Z;clock_lock=585;iters=1000;max_err=8.202e-07 torch_same_dtype_err=4.112e-07 tol=1.822e-06 cap=1e-04
3add37c,Tesla T4,580.82.07,12.8.93,2.11.0+cu128,2025.1.1.0,585,tiled,2,fp32,8,32,128,128,0,7.9724,7.9708,7.9739,0.269,16.8,run=2026-09-03T06:54:17Z;clock_lock=585;iters=100;max_err=1.260e-06 torch_same_dtype_err=4.554e-07 tol=1.911e-06 cap=1e-04
3add37c,Tesla T4,580.82.07,12.8.93,2.11.0+cu128,2025.1.1.0,585,tiled,2,fp32,8,32,128,128,1,6.5103,6.3982,6.5132,0.330,20.6,flops=full;run=2026-09-03T06:54:17Z;clock_lock=585;iters=100;max_err=7.379e-07 torch_same_dtype_err=4.314e-07 tol=1.863e-06 cap=1e-04
3add37c,Tesla T4,580.82.07,12.8.93,2.11.0+cu128,2025.1.1.0,585,tiled,2,fp32,1,8,256,64,0,0.5811,0.5800,0.5816,0.231,18.0,run=2026-09-03T06:54:17Z;clock_lock=585;iters=843;max_err=4.170e-07 torch_same_dtype_err=3.512e-07 tol=1.702e-06 cap=1e-04
3add37c,Tesla T4,580.82.07,12.8.93,2.11.0+cu128,2025.1.1.0,585,tiled,2,fp32,1,8,256,64,1,0.5204,0.5202,0.5217,0.258,20.1,flops=full;run=2026-09-03T06:54:17Z;clock_lock=585;iters=937;max_err=1.038e-06 torch_same_dtype_err=1.038e-06 tol=3.076e-06 cap=1e-04
3add37c,Tesla T4,580.82.07,12.8.93,2.11.0+cu128,2025.1.1.0,585,tiled,2,fp32,8,32,256,64,0,15.9809,15.9769,16.0379,0.269,21.0,run=2026-09-03T06:54:17Z;clock_lock=585;iters=100;max_err=9.296e-07 torch_same_dtype_err=5.997e-07 tol=2.199e-06 cap=1e-04
3add37c,Tesla T4,580.82.07,12.8.93,2.11.0+cu128,2025.1.1.0,585,tiled,2,fp32,8,32,256,64,1,11.4111,11.3585,11.4176,0.376,29.4,flops=full;run=2026-09-03T06:54:17Z;clock_lock=585;iters=100;max_err=7.222e-07 torch_same_dtype_err=6.507e-07 tol=2.301e-06 cap=1e-04
3add37c,Tesla T4,580.82.07,12.8.93,2.11.0+cu128,2025.1.1.0,585,tiled,2,fp32,1,8,256,128,0,1.0755,1.0740,1.0773,0.250,11.7,run=2026-09-03T06:54:17Z;clock_lock=585;iters=458;max_err=7.035e-07 torch_same_dtype_err=2.799e-07 tol=1.560e-06 cap=1e-04
3add37c,Tesla T4,580.82.07,12.8.93,2.11.0+cu128,2025.1.1.0,585,tiled,2,fp32,1,8,256,128,1,0.9551,0.9533,0.9569,0.281,13.2,flops=full;run=2026-09-03T06:54:17Z;clock_lock=585;iters=521;max_err=6.223e-07 torch_same_dtype_err=3.291e-07 tol=1.658e-06 cap=1e-04
3add37c,Tesla T4,580.82.07,12.8.93,2.11.0+cu128,2025.1.1.0,585,tiled,2,fp32,8,32,256,128,0,30.1434,30.1411,30.2574,0.285,13.4,run=2026-09-03T06:54:17Z;clock_lock=585;iters=100;max_err=5.838e-07 torch_same_dtype_err=2.236e-07 tol=1.447e-06 cap=1e-04
3add37c,Tesla T4,580.82.07,12.8.93,2.11.0+cu128,2025.1.1.0,585,tiled,2,fp32,8,32,256,128,1,20.8970,20.8937,21.0081,0.411,19.3,flops=full;run=2026-09-03T06:54:17Z;clock_lock=585;iters=100;max_err=1.110e-06 torch_same_dtype_err=3.302e-07 tol=1.660e-06 cap=1e-04
3add37c,Tesla T4,580.82.07,12.8.93,2.11.0+cu128,2025.1.1.0,585,tiled,2,fp32,1,8,512,64,0,2.0425,2.0381,2.0466,0.263,18.5,run=2026-09-03T06:54:17Z;clock_lock=585;iters=244;max_err=4.399e-07 torch_same_dtype_err=3.838e-07 tol=1.768e-06 cap=1e-04
3add37c,Tesla T4,580.82.07,12.8.93,2.11.0+cu128,2025.1.1.0,585,tiled,2,fp32,1,8,512,64,1,1.4358,1.4315,1.4398,0.374,26.3,flops=full;run=2026-09-03T06:54:17Z;clock_lock=585;iters=346;max_err=7.023e-07 torch_same_dtype_err=6.427e-07 tol=2.285e-06 cap=1e-04
3add37c,Tesla T4,580.82.07,12.8.93,2.11.0+cu128,2025.1.1.0,585,tiled,2,fp32,8,32,512,64,0,61.3802,61.3780,61.3827,0.280,19.7,run=2026-09-03T06:54:17Z;clock_lock=585;iters=100;max_err=3.772e-07 torch_same_dtype_err=2.911e-07 tol=1.582e-06 cap=1e-04
3add37c,Tesla T4,580.82.07,12.8.93,2.11.0+cu128,2025.1.1.0,585,tiled,2,fp32,8,32,512,64,1,39.6473,39.5994,39.6596,0.433,30.5,flops=full;run=2026-09-03T06:54:17Z;clock_lock=585;iters=100;max_err=8.007e-07 torch_same_dtype_err=5.938e-07 tol=2.188e-06 cap=1e-04
3add37c,Tesla T4,580.82.07,12.8.93,2.11.0+cu128,2025.1.1.0,585,tiled,2,fp32,1,8,512,128,0,3.8359,3.8340,3.8380,0.280,10.9,run=2026-09-03T06:54:17Z;clock_lock=585;iters=130;max_err=5.169e-07 torch_same_dtype_err=4.722e-07 tol=1.944e-06 cap=1e-04
3add37c,Tesla T4,580.82.07,12.8.93,2.11.0+cu128,2025.1.1.0,585,tiled,2,fp32,1,8,512,128,1,2.6194,2.6171,2.6230,0.410,16.0,flops=full;run=2026-09-03T06:54:17Z;clock_lock=585;iters=193;max_err=8.029e-07 torch_same_dtype_err=7.806e-07 tol=2.561e-06 cap=1e-04
3add37c,Tesla T4,580.82.07,12.8.93,2.11.0+cu128,2025.1.1.0,585,tiled,2,fp32,8,32,512,128,0,117.9953,117.9896,117.9996,0.291,11.4,run=2026-09-03T06:54:17Z;clock_lock=585;iters=100;max_err=6.067e-07 torch_same_dtype_err=5.552e-07 tol=2.110e-06 cap=1e-04
3add37c,Tesla T4,580.82.07,12.8.93,2.11.0+cu128,2025.1.1.0,585,tiled,2,fp32,8,32,512,128,1,74.4289,74.4198,74.4346,0.462,18.0,flops=full;run=2026-09-03T06:54:17Z;clock_lock=585;iters=100;max_err=7.087e-07 torch_same_dtype_err=6.972e-07 tol=2.394e-06 cap=1e-04
3add37c,Tesla T4,580.82.07,12.8.93,2.11.0+cu128,2025.1.1.0,585,tiled,2,fp32,1,8,1024,64,0,7.6208,7.6189,7.6239,0.282,18.7,run=2026-09-03T06:54:17Z;clock_lock=585;iters=100;max_err=7.922e-07 torch_same_dtype_err=6.730e-07 tol=2.346e-06 cap=1e-04
3add37c,Tesla T4,580.82.07,12.8.93,2.11.0+cu128,2025.1.1.0,585,tiled,2,fp32,1,8,1024,64,1,4.7575,4.7067,4.7612,0.451,30.0,flops=full;run=2026-09-03T06:54:17Z;clock_lock=585;iters=105;max_err=8.115e-07 torch_same_dtype_err=9.307e-07 tol=2.861e-06 cap=1e-04
3add37c,Tesla T4,580.82.07,12.8.93,2.11.0+cu128,2025.1.1.0,585,tiled,2,fp32,8,32,1024,64,0,236.8747,236.8000,236.8859,0.290,19.3,run=2026-09-03T06:54:17Z;clock_lock=585;iters=100;max_err=3.953e-07 torch_same_dtype_err=2.674e-07 tol=1.535e-06 cap=1e-04
3add37c,Tesla T4,580.82.07,12.8.93,2.11.0+cu128,2025.1.1.0,585,tiled,2,fp32,8,32,1024,64,1,143.4839,143.4128,143.5008,0.479,31.8,flops=full;run=2026-09-03T06:54:17Z;clock_lock=585;iters=100;max_err=7.139e-07 torch_same_dtype_err=6.325e-07 tol=2.265e-06 cap=1e-04
3add37c,Tesla T4,580.82.07,12.8.93,2.11.0+cu128,2025.1.1.0,585,tiled,2,fp32,1,8,1024,128,0,14.7519,14.7435,14.7638,0.291,10.2,run=2026-09-03T06:54:17Z;clock_lock=585;iters=100;max_err=6.132e-07 torch_same_dtype_err=4.887e-07 tol=1.977e-06 cap=1e-04
3add37c,Tesla T4,580.82.07,12.8.93,2.11.0+cu128,2025.1.1.0,585,tiled,2,fp32,1,8,1024,128,1,8.9151,8.9033,9.0210,0.482,16.9,flops=full;run=2026-09-03T06:54:17Z;clock_lock=585;iters=100;max_err=7.907e-07 torch_same_dtype_err=7.609e-07 tol=2.522e-06 cap=1e-04
3add37c,Tesla T4,580.82.07,12.8.93,2.11.0+cu128,2025.1.1.0,585,tiled,2,fp32,8,32,1024,128,0,462.9641,462.9579,462.9704,0.297,10.4,run=2026-09-03T06:54:17Z;clock_lock=585;iters=100;max_err=7.235e-07 torch_same_dtype_err=6.639e-07 tol=2.328e-06 cap=1e-04
3add37c,Tesla T4,580.82.07,12.8.93,2.11.0+cu128,2025.1.1.0,585,tiled,2,fp32,8,32,1024,128,1,276.1195,276.0423,276.1395,0.498,17.5,flops=full;run=2026-09-03T06:54:17Z;clock_lock=585;iters=100;max_err=1.098e-06 torch_same_dtype_err=1.337e-06 tol=3.674e-06 cap=1e-04
3add37c,Tesla T4,580.82.07,12.8.93,2.11.0+cu128,2025.1.1.0,585,tiled,2,fp32,1,8,2048,64,0,29.8966,29.8865,29.9067,0.287,18.5,run=2026-09-03T06:54:17Z;clock_lock=585;iters=100;max_err=3.693e-07 torch_same_dtype_err=2.396e-07 tol=1.479e-06 cap=1e-04
3add37c,Tesla T4,580.82.07,12.8.93,2.11.0+cu128,2025.1.1.0,585,tiled,2,fp32,1,8,2048,64,1,17.8617,17.8523,17.8729,0.481,31.0,flops=full;run=2026-09-03T06:54:17Z;clock_lock=585;iters=100;max_err=6.272e-07 torch_same_dtype_err=6.037e-07 tol=2.207e-06 cap=1e-04
3add37c,Tesla T4,580.82.07,12.8.93,2.11.0+cu128,2025.1.1.0,,tiled,2,fp32,8,32,2048,64,0,,,,,,run=2026-09-03T06:54:17Z;oom_by_design
3add37c,Tesla T4,580.82.07,12.8.93,2.11.0+cu128,2025.1.1.0,,tiled,2,fp32,8,32,2048,64,1,,,,,,flops=full;run=2026-09-03T06:54:17Z;oom_by_design
3add37c,Tesla T4,580.82.07,12.8.93,2.11.0+cu128,2025.1.1.0,585,tiled,2,fp32,1,8,2048,128,0,57.9627,57.9580,57.9751,0.296,9.8,run=2026-09-03T06:54:17Z;clock_lock=585;iters=100;max_err=4.863e-07 torch_same_dtype_err=3.546e-07 tol=1.709e-06 cap=1e-04
3add37c,Tesla T4,580.82.07,12.8.93,2.11.0+cu128,2025.1.1.0,585,tiled,2,fp32,1,8,2048,128,1,33.8754,33.8678,33.8879,0.507,16.8,flops=full;run=2026-09-03T06:54:17Z;clock_lock=585;iters=100;max_err=1.086e-06 torch_same_dtype_err=1.146e-06 tol=3.291e-06 cap=1e-04
3add37c,Tesla T4,580.82.07,12.8.93,2.11.0+cu128,2025.1.1.0,,tiled,2,fp32,8,32,2048,128,0,,,,,,run=2026-09-03T06:54:17Z;oom_by_design
3add37c,Tesla T4,580.82.07,12.8.93,2.11.0+cu128,2025.1.1.0,585,tiled,2,fp32,1,8,4096,64,0,120.2978,120.2869,120.3098,0.286,18.1,run=2026-09-03T06:54:17Z;clock_lock=585;iters=100;max_err=4.814e-07 torch_same_dtype_err=1.344e-07 tol=1.269e-06 cap=1e-04
3add37c,Tesla T4,580.82.07,12.8.93,2.11.0+cu128,2025.1.1.0,585,tiled,2,fp32,1,8,4096,64,1,71.2425,71.2232,71.2765,0.482,30.6,flops=full;run=2026-09-03T06:54:17Z;clock_lock=585;iters=100;max_err=6.650e-07 torch_same_dtype_err=6.054e-07 tol=2.211e-06 cap=1e-04
3add37c,Tesla T4,580.82.07,12.8.93,2.11.0+cu128,2025.1.1.0,585,tiled,2,fp32,1,8,4096,128,0,233.5706,233.5608,233.5953,0.294,9.5,run=2026-09-03T06:54:17Z;clock_lock=585;iters=100;max_err=3.680e-07 torch_same_dtype_err=1.800e-07 tol=1.360e-06 cap=1e-04
3add37c,Tesla T4,580.82.07,12.8.93,2.11.0+cu128,2025.1.1.0,585,tiled,2,fp32,1,8,4096,128,1,135.4021,135.3857,135.4458,0.508,16.4,flops=full;run=2026-09-03T06:54:17Z;clock_lock=585;iters=100;max_err=9.125e-07 torch_same_dtype_err=9.125e-07 tol=2.825e-06 cap=1e-04
3add37c,Tesla T4,580.82.07,12.8.93,2.11.0+cu128,2025.1.1.0,585,fused,3,fp32,2,8,2048,64,0,25.1035,24.8168,25.4566,0.684,1.3,run=2026-09-03T07:12:41Z;clock_lock=585;iters=100;max_err=4.710e-07 torch_same_dtype_err=4.252e-07 tol=1.850e-06 cap=1e-04
3add37c,Tesla T4,580.82.07,12.8.93,2.11.0+cu128,2025.1.1.0,585,fused,3,fp32,2,8,2048,128,0,94.3486,93.6612,94.8090,0.364,0.7,run=2026-09-03T07:12:41Z;clock_lock=585;iters=100;max_err=4.896e-07 torch_same_dtype_err=3.636e-07 tol=1.727e-06 cap=1e-04
3add37c,Tesla T4,580.82.07,12.8.93,2.11.0+cu128,2025.1.1.0,585,fused,3,fp32,1,8,128,64,0,0.1511,0.1491,0.1524,0.222,7.0,run=2026-09-03T07:15:25Z;clock_lock=585;iters=1000;max_err=5.692e-07 torch_same_dtype_err=3.979e-07 tol=1.796e-06 cap=1e-04
3add37c,Tesla T4,580.82.07,12.8.93,2.11.0+cu128,2025.1.1.0,585,fused,3,fp32,1,8,128,64,1,0.1572,0.1556,0.1582,0.213,6.7,flops=full;run=2026-09-03T07:15:25Z;clock_lock=585;iters=1000;max_err=5.526e-07 torch_same_dtype_err=5.362e-07 tol=2.072e-06 cap=1e-04
3add37c,Tesla T4,580.82.07,12.8.93,2.11.0+cu128,2025.1.1.0,585,fused,3,fp32,8,32,128,64,0,1.8047,1.7798,1.8227,0.595,18.7,run=2026-09-03T07:15:25Z;clock_lock=585;iters=273;max_err=7.057e-07 torch_same_dtype_err=4.026e-07 tol=1.805e-06 cap=1e-04
3add37c,Tesla T4,580.82.07,12.8.93,2.11.0+cu128,2025.1.1.0,585,fused,3,fp32,8,32,128,64,1,1.5196,1.5109,1.5277,0.707,22.2,flops=full;run=2026-09-03T07:15:25Z;clock_lock=585;iters=329;max_err=6.710e-07 torch_same_dtype_err=5.311e-07 tol=2.062e-06 cap=1e-04
3add37c,Tesla T4,580.82.07,12.8.93,2.11.0+cu128,2025.1.1.0,585,fused,3,fp32,1,8,128,128,0,0.4858,0.4833,0.4886,0.138,4.3,run=2026-09-03T07:15:25Z;clock_lock=585;iters=1000;max_err=5.792e-07 torch_same_dtype_err=6.326e-07 tol=2.265e-06 cap=1e-04
3add37c,Tesla T4,580.82.07,12.8.93,2.11.0+cu128,2025.1.1.0,585,fused,3,fp32,1,8,128,128,1,0.4854,0.4851,0.4869,0.138,4.3,flops=full;run=2026-09-03T07:15:25Z;clock_lock=585;iters=1000;max_err=8.994e-07 torch_same_dtype_err=4.112e-07 tol=1.822e-06 cap=1e-04
3add37c,Tesla T4,580.82.07,12.8.93,2.11.0+cu128,2025.1.1.0,585,fused,3,fp32,8,32,128,128,0,6.2085,6.1947,6.2224,0.346,10.8,run=2026-09-03T07:15:25Z;clock_lock=585;iters=100;max_err=1.032e-06 torch_same_dtype_err=4.554e-07 tol=1.911e-06 cap=1e-04
3add37c,Tesla T4,580.82.07,12.8.93,2.11.0+cu128,2025.1.1.0,585,fused,3,fp32,8,32,128,128,1,4.7465,4.7371,4.7613,0.452,14.2,flops=full;run=2026-09-03T07:15:25Z;clock_lock=585;iters=106;max_err=6.456e-07 torch_same_dtype_err=4.314e-07 tol=1.863e-06 cap=1e-04
3add37c,Tesla T4,580.82.07,12.8.93,2.11.0+cu128,2025.1.1.0,585,fused,3,fp32,1,8,256,64,0,0.2704,0.2682,0.2765,0.496,7.8,run=2026-09-03T07:15:25Z;clock_lock=585;iters=1000;max_err=4.564e-07 torch_same_dtype_err=3.512e-07 tol=1.702e-06 cap=1e-04
3add37c,Tesla T4,580.82.07,12.8.93,2.11.0+cu128,2025.1.1.0,585,fused,3,fp32,1,8,256,64,1,0.2764,0.2744,0.2788,0.486,7.6,flops=full;run=2026-09-03T07:15:25Z;clock_lock=585;iters=1000;max_err=1.277e-06 torch_same_dtype_err=1.038e-06 tol=3.076e-06 cap=1e-04
3add37c,Tesla T4,580.82.07,12.8.93,2.11.0+cu128,2025.1.1.0,585,fused,3,fp32,8,32,256,64,0,6.7547,6.7052,6.7838,0.636,10.0,run=2026-09-03T07:15:25Z;clock_lock=585;iters=100;max_err=1.178e-06 torch_same_dtype_err=5.997e-07 tol=2.199e-06 cap=1e-04
3add37c,Tesla T4,580.82.07,12.8.93,2.11.0+cu128,2025.1.1.0,585,fused,3,fp32,8,32,256,64,1,4.5616,4.5406,4.5771,0.942,14.8,flops=full;run=2026-09-03T07:15:25Z;clock_lock=585;iters=110;max_err=6.507e-07 torch_same_dtype_err=6.507e-07 tol=2.301e-06 cap=1e-04
3add37c,Tesla T4,580.82.07,12.8.93,2.11.0+cu128,2025.1.1.0,585,fused,3,fp32,1,8,256,128,0,0.9278,0.9257,0.9295,0.289,4.5,run=2026-09-03T07:15:25Z;clock_lock=585;iters=541;max_err=6.482e-07 torch_same_dtype_err=2.799e-07 tol=1.560e-06 cap=1e-04
3add37c,Tesla T4,580.82.07,12.8.93,2.11.0+cu128,2025.1.1.0,585,fused,3,fp32,1,8,256,128,1,0.9173,0.9155,0.9190,0.293,4.6,flops=full;run=2026-09-03T07:15:25Z;clock_lock=585;iters=553;max_err=7.415e-07 torch_same_dtype_err=3.291e-07 tol=1.658e-06 cap=1e-04
3add37c,Tesla T4,580.82.07,12.8.93,2.11.0+cu128,2025.1.1.0,585,fused,3,fp32,8,32,256,128,0,24.0883,24.0020,24.1173,0.357,5.6,run=2026-09-03T07:15:25Z;clock_lock=585;iters=100;max_err=7.055e-07 torch_same_dtype_err=2.236e-07 tol=1.447e-06 cap=1e-04
3add37c,Tesla T4,580.82.07,12.8.93,2.11.0+cu128,2025.1.1.0,585,fused,3,fp32,8,32,256,128,1,14.8850,14.8562,14.9092,0.577,9.0,flops=full;run=2026-09-03T07:15:25Z;clock_lock=585;iters=100;max_err=9.591e-07 torch_same_dtype_err=3.302e-07 tol=1.660e-06 cap=1e-04
3add37c,Tesla T4,580.82.07,12.8.93,2.11.0+cu128,2025.1.1.0,585,fused,3,fp32,1,8,512,64,0,1.0021,0.9880,1.0301,0.536,4.2,run=2026-09-03T07:15:25Z;clock_lock=585;iters=474;max_err=4.662e-07 torch_same_dtype_err=3.838e-07 tol=1.768e-06 cap=1e-04
3add37c,Tesla T4,580.82.07,12.8.93,2.11.0+cu128,2025.1.1.0,585,fused,3,fp32,1,8,512,64,1,0.7946,0.7836,0.8042,0.676,5.3,flops=full;run=2026-09-03T07:15:25Z;clock_lock=585;iters=630;max_err=7.023e-07 torch_same_dtype_err=6.427e-07 tol=2.285e-06 cap=1e-04
3add37c,Tesla T4,580.82.07,12.8.93,2.11.0+cu128,2025.1.1.0,585,fused,3,fp32,8,32,512,64,0,26.0748,25.4578,26.3630,0.659,5.2,run=2026-09-03T07:15:25Z;clock_lock=585;iters=100;max_err=4.133e-07 torch_same_dtype_err=2.911e-07 tol=1.582e-06 cap=1e-04
3add37c,Tesla T4,580.82.07,12.8.93,2.11.0+cu128,2025.1.1.0,585,fused,3,fp32,8,32,512,64,1,15.0416,15.0096,15.0811,1.142,9.0,flops=full;run=2026-09-03T07:15:25Z;clock_lock=585;iters=100;max_err=7.395e-07 torch_same_dtype_err=5.938e-07 tol=2.188e-06 cap=1e-04
3add37c,Tesla T4,580.82.07,12.8.93,2.11.0+cu128,2025.1.1.0,585,fused,3,fp32,1,8,512,128,0,3.6147,3.5942,3.6262,0.297,2.3,run=2026-09-03T07:15:25Z;clock_lock=585;iters=139;max_err=7.102e-07 torch_same_dtype_err=4.722e-07 tol=1.944e-06 cap=1e-04
3add37c,Tesla T4,580.82.07,12.8.93,2.11.0+cu128,2025.1.1.0,585,fused,3,fp32,1,8,512,128,1,2.6433,2.6296,2.6559,0.406,3.2,flops=full;run=2026-09-03T07:15:25Z;clock_lock=585;iters=189;max_err=7.801e-07 torch_same_dtype_err=7.806e-07 tol=2.561e-06 cap=1e-04
3add37c,Tesla T4,580.82.07,12.8.93,2.11.0+cu128,2025.1.1.0,585,fused,3,fp32,8,32,512,128,0,93.7847,93.2601,94.1745,0.366,2.9,run=2026-09-03T07:15:25Z;clock_lock=585;iters=100;max_err=6.525e-07 torch_same_dtype_err=5.552e-07 tol=2.110e-06 cap=1e-04
3add37c,Tesla T4,580.82.07,12.8.93,2.11.0+cu128,2025.1.1.0,585,fused,3,fp32,8,32,512,128,1,51.2478,51.2093,51.3024,0.670,5.2,flops=full;run=2026-09-03T07:15:25Z;clock_lock=585;iters=100;max_err=7.491e-07 torch_same_dtype_err=6.972e-07 tol=2.394e-06 cap=1e-04
3add37c,Tesla T4,580.82.07,12.8.93,2.11.0+cu128,2025.1.1.0,585,fused,3,fp32,1,8,1024,64,0,3.8072,3.7417,3.8465,0.564,2.2,run=2026-09-03T07:15:25Z;clock_lock=585;iters=133;max_err=9.710e-07 torch_same_dtype_err=6.730e-07 tol=2.346e-06 cap=1e-04
3add37c,Tesla T4,580.82.07,12.8.93,2.11.0+cu128,2025.1.1.0,585,fused,3,fp32,1,8,1024,64,1,2.2407,2.2180,2.2729,0.958,3.8,flops=full;run=2026-09-03T07:15:25Z;clock_lock=585;iters=224;max_err=8.105e-07 torch_same_dtype_err=9.307e-07 tol=2.861e-06 cap=1e-04
3add37c,Tesla T4,580.82.07,12.8.93,2.11.0+cu128,2025.1.1.0,585,fused,3,fp32,8,32,1024,64,0,99.9073,99.0063,100.9575,0.688,2.7,run=2026-09-03T07:15:25Z;clock_lock=585;iters=100;max_err=6.583e-07 torch_same_dtype_err=2.674e-07 tol=1.535e-06 cap=1e-04
3add37c,Tesla T4,580.82.07,12.8.93,2.11.0+cu128,2025.1.1.0,585,fused,3,fp32,8,32,1024,64,1,53.6106,53.5409,53.6659,1.282,5.0,flops=full;run=2026-09-03T07:15:25Z;clock_lock=585;iters=100;max_err=7.248e-07 torch_same_dtype_err=6.325e-07 tol=2.265e-06 cap=1e-04
3add37c,Tesla T4,580.82.07,12.8.93,2.11.0+cu128,2025.1.1.0,585,fused,3,fp32,1,8,1024,128,0,14.1662,14.0756,14.3612,0.303,1.2,run=2026-09-03T07:15:25Z;clock_lock=585;iters=100;max_err=7.492e-07 torch_same_dtype_err=4.887e-07 tol=1.977e-06 cap=1e-04
3add37c,Tesla T4,580.82.07,12.8.93,2.11.0+cu128,2025.1.1.0,585,fused,3,fp32,1,8,1024,128,1,7.8830,7.8332,7.9382,0.545,2.1,flops=full;run=2026-09-03T07:15:25Z;clock_lock=585;iters=100;max_err=8.402e-07 torch_same_dtype_err=7.609e-07 tol=2.522e-06 cap=1e-04
3add37c,Tesla T4,580.82.07,12.8.93,2.11.0+cu128,2025.1.1.0,585,fused,3,fp32,8,32,1024,128,0,365.7999,364.0046,367.9416,0.376,1.5,run=2026-09-03T07:15:25Z;clock_lock=585;iters=100;max_err=1.126e-06 torch_same_dtype_err=6.639e-07 tol=2.328e-06 cap=1e-04
3add37c,Tesla T4,580.82.07,12.8.93,2.11.0+cu128,2025.1.1.0,585,fused,3,fp32,8,32,1024,128,1,187.4391,187.3480,187.5689,0.733,2.9,flops=full;run=2026-09-03T07:15:25Z;clock_lock=585;iters=100;max_err=8.696e-07 torch_same_dtype_err=1.337e-06 tol=3.674e-06 cap=1e-04
3add37c,Tesla T4,580.82.07,12.8.93,2.11.0+cu128,2025.1.1.0,585,fused,3,fp32,1,8,2048,64,0,13.0642,12.9317,13.1906,0.658,1.3,run=2026-09-03T07:15:25Z;clock_lock=585;iters=100;max_err=4.214e-07 torch_same_dtype_err=2.396e-07 tol=1.479e-06 cap=1e-04
3add37c,Tesla T4,580.82.07,12.8.93,2.11.0+cu128,2025.1.1.0,585,fused,3,fp32,1,8,2048,64,1,7.3581,7.3171,7.4242,1.167,2.3,flops=full;run=2026-09-03T07:15:25Z;clock_lock=585;iters=100;max_err=8.388e-07 torch_same_dtype_err=6.037e-07 tol=2.207e-06 cap=1e-04
3add37c,Tesla T4,580.82.07,12.8.93,2.11.0+cu128,2025.1.1.0,585,fused,3,fp32,8,32,2048,64,0,389.4731,386.2175,392.2297,0.706,1.4,run=2026-09-03T07:15:25Z;clock_lock=585;iters=100;max_err=4.615e-07 torch_same_dtype_err=3.786e-07 tol=1.757e-06 cap=1e-04
3add37c,Tesla T4,580.82.07,12.8.93,2.11.0+cu128,2025.1.1.0,585,fused,3,fp32,8,32,2048,64,1,199.9535,199.8002,200.1908,1.375,2.7,flops=full;run=2026-09-03T07:15:25Z;clock_lock=585;iters=100;max_err=8.984e-07 torch_same_dtype_err=6.481e-07 tol=2.296e-06 cap=1e-04
3add37c,Tesla T4,580.82.07,12.8.93,2.11.0+cu128,2025.1.1.0,585,fused,3,fp32,1,8,2048,128,0,50.3460,50.3214,50.4497,0.341,0.7,run=2026-09-03T07:15:25Z;clock_lock=585;iters=100;max_err=5.575e-07 torch_same_dtype_err=3.546e-07 tol=1.709e-06 cap=1e-04
3add37c,Tesla T4,580.82.07,12.8.93,2.11.0+cu128,2025.1.1.0,585,fused,3,fp32,1,8,2048,128,1,26.2496,26.1325,26.3521,0.654,1.3,flops=full;run=2026-09-03T07:15:25Z;clock_lock=585;iters=100;max_err=1.226e-06 torch_same_dtype_err=1.146e-06 tol=3.291e-06 cap=1e-04
3add37c,Tesla T4,580.82.07,12.8.93,2.11.0+cu128,2025.1.1.0,585,fused,3,fp32,8,32,2048,128,0,1457.0917,1448.1048,1465.5594,0.377,0.7,run=2026-09-03T07:15:25Z;clock_lock=585;iters=100;max_err=6.331e-07 torch_same_dtype_err=2.917e-07 tol=1.583e-06 cap=1e-04
3add37c,Tesla T4,580.82.07,12.8.93,2.11.0+cu128,2025.1.1.0,585,fused,3,fp32,8,32,2048,128,1,714.3024,714.1126,714.5246,0.770,1.5,flops=full;run=2026-09-03T07:15:25Z;clock_lock=585;iters=100;max_err=9.664e-07 torch_same_dtype_err=7.332e-07 tol=2.466e-06 cap=1e-04
3add37c,Tesla T4,580.82.07,12.8.93,2.11.0+cu128,2025.1.1.0,585,fused,3,fp32,1,8,4096,64,0,50.0621,48.7300,51.4397,0.686,0.7,run=2026-09-03T07:15:25Z;clock_lock=585;iters=100;max_err=4.738e-07 torch_same_dtype_err=1.344e-07 tol=1.269e-06 cap=1e-04
3add37c,Tesla T4,580.82.07,12.8.93,2.11.0+cu128,2025.1.1.0,585,fused,3,fp32,1,8,4096,64,1,26.0170,25.9418,26.1397,1.321,1.3,flops=full;run=2026-09-03T07:15:25Z;clock_lock=585;iters=100;max_err=7.886e-07 torch_same_dtype_err=6.054e-07 tol=2.211e-06 cap=1e-04
3add37c,Tesla T4,580.82.07,12.8.93,2.11.0+cu128,2025.1.1.0,585,fused,3,fp32,8,32,4096,64,0,1568.7542,1555.3208,1580.4748,0.701,0.7,run=2026-09-03T07:15:25Z;clock_lock=585;iters=100;max_err=4.942e-07 torch_same_dtype_err=3.047e-07 tol=1.609e-06 cap=1e-04
3add37c,Tesla T4,580.82.07,12.8.93,2.11.0+cu128,2025.1.1.0,585,fused,3,fp32,8,32,4096,64,1,768.2662,766.9987,769.3314,1.431,1.4,flops=full;run=2026-09-03T07:15:25Z;clock_lock=585;iters=100;max_err=9.170e-07 torch_same_dtype_err=8.574e-07 tol=2.715e-06 cap=1e-04
3add37c,Tesla T4,580.82.07,12.8.93,2.11.0+cu128,2025.1.1.0,585,fused,3,fp32,1,8,4096,128,0,186.6559,186.1381,187.1341,0.368,0.4,run=2026-09-03T07:15:25Z;clock_lock=585;iters=100;max_err=5.021e-07 torch_same_dtype_err=1.800e-07 tol=1.360e-06 cap=1e-04
3add37c,Tesla T4,580.82.07,12.8.93,2.11.0+cu128,2025.1.1.0,585,fused,3,fp32,1,8,4096,128,1,94.2233,94.0629,94.4370,0.729,0.7,flops=full;run=2026-09-03T07:15:25Z;clock_lock=585;iters=100;max_err=8.431e-07 torch_same_dtype_err=9.125e-07 tol=2.825e-06 cap=1e-04
3add37c,Tesla T4,580.82.07,12.8.93,2.11.0+cu128,2025.1.1.0,585,fused,3,fp32,8,32,4096,128,0,5787.9402,5762.5186,5830.0649,0.380,0.4,run=2026-09-03T07:15:25Z;clock_lock=585;iters=100;max_err=5.084e-07 torch_same_dtype_err=2.392e-07 tol=1.478e-06 cap=1e-04
3add37c,Tesla T4,580.82.07,12.8.93,2.11.0+cu128,2025.1.1.0,585,fused,3,fp32,8,32,4096,128,1,2784.8601,2784.1879,2785.5433,0.790,0.8,flops=full;run=2026-09-03T07:15:25Z;clock_lock=585;iters=100;max_err=9.290e-07 torch_same_dtype_err=7.651e-07 tol=2.530e-06 cap=1e-04
d835758,Tesla T4,580.82.07,12.8.93,2.11.0+cu128,2025.1.1.0,,sdpa_flash,0,fp16,2,8,2048,64,0,,,,,,run=2026-09-03T08:17:02Z;backend_refused:Memory efficient kernel not used because: (Triggered internally at /pytorch/aten/src/ATen/native/transformers/cuda/sdp_utils.cpp:986.) | Memory Efficient attention has been runtime disabled. (Triggere
d835758,Tesla T4,580.82.07,12.8.93,2.11.0+cu128,2025.1.1.0,,sdpa_cudnn,0,fp16,2,8,2048,64,0,,,,,,run=2026-09-03T08:17:02Z;backend_refused:Memory efficient kernel not used because: (Triggered internally at /pytorch/aten/src/ATen/native/transformers/cuda/sdp_utils.cpp:986.) | Memory Efficient attention has been runtime disabled. (Triggere
d835758,Tesla T4,580.82.07,12.8.93,2.11.0+cu128,2025.1.1.0,,flash_attn,0,fp16,2,8,2048,64,0,,,,,,run=2026-09-03T08:17:02Z;backend_refused:not importable: No module named 'flash_attn'
3add37c,Tesla T4,580.82.07,12.8.93,2.11.0+cu128,2025.1.1.0,585,wmma,4,fp16,2,8,2048,64,0,3.9442,3.9302,3.9564,4.356,4.3,run=2026-09-03T07:57:33Z;clock_lock=585;iters=127;max_err=1.216e-04 torch_same_dtype_err=2.687e-04 tol=5.385e-04 cap=1e-02
d835758,Tesla T4,580.82.07,12.8.93,2.11.0+cu128,2025.1.1.0,585,sdpa_efficient,0,fp16,2,8,2048,64,0,2.4860,2.4821,2.4904,6.911,6.8,run=2026-09-03T08:17:02Z;clock_lock=585;iters=199;max_err=1.216e-04 torch_same_dtype_err=2.687e-04 tol=5.385e-04 cap=1e-02
d835758,Tesla T4,580.82.07,12.8.93,2.11.0+cu128,2025.1.1.0,585,sdpa_math_fp32,0,fp16,2,8,2048,64,0,14.0645,14.0503,14.0774,1.222,78.7,oracle_not_speed_baseline;run=2026-09-03T08:17:02Z;clock_lock=585;iters=100;max_err=4.176e-07 torch_same_dtype_err=2.687e-04 tol=5.385e-04 cap=1e-02
d835758,Tesla T4,580.82.07,12.8.93,2.11.0+cu128,2025.1.1.0,585,torch_unfused,0,fp16,2,8,2048,64,0,4.8133,4.8071,4.8207,3.569,115.0,run=2026-09-03T08:17:02Z;clock_lock=585;iters=104;max_err=2.687e-04 torch_same_dtype_err=2.687e-04 tol=5.385e-04 cap=1e-02
d835758,Tesla T4,580.82.07,12.8.93,2.11.0+cu128,2025.1.1.0,,sdpa_flash,0,fp16,2,8,2048,128,0,,,,,,run=2026-09-03T08:17:02Z;backend_refused:Memory efficient kernel not used because: (Triggered internally at /pytorch/aten/src/ATen/native/transformers/cuda/sdp_utils.cpp:986.) | Memory Efficient attention has been runtime disabled. (Triggere
d835758,Tesla T4,580.82.07,12.8.93,2.11.0+cu128,2025.1.1.0,,sdpa_cudnn,0,fp16,2,8,2048,128,0,,,,,,run=2026-09-03T08:17:02Z;backend_refused:Memory efficient kernel not used because: (Triggered internally at /pytorch/aten/src/ATen/native/transformers/cuda/sdp_utils.cpp:986.) | Memory Efficient attention has been runtime disabled. (Triggere
d835758,Tesla T4,580.82.07,12.8.93,2.11.0+cu128,2025.1.1.0,,flash_attn,0,fp16,2,8,2048,128,0,,,,,,run=2026-09-03T08:17:02Z;backend_refused:not importable: No module named 'flash_attn'
3add37c,Tesla T4,580.82.07,12.8.93,2.11.0+cu128,2025.1.1.0,585,wmma,4,fp16,2,8,2048,128,0,11.1697,11.0973,11.2300,3.076,3.0,run=2026-09-03T07:57:33Z;clock_lock=585;iters=100;max_err=7.863e-05 torch_same_dtype_err=5.256e-04 tol=1.052e-03 cap=1e-02
d835758,Tesla T4,580.82.07,12.8.93,2.11.0+cu128,2025.1.1.0,585,sdpa_efficient,0,fp16,2,8,2048,128,0,5.0012,4.9897,5.0198,6.870,6.7,run=2026-09-03T08:17:02Z;clock_lock=585;iters=100;max_err=7.863e-05 torch_same_dtype_err=5.256e-04 tol=1.052e-03 cap=1e-02
d835758,Tesla T4,580.82.07,12.8.93,2.11.0+cu128,2025.1.1.0,585,sdpa_math_fp32,0,fp16,2,8,2048,128,0,19.8655,19.8539,19.8802,1.730,57.4,oracle_not_speed_baseline;run=2026-09-03T08:17:02Z;clock_lock=585;iters=100;max_err=3.628e-07 torch_same_dtype_err=5.256e-04 tol=1.052e-03 cap=1e-02
d835758,Tesla T4,580.82.07,12.8.93,2.11.0+cu128,2025.1.1.0,585,torch_unfused,0,fp16,2,8,2048,128,0,5.2654,5.2583,5.2704,6.526,108.3,run=2026-09-03T08:17:02Z;clock_lock=585;iters=100;max_err=5.256e-04 torch_same_dtype_err=5.256e-04 tol=1.052e-03 cap=1e-02
15b83a5,Tesla T4,580.82.07,12.8.93,2.11.0+cu128,2025.1.1.0,,sdpa_flash,0,fp16,1,8,128,64,0,,,,,,run=2026-09-03T09:13:41Z;backend_refused:Memory efficient kernel not used because: (Triggered internally at /pytorch/aten/src/ATen/native/transformers/cuda/sdp_utils.cpp:986.) | Memory Efficient attention has been runtime disabled. (Triggere
15b83a5,Tesla T4,580.82.07,12.8.93,2.11.0+cu128,2025.1.1.0,,sdpa_cudnn,0,fp16,1,8,128,64,0,,,,,,run=2026-09-03T09:13:41Z;backend_refused:Memory efficient kernel not used because: (Triggered internally at /pytorch/aten/src/ATen/native/transformers/cuda/sdp_utils.cpp:986.) | Memory Efficient attention has been runtime disabled. (Triggere
15b83a5,Tesla T4,580.82.07,12.8.93,2.11.0+cu128,2025.1.1.0,,flash_attn,0,fp16,1,8,128,64,0,,,,,,run=2026-09-03T09:13:41Z;backend_refused:not importable: No module named 'flash_attn'
3add37c,Tesla T4,580.82.07,12.8.93,2.11.0+cu128,2025.1.1.0,585,wmma,4,fp16,1,8,128,64,0,0.0279,0.0270,0.0286,1.202,18.9,run=2026-09-03T07:58:48Z;clock_lock=585;iters=1000;max_err=2.848e-04 torch_same_dtype_err=6.489e-04 tol=1.299e-03 cap=1e-02
15b83a5,Tesla T4,580.82.07,12.8.93,2.11.0+cu128,2025.1.1.0,585,sdpa_efficient,0,fp16,1,8,128,64,0,0.0360,0.0350,0.0368,0.933,14.7,run=2026-09-03T09:13:41Z;clock_lock=585;iters=1000;max_err=2.848e-04 torch_same_dtype_err=6.489e-04 tol=1.299e-03 cap=1e-02
15b83a5,Tesla T4,580.82.07,12.8.93,2.11.0+cu128,2025.1.1.0,585,sdpa_math_fp32,0,fp16,1,8,128,64,0,0.1208,0.1195,0.1212,0.278,26.0,oracle_not_speed_baseline;run=2026-09-03T09:13:41Z;clock_lock=585;iters=1000;max_err=3.739e-07 torch_same_dtype_err=6.489e-04 tol=1.299e-03 cap=1e-02
15b83a5,Tesla T4,580.82.07,12.8.93,2.11.0+cu128,2025.1.1.0,585,torch_unfused,0,fp16,1,8,128,64,0,0.0553,0.0552,0.0564,0.606,28.4,run=2026-09-03T09:13:41Z;clock_lock=585;iters=1000;max_err=6.489e-04 torch_same_dtype_err=6.489e-04 tol=1.299e-03 cap=1e-02
15b83a5,Tesla T4,580.82.07,12.8.93,2.11.0+cu128,2025.1.1.0,,sdpa_flash,0,fp16,1,8,128,64,1,,,,,,run=2026-09-03T09:13:41Z;backend_refused:Memory efficient kernel not used because: (Triggered internally at /pytorch/aten/src/ATen/native/transformers/cuda/sdp_utils.cpp:986.) | Memory Efficient attention has been runtime disabled. (Triggere
15b83a5,Tesla T4,580.82.07,12.8.93,2.11.0+cu128,2025.1.1.0,,sdpa_cudnn,0,fp16,1,8,128,64,1,,,,,,run=2026-09-03T09:13:41Z;backend_refused:Memory efficient kernel not used because: (Triggered internally at /pytorch/aten/src/ATen/native/transformers/cuda/sdp_utils.cpp:986.) | Memory Efficient attention has been runtime disabled. (Triggere
15b83a5,Tesla T4,580.82.07,12.8.93,2.11.0+cu128,2025.1.1.0,,flash_attn,0,fp16,1,8,128,64,1,,,,,,run=2026-09-03T09:13:41Z;backend_refused:not importable: No module named 'flash_attn'
3add37c,Tesla T4,580.82.07,12.8.93,2.11.0+cu128,2025.1.1.0,585,wmma,4,fp16,1,8,128,64,1,0.0282,0.0273,0.0287,1.189,18.7,flops=full;run=2026-09-03T07:58:48Z;clock_lock=585;iters=1000;max_err=9.831e-04 torch_same_dtype_err=1.635e-03 tol=3.271e-03 cap=1e-02
15b83a5,Tesla T4,580.82.07,12.8.93,2.11.0+cu128,2025.1.1.0,585,sdpa_efficient,0,fp16,1,8,128,64,1,0.0359,0.0350,0.0367,0.468,14.7,run=2026-09-03T09:13:41Z;flops=causal_half;clock_lock=585;iters=1000;max_err=9.831e-04 torch_same_dtype_err=1.635e-03 tol=3.271e-03 cap=1e-02
15b83a5,Tesla T4,580.82.07,12.8.93,2.11.0+cu128,2025.1.1.0,585,sdpa_math_fp32,0,fp16,1,8,128,64,1,0.1538,0.1536,0.1550,0.218,20.5,oracle_not_speed_baseline;run=2026-09-03T09:13:41Z;flops=full;clock_lock=585;iters=1000;max_err=6.744e-07 torch_same_dtype_err=1.635e-03 tol=3.271e-03 cap=1e-02
15b83a5,Tesla T4,580.82.07,12.8.93,2.11.0+cu128,2025.1.1.0,585,torch_unfused,0,fp16,1,8,128,64,1,0.0716,0.0706,0.0718,0.468,22.0,run=2026-09-03T09:13:41Z;flops=full;clock_lock=585;iters=1000;max_err=1.635e-03 torch_same_dtype_err=1.635e-03 tol=3.271e-03 cap=1e-02
15b83a5,Tesla T4,580.82.07,12.8.93,2.11.0+cu128,2025.1.1.0,,sdpa_flash,0,fp16,8,32,128,64,0,,,,,,run=2026-09-03T09:13:41Z;backend_refused:Memory efficient kernel not used because: (Triggered internally at /pytorch/aten/src/ATen/native/transformers/cuda/sdp_utils.cpp:986.) | Memory Efficient attention has been runtime disabled. (Triggere
15b83a5,Tesla T4,580.82.07,12.8.93,2.11.0+cu128,2025.1.1.0,,sdpa_cudnn,0,fp16,8,32,128,64,0,,,,,,run=2026-09-03T09:13:41Z;backend_refused:Memory efficient kernel not used because: (Triggered internally at /pytorch/aten/src/ATen/native/transformers/cuda/sdp_utils.cpp:986.) | Memory Efficient attention has been runtime disabled. (Triggere
15b83a5,Tesla T4,580.82.07,12.8.93,2.11.0+cu128,2025.1.1.0,,flash_attn,0,fp16,8,32,128,64,0,,,,,,run=2026-09-03T09:13:41Z;backend_refused:not importable: No module named 'flash_attn'
3add37c,Tesla T4,580.82.07,12.8.93,2.11.0+cu128,2025.1.1.0,585,wmma,4,fp16,8,32,128,64,0,0.3241,0.3236,0.3255,3.313,52.2,run=2026-09-03T07:58:48Z;clock_lock=585;iters=1000;max_err=2.577e-04 torch_same_dtype_err=8.056e-04 tol=1.612e-03 cap=1e-02
15b83a5,Tesla T4,580.82.07,12.8.93,2.11.0+cu128,2025.1.1.0,585,sdpa_efficient,0,fp16,8,32,128,64,0,0.2163,0.2132,0.2191,4.964,78.2,run=2026-09-03T09:13:41Z;clock_lock=585;iters=1000;max_err=2.577e-04 torch_same_dtype_err=8.056e-04 tol=1.612e-03 cap=1e-02
15b83a5,Tesla T4,580.82.07,12.8.93,2.11.0+cu128,2025.1.1.0,585,sdpa_math_fp32,0,fp16,8,32,128,64,0,1.1862,1.1839,1.1889,0.905,84.9,oracle_not_speed_baseline;run=2026-09-03T09:13:41Z;clock_lock=585;iters=413;max_err=8.542e-07 torch_same_dtype_err=8.056e-04 tol=1.612e-03 cap=1e-02
15b83a5,Tesla T4,580.82.07,12.8.93,2.11.0+cu128,2025.1.1.0,585,torch_unfused,0,fp16,8,32,128,64,0,0.4132,0.4097,0.4159,2.599,121.8,run=2026-09-03T09:13:41Z;clock_lock=585;iters=1000;max_err=8.056e-04 torch_same_dtype_err=8.056e-04 tol=1.612e-03 cap=1e-02
15b83a5,Tesla T4,580.82.07,12.8.93,2.11.0+cu128,2025.1.1.0,,sdpa_flash,0,fp16,8,32,128,64,1,,,,,,run=2026-09-03T09:13:41Z;backend_refused:Memory efficient kernel not used because: (Triggered internally at /pytorch/aten/src/ATen/native/transformers/cuda/sdp_utils.cpp:986.) | Memory Efficient attention has been runtime disabled. (Triggere
15b83a5,Tesla T4,580.82.07,12.8.93,2.11.0+cu128,2025.1.1.0,,sdpa_cudnn,0,fp16,8,32,128,64,1,,,,,,run=2026-09-03T09:13:41Z;backend_refused:Memory efficient kernel not used because: (Triggered internally at /pytorch/aten/src/ATen/native/transformers/cuda/sdp_utils.cpp:986.) | Memory Efficient attention has been runtime disabled. (Triggere
15b83a5,Tesla T4,580.82.07,12.8.93,2.11.0+cu128,2025.1.1.0,,flash_attn,0,fp16,8,32,128,64,1,,,,,,run=2026-09-03T09:13:41Z;backend_refused:not importable: No module named 'flash_attn'
3add37c,Tesla T4,580.82.07,12.8.93,2.11.0+cu128,2025.1.1.0,585,wmma,4,fp16,8,32,128,64,1,0.2636,0.2621,0.2650,4.073,64.1,flops=full;run=2026-09-03T07:58:48Z;clock_lock=585;iters=1000;max_err=8.584e-04 torch_same_dtype_err=1.137e-03 tol=2.274e-03 cap=1e-02
15b83a5,Tesla T4,580.82.07,12.8.93,2.11.0+cu128,2025.1.1.0,585,sdpa_efficient,0,fp16,8,32,128,64,1,0.1762,0.1741,0.1785,3.048,96.0,run=2026-09-03T09:13:41Z;flops=causal_half;clock_lock=585;iters=1000;max_err=8.584e-04 torch_same_dtype_err=1.137e-03 tol=2.274e-03 cap=1e-02
15b83a5,Tesla T4,580.82.07,12.8.93,2.11.0+cu128,2025.1.1.0,585,sdpa_math_fp32,0,fp16,8,32,128,64,1,1.3583,1.3560,1.3615,0.791,74.1,oracle_not_speed_baseline;run=2026-09-03T09:13:41Z;flops=full;clock_lock=585;iters=363;max_err=6.380e-07 torch_same_dtype_err=1.137e-03 tol=2.274e-03 cap=1e-02
15b83a5,Tesla T4,580.82.07,12.8.93,2.11.0+cu128,2025.1.1.0,585,torch_unfused,0,fp16,8,32,128,64,1,0.6572,0.6537,0.6599,1.634,76.6,run=2026-09-03T09:13:41Z;flops=full;clock_lock=585;iters=736;max_err=1.137e-03 torch_same_dtype_err=1.137e-03 tol=2.274e-03 cap=1e-02
15b83a5,Tesla T4,580.82.07,12.8.93,2.11.0+cu128,2025.1.1.0,,sdpa_flash,0,fp16,1,8,128,128,0,,,,,,run=2026-09-03T09:13:41Z;backend_refused:Memory efficient kernel not used because: (Triggered internally at /pytorch/aten/src/ATen/native/transformers/cuda/sdp_utils.cpp:986.) | Memory Efficient attention has been runtime disabled. (Triggere
15b83a5,Tesla T4,580.82.07,12.8.93,2.11.0+cu128,2025.1.1.0,,sdpa_cudnn,0,fp16,1,8,128,128,0,,,,,,run=2026-09-03T09:13:41Z;backend_refused:Memory efficient kernel not used because: (Triggered internally at /pytorch/aten/src/ATen/native/transformers/cuda/sdp_utils.cpp:986.) | Memory Efficient attention has been runtime disabled. (Triggere
15b83a5,Tesla T4,580.82.07,12.8.93,2.11.0+cu128,2025.1.1.0,,flash_attn,0,fp16,1,8,128,128,0,,,,,,run=2026-09-03T09:13:41Z;backend_refused:not importable: No module named 'flash_attn'
3add37c,Tesla T4,580.82.07,12.8.93,2.11.0+cu128,2025.1.1.0,585,wmma,4,fp16,1,8,128,128,0,0.0488,0.0478,0.0492,1.374,21.6,run=2026-09-03T07:58:48Z;clock_lock=585;iters=1000;max_err=2.787e-04 torch_same_dtype_err=7.005e-04 tol=1.402e-03 cap=1e-02
15b83a5,Tesla T4,580.82.07,12.8.93,2.11.0+cu128,2025.1.1.0,585,sdpa_efficient,0,fp16,1,8,128,128,0,0.0308,0.0307,0.0318,2.182,34.2,run=2026-09-03T09:13:41Z;clock_lock=585;iters=1000;max_err=2.837e-04 torch_same_dtype_err=7.005e-04 tol=1.402e-03 cap=1e-02
15b83a5,Tesla T4,580.82.07,12.8.93,2.11.0+cu128,2025.1.1.0,585,sdpa_math_fp32,0,fp16,1,8,128,128,0,0.1393,0.1382,0.1399,0.482,30.1,oracle_not_speed_baseline;run=2026-09-03T09:13:41Z;clock_lock=585;iters=1000;max_err=6.058e-07 torch_same_dtype_err=7.005e-04 tol=1.402e-03 cap=1e-02
15b83a5,Tesla T4,580.82.07,12.8.93,2.11.0+cu128,2025.1.1.0,585,torch_unfused,0,fp16,1,8,128,128,0,0.0606,0.0596,0.0613,1.108,34.6,run=2026-09-03T09:13:41Z;clock_lock=585;iters=1000;max_err=7.005e-04 torch_same_dtype_err=7.005e-04 tol=1.402e-03 cap=1e-02
15b83a5,Tesla T4,580.82.07,12.8.93,2.11.0+cu128,2025.1.1.0,,sdpa_flash,0,fp16,1,8,128,128,1,,,,,,run=2026-09-03T09:13:41Z;backend_refused:Memory efficient kernel not used because: (Triggered internally at /pytorch/aten/src/ATen/native/transformers/cuda/sdp_utils.cpp:986.) | Memory Efficient attention has been runtime disabled. (Triggere
15b83a5,Tesla T4,580.82.07,12.8.93,2.11.0+cu128,2025.1.1.0,,sdpa_cudnn,0,fp16,1,8,128,128,1,,,,,,run=2026-09-03T09:13:41Z;backend_refused:Memory efficient kernel not used because: (Triggered internally at /pytorch/aten/src/ATen/native/transformers/cuda/sdp_utils.cpp:986.) | Memory Efficient attention has been runtime disabled. (Triggere
15b83a5,Tesla T4,580.82.07,12.8.93,2.11.0+cu128,2025.1.1.0,,flash_attn,0,fp16,1,8,128,128,1,,,,,,run=2026-09-03T09:13:41Z;backend_refused:not importable: No module named 'flash_attn'
3add37c,Tesla T4,580.82.07,12.8.93,2.11.0+cu128,2025.1.1.0,585,wmma,4,fp16,1,8,128,128,1,0.0490,0.0474,0.0493,1.370,21.5,flops=full;run=2026-09-03T07:58:48Z;clock_lock=585;iters=1000;max_err=9.737e-04 torch_same_dtype_err=1.610e-03 tol=3.221e-03 cap=1e-02
15b83a5,Tesla T4,580.82.07,12.8.93,2.11.0+cu128,2025.1.1.0,585,sdpa_efficient,0,fp16,1,8,128,128,1,0.0307,0.0302,0.0310,1.092,34.3,run=2026-09-03T09:13:41Z;flops=causal_half;clock_lock=585;iters=1000;max_err=9.737e-04 torch_same_dtype_err=1.610e-03 tol=3.221e-03 cap=1e-02
15b83a5,Tesla T4,580.82.07,12.8.93,2.11.0+cu128,2025.1.1.0,585,sdpa_math_fp32,0,fp16,1,8,128,128,1,0.1723,0.1720,0.1736,0.389,24.3,oracle_not_speed_baseline;run=2026-09-03T09:13:41Z;flops=full;clock_lock=585;iters=1000;max_err=8.118e-07 torch_same_dtype_err=1.610e-03 tol=3.221e-03 cap=1e-02
15b83a5,Tesla T4,580.82.07,12.8.93,2.11.0+cu128,2025.1.1.0,585,torch_unfused,0,fp16,1,8,128,128,1,0.0766,0.0758,0.0776,0.876,27.4,run=2026-09-03T09:13:41Z;flops=full;clock_lock=585;iters=1000;max_err=1.610e-03 torch_same_dtype_err=1.610e-03 tol=3.221e-03 cap=1e-02
15b83a5,Tesla T4,580.82.07,12.8.93,2.11.0+cu128,2025.1.1.0,,sdpa_flash,0,fp16,8,32,128,128,0,,,,,,run=2026-09-03T09:13:41Z;backend_refused:Memory efficient kernel not used because: (Triggered internally at /pytorch/aten/src/ATen/native/transformers/cuda/sdp_utils.cpp:986.) | Memory Efficient attention has been runtime disabled. (Triggere
15b83a5,Tesla T4,580.82.07,12.8.93,2.11.0+cu128,2025.1.1.0,,sdpa_cudnn,0,fp16,8,32,128,128,0,,,,,,run=2026-09-03T09:13:41Z;backend_refused:Memory efficient kernel not used because: (Triggered internally at /pytorch/aten/src/ATen/native/transformers/cuda/sdp_utils.cpp:986.) | Memory Efficient attention has been runtime disabled. (Triggere
15b83a5,Tesla T4,580.82.07,12.8.93,2.11.0+cu128,2025.1.1.0,,flash_attn,0,fp16,8,32,128,128,0,,,,,,run=2026-09-03T09:13:41Z;backend_refused:not importable: No module named 'flash_attn'
3add37c,Tesla T4,580.82.07,12.8.93,2.11.0+cu128,2025.1.1.0,585,wmma,4,fp16,8,32,128,128,0,1.0342,1.0148,1.0490,2.076,32.6,run=2026-09-03T07:58:48Z;clock_lock=585;iters=481;max_err=2.603e-04 torch_same_dtype_err=1.087e-03 tol=2.174e-03 cap=1e-02
15b83a5,Tesla T4,580.82.07,12.8.93,2.11.0+cu128,2025.1.1.0,585,sdpa_efficient,0,fp16,8,32,128,128,0,0.4096,0.4080,0.4111,5.243,82.2,run=2026-09-03T09:13:41Z;clock_lock=585;iters=1000;max_err=2.635e-04 torch_same_dtype_err=1.087e-03 tol=2.174e-03 cap=1e-02
15b83a5,Tesla T4,580.82.07,12.8.93,2.11.0+cu128,2025.1.1.0,585,sdpa_math_fp32,0,fp16,8,32,128,128,0,1.7006,1.6981,1.7035,1.263,78.9,oracle_not_speed_baseline;run=2026-09-03T09:13:41Z;clock_lock=585;iters=290;max_err=8.904e-07 torch_same_dtype_err=1.087e-03 tol=2.174e-03 cap=1e-02
15b83a5,Tesla T4,580.82.07,12.8.93,2.11.0+cu128,2025.1.1.0,585,torch_unfused,0,fp16,8,32,128,128,0,0.4701,0.4669,0.4731,4.568,142.8,run=2026-09-03T09:13:41Z;clock_lock=585;iters=1000;max_err=1.087e-03 torch_same_dtype_err=1.087e-03 tol=2.174e-03 cap=1e-02
15b83a5,Tesla T4,580.82.07,12.8.93,2.11.0+cu128,2025.1.1.0,,sdpa_flash,0,fp16,8,32,128,128,1,,,,,,run=2026-09-03T09:13:41Z;backend_refused:Memory efficient kernel not used because: (Triggered internally at /pytorch/aten/src/ATen/native/transformers/cuda/sdp_utils.cpp:986.) | Memory Efficient attention has been runtime disabled. (Triggere
15b83a5,Tesla T4,580.82.07,12.8.93,2.11.0+cu128,2025.1.1.0,,sdpa_cudnn,0,fp16,8,32,128,128,1,,,,,,run=2026-09-03T09:13:41Z;backend_refused:Memory efficient kernel not used because: (Triggered internally at /pytorch/aten/src/ATen/native/transformers/cuda/sdp_utils.cpp:986.) | Memory Efficient attention has been runtime disabled. (Triggere
15b83a5,Tesla T4,580.82.07,12.8.93,2.11.0+cu128,2025.1.1.0,,flash_attn,0,fp16,8,32,128,128,1,,,,,,run=2026-09-03T09:13:41Z;backend_refused:not importable: No module named 'flash_attn'
3add37c,Tesla T4,580.82.07,12.8.93,2.11.0+cu128,2025.1.1.0,585,wmma,4,fp16,8,32,128,128,1,0.6737,0.6714,0.6758,3.187,50.0,flops=full;run=2026-09-03T07:58:48Z;clock_lock=585;iters=729;max_err=9.796e-04 torch_same_dtype_err=1.244e-03 tol=2.489e-03 cap=1e-02
15b83a5,Tesla T4,580.82.07,12.8.93,2.11.0+cu128,2025.1.1.0,585,sdpa_efficient,0,fp16,8,32,128,128,1,0.3386,0.3367,0.3409,3.171,99.5,run=2026-09-03T09:13:41Z;flops=causal_half;clock_lock=585;iters=1000;max_err=9.796e-04 torch_same_dtype_err=1.244e-03 tol=2.489e-03 cap=1e-02
15b83a5,Tesla T4,580.82.07,12.8.93,2.11.0+cu128,2025.1.1.0,585,sdpa_math_fp32,0,fp16,8,32,128,128,1,1.8729,1.8701,1.8752,1.147,71.7,oracle_not_speed_baseline;run=2026-09-03T09:13:41Z;flops=full;clock_lock=585;iters=264;max_err=8.999e-07 torch_same_dtype_err=1.244e-03 tol=2.489e-03 cap=1e-02
15b83a5,Tesla T4,580.82.07,12.8.93,2.11.0+cu128,2025.1.1.0,585,torch_unfused,0,fp16,8,32,128,128,1,0.7130,0.7101,0.7168,3.012,94.1,run=2026-09-03T09:13:41Z;flops=full;clock_lock=585;iters=686;max_err=1.244e-03 torch_same_dtype_err=1.244e-03 tol=2.489e-03 cap=1e-02
15b83a5,Tesla T4,580.82.07,12.8.93,2.11.0+cu128,2025.1.1.0,,sdpa_flash,0,fp16,1,8,256,64,0,,,,,,run=2026-09-03T09:13:41Z;backend_refused:Memory efficient kernel not used because: (Triggered internally at /pytorch/aten/src/ATen/native/transformers/cuda/sdp_utils.cpp:986.) | Memory Efficient attention has been runtime disabled. (Triggere
15b83a5,Tesla T4,580.82.07,12.8.93,2.11.0+cu128,2025.1.1.0,,sdpa_cudnn,0,fp16,1,8,256,64,0,,,,,,run=2026-09-03T09:13:41Z;backend_refused:Memory efficient kernel not used because: (Triggered internally at /pytorch/aten/src/ATen/native/transformers/cuda/sdp_utils.cpp:986.) | Memory Efficient attention has been runtime disabled. (Triggere
15b83a5,Tesla T4,580.82.07,12.8.93,2.11.0+cu128,2025.1.1.0,,flash_attn,0,fp16,1,8,256,64,0,,,,,,run=2026-09-03T09:13:41Z;backend_refused:not importable: No module named 'flash_attn'
3add37c,Tesla T4,580.82.07,12.8.93,2.11.0+cu128,2025.1.1.0,585,wmma,4,fp16,1,8,256,64,0,0.0555,0.0552,0.0566,2.419,19.0,run=2026-09-03T07:58:48Z;clock_lock=585;iters=1000;max_err=2.347e-04 torch_same_dtype_err=7.485e-04 tol=1.498e-03 cap=1e-02
15b83a5,Tesla T4,580.82.07,12.8.93,2.11.0+cu128,2025.1.1.0,585,sdpa_efficient,0,fp16,1,8,256,64,0,0.0579,0.0573,0.0589,2.319,18.3,run=2026-09-03T09:13:41Z;clock_lock=585;iters=1000;max_err=2.347e-04 torch_same_dtype_err=7.485e-04 tol=1.498e-03 cap=1e-02
15b83a5,Tesla T4,580.82.07,12.8.93,2.11.0+cu128,2025.1.1.0,585,sdpa_math_fp32,0,fp16,1,8,256,64,0,0.2145,0.2132,0.2150,0.626,48.9,oracle_not_speed_baseline;run=2026-09-03T09:13:41Z;clock_lock=585;iters=1000;max_err=5.865e-07 torch_same_dtype_err=7.485e-04 tol=1.498e-03 cap=1e-02
15b83a5,Tesla T4,580.82.07,12.8.93,2.11.0+cu128,2025.1.1.0,585,torch_unfused,0,fp16,1,8,256,64,0,0.0778,0.0767,0.0780,1.725,67.4,run=2026-09-03T09:13:41Z;clock_lock=585;iters=1000;max_err=7.485e-04 torch_same_dtype_err=7.485e-04 tol=1.498e-03 cap=1e-02
15b83a5,Tesla T4,580.82.07,12.8.93,2.11.0+cu128,2025.1.1.0,,sdpa_flash,0,fp16,1,8,256,64,1,,,,,,run=2026-09-03T09:13:41Z;backend_refused:Memory efficient kernel not used because: (Triggered internally at /pytorch/aten/src/ATen/native/transformers/cuda/sdp_utils.cpp:986.) | Memory Efficient attention has been runtime disabled. (Triggere
15b83a5,Tesla T4,580.82.07,12.8.93,2.11.0+cu128,2025.1.1.0,,sdpa_cudnn,0,fp16,1,8,256,64,1,,,,,,run=2026-09-03T09:13:41Z;backend_refused:Memory efficient kernel not used because: (Triggered internally at /pytorch/aten/src/ATen/native/transformers/cuda/sdp_utils.cpp:986.) | Memory Efficient attention has been runtime disabled. (Triggere
15b83a5,Tesla T4,580.82.07,12.8.93,2.11.0+cu128,2025.1.1.0,,flash_attn,0,fp16,1,8,256,64,1,,,,,,run=2026-09-03T09:13:41Z;backend_refused:not importable: No module named 'flash_attn'
3add37c,Tesla T4,580.82.07,12.8.93,2.11.0+cu128,2025.1.1.0,585,wmma,4,fp16,1,8,256,64,1,0.0553,0.0540,0.0564,2.427,19.1,flops=full;run=2026-09-03T07:58:48Z;clock_lock=585;iters=1000;max_err=9.831e-04 torch_same_dtype_err=1.238e-03 tol=2.476e-03 cap=1e-02
15b83a5,Tesla T4,580.82.07,12.8.93,2.11.0+cu128,2025.1.1.0,585,sdpa_efficient,0,fp16,1,8,256,64,1,0.0591,0.0581,0.0594,1.135,17.9,run=2026-09-03T09:13:41Z;flops=causal_half;clock_lock=585;iters=1000;max_err=9.831e-04 torch_same_dtype_err=1.238e-03 tol=2.476e-03 cap=1e-02
15b83a5,Tesla T4,580.82.07,12.8.93,2.11.0+cu128,2025.1.1.0,585,sdpa_math_fp32,0,fp16,1,8,256,64,1,0.2599,0.2583,0.2607,0.516,40.3,oracle_not_speed_baseline;run=2026-09-03T09:13:41Z;flops=full;clock_lock=585;iters=1000;max_err=4.631e-07 torch_same_dtype_err=1.238e-03 tol=2.476e-03 cap=1e-02
15b83a5,Tesla T4,580.82.07,12.8.93,2.11.0+cu128,2025.1.1.0,585,torch_unfused,0,fp16,1,8,256,64,1,0.1080,0.1068,0.1085,1.243,48.6,run=2026-09-03T09:13:41Z;flops=full;clock_lock=585;iters=1000;max_err=1.238e-03 torch_same_dtype_err=1.238e-03 tol=2.476e-03 cap=1e-02
15b83a5,Tesla T4,580.82.07,12.8.93,2.11.0+cu128,2025.1.1.0,,sdpa_flash,0,fp16,8,32,256,64,0,,,,,,run=2026-09-03T09:13:41Z;backend_refused:Memory efficient kernel not used because: (Triggered internally at /pytorch/aten/src/ATen/native/transformers/cuda/sdp_utils.cpp:986.) | Memory Efficient attention has been runtime disabled. (Triggere
15b83a5,Tesla T4,580.82.07,12.8.93,2.11.0+cu128,2025.1.1.0,,sdpa_cudnn,0,fp16,8,32,256,64,0,,,,,,run=2026-09-03T09:13:41Z;backend_refused:Memory efficient kernel not used because: (Triggered internally at /pytorch/aten/src/ATen/native/transformers/cuda/sdp_utils.cpp:986.) | Memory Efficient attention has been runtime disabled. (Triggere
15b83a5,Tesla T4,580.82.07,12.8.93,2.11.0+cu128,2025.1.1.0,,flash_attn,0,fp16,8,32,256,64,0,,,,,,run=2026-09-03T09:13:41Z;backend_refused:not importable: No module named 'flash_attn'
3add37c,Tesla T4,580.82.07,12.8.93,2.11.0+cu128,2025.1.1.0,585,wmma,4,fp16,8,32,256,64,0,1.2267,1.2099,1.2391,3.501,27.6,run=2026-09-03T07:58:48Z;clock_lock=585;iters=406;max_err=2.471e-04 torch_same_dtype_err=6.226e-04 tol=1.246e-03 cap=1e-02
15b83a5,Tesla T4,580.82.07,12.8.93,2.11.0+cu128,2025.1.1.0,585,sdpa_efficient,0,fp16,8,32,256,64,0,0.6753,0.6725,0.6779,6.360,50.1,run=2026-09-03T09:13:41Z;clock_lock=585;iters=717;max_err=2.471e-04 torch_same_dtype_err=6.226e-04 tol=1.246e-03 cap=1e-02
15b83a5,Tesla T4,580.82.07,12.8.93,2.11.0+cu128,2025.1.1.0,585,sdpa_math_fp32,0,fp16,8,32,256,64,0,3.9752,3.9710,3.9792,1.080,84.4,oracle_not_speed_baseline;run=2026-09-03T09:13:41Z;clock_lock=585;iters=125;max_err=7.083e-07 torch_same_dtype_err=6.226e-04 tol=1.246e-03 cap=1e-02
15b83a5,Tesla T4,580.82.07,12.8.93,2.11.0+cu128,2025.1.1.0,585,torch_unfused,0,fp16,8,32,256,64,0,1.2910,1.2892,1.2934,3.327,130.0,run=2026-09-03T09:13:41Z;clock_lock=585;iters=381;max_err=6.226e-04 torch_same_dtype_err=6.226e-04 tol=1.246e-03 cap=1e-02
15b83a5,Tesla T4,580.82.07,12.8.93,2.11.0+cu128,2025.1.1.0,,sdpa_flash,0,fp16,8,32,256,64,1,,,,,,run=2026-09-03T09:13:41Z;backend_refused:Memory efficient kernel not used because: (Triggered internally at /pytorch/aten/src/ATen/native/transformers/cuda/sdp_utils.cpp:986.) | Memory Efficient attention has been runtime disabled. (Triggere
15b83a5,Tesla T4,580.82.07,12.8.93,2.11.0+cu128,2025.1.1.0,,sdpa_cudnn,0,fp16,8,32,256,64,1,,,,,,run=2026-09-03T09:13:41Z;backend_refused:Memory efficient kernel not used because: (Triggered internally at /pytorch/aten/src/ATen/native/transformers/cuda/sdp_utils.cpp:986.) | Memory Efficient attention has been runtime disabled. (Triggere
15b83a5,Tesla T4,580.82.07,12.8.93,2.11.0+cu128,2025.1.1.0,,flash_attn,0,fp16,8,32,256,64,1,,,,,,run=2026-09-03T09:13:41Z;backend_refused:not importable: No module named 'flash_attn'
3add37c,Tesla T4,580.82.07,12.8.93,2.11.0+cu128,2025.1.1.0,585,wmma,4,fp16,8,32,256,64,1,0.7730,0.7705,0.7762,5.556,43.7,flops=full;run=2026-09-03T07:58:48Z;clock_lock=585;iters=639;max_err=9.275e-04 torch_same_dtype_err=1.340e-03 tol=2.681e-03 cap=1e-02
15b83a5,Tesla T4,580.82.07,12.8.93,2.11.0+cu128,2025.1.1.0,585,sdpa_efficient,0,fp16,8,32,256,64,1,0.4696,0.4658,0.4745,4.573,72.0,run=2026-09-03T09:13:41Z;flops=causal_half;clock_lock=585;iters=1000;max_err=9.275e-04 torch_same_dtype_err=1.340e-03 tol=2.681e-03 cap=1e-02
15b83a5,Tesla T4,580.82.07,12.8.93,2.11.0+cu128,2025.1.1.0,585,sdpa_math_fp32,0,fp16,8,32,256,64,1,4.5773,4.5732,4.5821,0.938,73.3,oracle_not_speed_baseline;run=2026-09-03T09:13:41Z;flops=full;clock_lock=585;iters=108;max_err=7.588e-07 torch_same_dtype_err=1.340e-03 tol=2.681e-03 cap=1e-02
15b83a5,Tesla T4,580.82.07,12.8.93,2.11.0+cu128,2025.1.1.0,585,torch_unfused,0,fp16,8,32,256,64,1,2.1932,2.1910,2.1955,1.958,76.5,run=2026-09-03T09:13:41Z;flops=full;clock_lock=585;iters=225;max_err=1.340e-03 torch_same_dtype_err=1.340e-03 tol=2.681e-03 cap=1e-02
15b83a5,Tesla T4,580.82.07,12.8.93,2.11.0+cu128,2025.1.1.0,,sdpa_flash,0,fp16,1,8,256,128,0,,,,,,run=2026-09-03T09:13:41Z;backend_refused:Memory efficient kernel not used because: (Triggered internally at /pytorch/aten/src/ATen/native/transformers/cuda/sdp_utils.cpp:986.) | Memory Efficient attention has been runtime disabled. (Triggere
15b83a5,Tesla T4,580.82.07,12.8.93,2.11.0+cu128,2025.1.1.0,,sdpa_cudnn,0,fp16,1,8,256,128,0,,,,,,run=2026-09-03T09:13:41Z;backend_refused:Memory efficient kernel not used because: (Triggered internally at /pytorch/aten/src/ATen/native/transformers/cuda/sdp_utils.cpp:986.) | Memory Efficient attention has been runtime disabled. (Triggere
15b83a5,Tesla T4,580.82.07,12.8.93,2.11.0+cu128,2025.1.1.0,,flash_attn,0,fp16,1,8,256,128,0,,,,,,run=2026-09-03T09:13:41Z;backend_refused:not importable: No module named 'flash_attn'
3add37c,Tesla T4,580.82.07,12.8.93,2.11.0+cu128,2025.1.1.0,585,wmma,4,fp16,1,8,256,128,0,0.1536,0.1516,0.1556,1.748,13.7,run=2026-09-03T07:58:48Z;clock_lock=585;iters=1000;max_err=1.780e-04 torch_same_dtype_err=5.492e-04 tol=1.099e-03 cap=1e-02
15b83a5,Tesla T4,580.82.07,12.8.93,2.11.0+cu128,2025.1.1.0,585,sdpa_efficient,0,fp16,1,8,256,128,0,0.0644,0.0636,0.0653,4.167,32.7,run=2026-09-03T09:13:41Z;clock_lock=585;iters=1000;max_err=1.780e-04 torch_same_dtype_err=5.492e-04 tol=1.099e-03 cap=1e-02
15b83a5,Tesla T4,580.82.07,12.8.93,2.11.0+cu128,2025.1.1.0,585,sdpa_math_fp32,0,fp16,1,8,256,128,0,0.3092,0.3080,0.3106,0.868,40.7,oracle_not_speed_baseline;run=2026-09-03T09:13:41Z;clock_lock=585;iters=1000;max_err=4.773e-07 torch_same_dtype_err=5.492e-04 tol=1.099e-03 cap=1e-02
15b83a5,Tesla T4,580.82.07,12.8.93,2.11.0+cu128,2025.1.1.0,585,torch_unfused,0,fp16,1,8,256,128,0,0.0839,0.0828,0.0842,3.198,75.0,run=2026-09-03T09:13:41Z;clock_lock=585;iters=1000;max_err=5.492e-04 torch_same_dtype_err=5.492e-04 tol=1.099e-03 cap=1e-02
15b83a5,Tesla T4,580.82.07,12.8.93,2.11.0+cu128,2025.1.1.0,,sdpa_flash,0,fp16,1,8,256,128,1,,,,,,run=2026-09-03T09:13:41Z;backend_refused:Memory efficient kernel not used because: (Triggered internally at /pytorch/aten/src/ATen/native/transformers/cuda/sdp_utils.cpp:986.) | Memory Efficient attention has been runtime disabled. (Triggere
15b83a5,Tesla T4,580.82.07,12.8.93,2.11.0+cu128,2025.1.1.0,,sdpa_cudnn,0,fp16,1,8,256,128,1,,,,,,run=2026-09-03T09:13:41Z;backend_refused:Memory efficient kernel not used because: (Triggered internally at /pytorch/aten/src/ATen/native/transformers/cuda/sdp_utils.cpp:986.) | Memory Efficient attention has been runtime disabled. (Triggere
15b83a5,Tesla T4,580.82.07,12.8.93,2.11.0+cu128,2025.1.1.0,,flash_attn,0,fp16,1,8,256,128,1,,,,,,run=2026-09-03T09:13:41Z;backend_refused:not importable: No module named 'flash_attn'
3add37c,Tesla T4,580.82.07,12.8.93,2.11.0+cu128,2025.1.1.0,585,wmma,4,fp16,1,8,256,128,1,0.1106,0.1094,0.1125,2.427,19.0,flops=full;run=2026-09-03T07:58:48Z;clock_lock=585;iters=1000;max_err=8.906e-04 torch_same_dtype_err=1.403e-03 tol=2.806e-03 cap=1e-02
15b83a5,Tesla T4,580.82.07,12.8.93,2.11.0+cu128,2025.1.1.0,585,sdpa_efficient,0,fp16,1,8,256,128,1,0.0591,0.0580,0.0594,2.270,35.6,run=2026-09-03T09:13:41Z;flops=causal_half;clock_lock=585;iters=1000;max_err=8.906e-04 torch_same_dtype_err=1.403e-03 tol=2.806e-03 cap=1e-02
15b83a5,Tesla T4,580.82.07,12.8.93,2.11.0+cu128,2025.1.1.0,585,sdpa_math_fp32,0,fp16,1,8,256,128,1,0.3548,0.3540,0.3564,0.756,35.5,oracle_not_speed_baseline;run=2026-09-03T09:13:41Z;flops=full;clock_lock=585;iters=1000;max_err=1.347e-06 torch_same_dtype_err=1.403e-03 tol=2.806e-03 cap=1e-02
15b83a5,Tesla T4,580.82.07,12.8.93,2.11.0+cu128,2025.1.1.0,585,torch_unfused,0,fp16,1,8,256,128,1,0.1144,0.1132,0.1148,2.347,55.0,run=2026-09-03T09:13:41Z;flops=full;clock_lock=585;iters=1000;max_err=1.403e-03 torch_same_dtype_err=1.403e-03 tol=2.806e-03 cap=1e-02
15b83a5,Tesla T4,580.82.07,12.8.93,2.11.0+cu128,2025.1.1.0,,sdpa_flash,0,fp16,8,32,256,128,0,,,,,,run=2026-09-03T09:13:41Z;backend_refused:Memory efficient kernel not used because: (Triggered internally at /pytorch/aten/src/ATen/native/transformers/cuda/sdp_utils.cpp:986.) | Memory Efficient attention has been runtime disabled. (Triggere
15b83a5,Tesla T4,580.82.07,12.8.93,2.11.0+cu128,2025.1.1.0,,sdpa_cudnn,0,fp16,8,32,256,128,0,,,,,,run=2026-09-03T09:13:41Z;backend_refused:Memory efficient kernel not used because: (Triggered internally at /pytorch/aten/src/ATen/native/transformers/cuda/sdp_utils.cpp:986.) | Memory Efficient attention has been runtime disabled. (Triggere
15b83a5,Tesla T4,580.82.07,12.8.93,2.11.0+cu128,2025.1.1.0,,flash_attn,0,fp16,8,32,256,128,0,,,,,,run=2026-09-03T09:13:41Z;backend_refused:not importable: No module named 'flash_attn'
3add37c,Tesla T4,580.82.07,12.8.93,2.11.0+cu128,2025.1.1.0,585,wmma,4,fp16,8,32,256,128,0,3.6780,3.6354,3.7502,2.336,18.3,run=2026-09-03T07:58:48Z;clock_lock=585;iters=137;max_err=2.420e-04 torch_same_dtype_err=1.056e-03 tol=2.112e-03 cap=1e-02
15b83a5,Tesla T4,580.82.07,12.8.93,2.11.0+cu128,2025.1.1.0,585,sdpa_efficient,0,fp16,8,32,256,128,0,1.4439,1.4372,1.4516,5.949,46.7,run=2026-09-03T09:13:41Z;clock_lock=585;iters=344;max_err=2.463e-04 torch_same_dtype_err=1.056e-03 tol=2.112e-03 cap=1e-02
15b83a5,Tesla T4,580.82.07,12.8.93,2.11.0+cu128,2025.1.1.0,585,sdpa_math_fp32,0,fp16,8,32,256,128,0,5.7304,5.7250,5.7372,1.499,70.3,oracle_not_speed_baseline;run=2026-09-03T09:13:41Z;clock_lock=585;iters=100;max_err=7.211e-07 torch_same_dtype_err=1.056e-03 tol=2.112e-03 cap=1e-02
15b83a5,Tesla T4,580.82.07,12.8.93,2.11.0+cu128,2025.1.1.0,585,torch_unfused,0,fp16,8,32,256,128,0,1.4439,1.4405,1.4476,5.949,139.4,run=2026-09-03T09:13:41Z;clock_lock=585;iters=341;max_err=1.056e-03 torch_same_dtype_err=1.056e-03 tol=2.112e-03 cap=1e-02
15b83a5,Tesla T4,580.82.07,12.8.93,2.11.0+cu128,2025.1.1.0,,sdpa_flash,0,fp16,8,32,256,128,1,,,,,,run=2026-09-03T09:13:41Z;backend_refused:Memory efficient kernel not used because: (Triggered internally at /pytorch/aten/src/ATen/native/transformers/cuda/sdp_utils.cpp:986.) | Memory Efficient attention has been runtime disabled. (Triggere
15b83a5,Tesla T4,580.82.07,12.8.93,2.11.0+cu128,2025.1.1.0,,sdpa_cudnn,0,fp16,8,32,256,128,1,,,,,,run=2026-09-03T09:13:41Z;backend_refused:Memory efficient kernel not used because: (Triggered internally at /pytorch/aten/src/ATen/native/transformers/cuda/sdp_utils.cpp:986.) | Memory Efficient attention has been runtime disabled. (Triggere
15b83a5,Tesla T4,580.82.07,12.8.93,2.11.0+cu128,2025.1.1.0,,flash_attn,0,fp16,8,32,256,128,1,,,,,,run=2026-09-03T09:13:41Z;backend_refused:not importable: No module named 'flash_attn'
3add37c,Tesla T4,580.82.07,12.8.93,2.11.0+cu128,2025.1.1.0,585,wmma,4,fp16,8,32,256,128,1,2.1545,2.1497,2.1617,3.987,31.3,flops=full;run=2026-09-03T07:58:48Z;clock_lock=585;iters=231;max_err=9.004e-04 torch_same_dtype_err=1.205e-03 tol=2.410e-03 cap=1e-02
15b83a5,Tesla T4,580.82.07,12.8.93,2.11.0+cu128,2025.1.1.0,585,sdpa_efficient,0,fp16,8,32,256,128,1,0.9562,0.9533,0.9593,4.492,70.5,run=2026-09-03T09:13:41Z;flops=causal_half;clock_lock=585;iters=505;max_err=9.004e-04 torch_same_dtype_err=1.205e-03 tol=2.410e-03 cap=1e-02
15b83a5,Tesla T4,580.82.07,12.8.93,2.11.0+cu128,2025.1.1.0,585,sdpa_math_fp32,0,fp16,8,32,256,128,1,6.3335,6.3263,6.3383,1.356,63.6,oracle_not_speed_baseline;run=2026-09-03T09:13:41Z;flops=full;clock_lock=585;iters=100;max_err=8.272e-07 torch_same_dtype_err=1.205e-03 tol=2.410e-03 cap=1e-02
15b83a5,Tesla T4,580.82.07,12.8.93,2.11.0+cu128,2025.1.1.0,585,torch_unfused,0,fp16,8,32,256,128,1,2.3450,2.3413,2.3483,3.663,85.9,run=2026-09-03T09:13:41Z;flops=full;clock_lock=585;iters=211;max_err=1.205e-03 torch_same_dtype_err=1.205e-03 tol=2.410e-03 cap=1e-02
15b83a5,Tesla T4,580.82.07,12.8.93,2.11.0+cu128,2025.1.1.0,,sdpa_flash,0,fp16,1,8,512,64,0,,,,,,run=2026-09-03T09:13:41Z;backend_refused:Memory efficient kernel not used because: (Triggered internally at /pytorch/aten/src/ATen/native/transformers/cuda/sdp_utils.cpp:986.) | Memory Efficient attention has been runtime disabled. (Triggere
15b83a5,Tesla T4,580.82.07,12.8.93,2.11.0+cu128,2025.1.1.0,,sdpa_cudnn,0,fp16,1,8,512,64,0,,,,,,run=2026-09-03T09:13:41Z;backend_refused:Memory efficient kernel not used because: (Triggered internally at /pytorch/aten/src/ATen/native/transformers/cuda/sdp_utils.cpp:986.) | Memory Efficient attention has been runtime disabled. (Triggere
15b83a5,Tesla T4,580.82.07,12.8.93,2.11.0+cu128,2025.1.1.0,,flash_attn,0,fp16,1,8,512,64,0,,,,,,run=2026-09-03T09:13:41Z;backend_refused:not importable: No module named 'flash_attn'
3add37c,Tesla T4,580.82.07,12.8.93,2.11.0+cu128,2025.1.1.0,585,wmma,4,fp16,1,8,512,64,0,0.1873,0.1851,0.1884,2.867,11.3,run=2026-09-03T07:58:48Z;clock_lock=585;iters=1000;max_err=1.311e-04 torch_same_dtype_err=5.971e-04 tol=1.195e-03 cap=1e-02
15b83a5,Tesla T4,580.82.07,12.8.93,2.11.0+cu128,2025.1.1.0,585,sdpa_efficient,0,fp16,1,8,512,64,0,0.1281,0.1271,0.1289,4.191,16.5,run=2026-09-03T09:13:41Z;clock_lock=585;iters=1000;max_err=1.311e-04 torch_same_dtype_err=5.971e-04 tol=1.195e-03 cap=1e-02
15b83a5,Tesla T4,580.82.07,12.8.93,2.11.0+cu128,2025.1.1.0,585,sdpa_math_fp32,0,fp16,1,8,512,64,0,0.6533,0.6517,0.6553,0.822,57.8,oracle_not_speed_baseline;run=2026-09-03T09:13:41Z;clock_lock=585;iters=729;max_err=5.419e-07 torch_same_dtype_err=5.971e-04 tol=1.195e-03 cap=1e-02
15b83a5,Tesla T4,580.82.07,12.8.93,2.11.0+cu128,2025.1.1.0,585,torch_unfused,0,fp16,1,8,512,64,0,0.1922,0.1908,0.1929,2.793,98.2,run=2026-09-03T09:13:41Z;clock_lock=585;iters=1000;max_err=5.971e-04 torch_same_dtype_err=5.971e-04 tol=1.195e-03 cap=1e-02
15b83a5,Tesla T4,580.82.07,12.8.93,2.11.0+cu128,2025.1.1.0,,sdpa_flash,0,fp16,1,8,512,64,1,,,,,,run=2026-09-03T09:13:41Z;backend_refused:Memory efficient kernel not used because: (Triggered internally at /pytorch/aten/src/ATen/native/transformers/cuda/sdp_utils.cpp:986.) | Memory Efficient attention has been runtime disabled. (Triggere
15b83a5,Tesla T4,580.82.07,12.8.93,2.11.0+cu128,2025.1.1.0,,sdpa_cudnn,0,fp16,1,8,512,64,1,,,,,,run=2026-09-03T09:13:41Z;backend_refused:Memory efficient kernel not used because: (Triggered internally at /pytorch/aten/src/ATen/native/transformers/cuda/sdp_utils.cpp:986.) | Memory Efficient attention has been runtime disabled. (Triggere
15b83a5,Tesla T4,580.82.07,12.8.93,2.11.0+cu128,2025.1.1.0,,flash_attn,0,fp16,1,8,512,64,1,,,,,,run=2026-09-03T09:13:41Z;backend_refused:not importable: No module named 'flash_attn'
3add37c,Tesla T4,580.82.07,12.8.93,2.11.0+cu128,2025.1.1.0,585,wmma,4,fp16,1,8,512,64,1,0.1268,0.1252,0.1314,4.236,16.7,flops=full;run=2026-09-03T07:58:48Z;clock_lock=585;iters=1000;max_err=8.069e-04 torch_same_dtype_err=1.529e-03 tol=3.059e-03 cap=1e-02
15b83a5,Tesla T4,580.82.07,12.8.93,2.11.0+cu128,2025.1.1.0,585,sdpa_efficient,0,fp16,1,8,512,64,1,0.1209,0.1205,0.1220,2.221,17.5,run=2026-09-03T09:13:41Z;flops=causal_half;clock_lock=585;iters=1000;max_err=8.069e-04 torch_same_dtype_err=1.529e-03 tol=3.059e-03 cap=1e-02
15b83a5,Tesla T4,580.82.07,12.8.93,2.11.0+cu128,2025.1.1.0,585,sdpa_math_fp32,0,fp16,1,8,512,64,1,0.7702,0.7689,0.7721,0.697,49.0,oracle_not_speed_baseline;run=2026-09-03T09:13:41Z;flops=full;clock_lock=585;iters=602;max_err=5.203e-07 torch_same_dtype_err=1.529e-03 tol=3.059e-03 cap=1e-02
15b83a5,Tesla T4,580.82.07,12.8.93,2.11.0+cu128,2025.1.1.0,585,torch_unfused,0,fp16,1,8,512,64,1,0.3072,0.3061,0.3088,1.748,61.4,run=2026-09-03T09:13:41Z;flops=full;clock_lock=585;iters=1000;max_err=1.529e-03 torch_same_dtype_err=1.529e-03 tol=3.059e-03 cap=1e-02
15b83a5,Tesla T4,580.82.07,12.8.93,2.11.0+cu128,2025.1.1.0,,sdpa_flash,0,fp16,8,32,512,64,0,,,,,,run=2026-09-03T09:13:41Z;backend_refused:Memory efficient kernel not used because: (Triggered internally at /pytorch/aten/src/ATen/native/transformers/cuda/sdp_utils.cpp:986.) | Memory Efficient attention has been runtime disabled. (Triggere
15b83a5,Tesla T4,580.82.07,12.8.93,2.11.0+cu128,2025.1.1.0,,sdpa_cudnn,0,fp16,8,32,512,64,0,,,,,,run=2026-09-03T09:13:41Z;backend_refused:Memory efficient kernel not used because: (Triggered internally at /pytorch/aten/src/ATen/native/transformers/cuda/sdp_utils.cpp:986.) | Memory Efficient attention has been runtime disabled. (Triggere
15b83a5,Tesla T4,580.82.07,12.8.93,2.11.0+cu128,2025.1.1.0,,flash_attn,0,fp16,8,32,512,64,0,,,,,,run=2026-09-03T09:13:41Z;backend_refused:not importable: No module named 'flash_attn'
3add37c,Tesla T4,580.82.07,12.8.93,2.11.0+cu128,2025.1.1.0,585,wmma,4,fp16,8,32,512,64,0,4.5871,4.5743,4.6040,3.745,14.7,run=2026-09-03T07:58:48Z;clock_lock=585;iters=109;max_err=1.606e-04 torch_same_dtype_err=4.760e-04 tol=9.531e-04 cap=1e-02
15b83a5,Tesla T4,580.82.07,12.8.93,2.11.0+cu128,2025.1.1.0,585,sdpa_efficient,0,fp16,8,32,512,64,0,2.4842,2.4793,2.4902,6.916,27.2,run=2026-09-03T09:13:41Z;clock_lock=585;iters=198;max_err=1.606e-04 torch_same_dtype_err=4.760e-04 tol=9.531e-04 cap=1e-02
15b83a5,Tesla T4,580.82.07,12.8.93,2.11.0+cu128,2025.1.1.0,585,sdpa_math_fp32,0,fp16,8,32,512,64,0,14.5551,14.4792,14.5660,1.180,83.0,oracle_not_speed_baseline;run=2026-09-03T09:13:41Z;clock_lock=585;iters=100;max_err=5.389e-07 torch_same_dtype_err=4.760e-04 tol=9.531e-04 cap=1e-02
15b83a5,Tesla T4,580.82.07,12.8.93,2.11.0+cu128,2025.1.1.0,585,torch_unfused,0,fp16,8,32,512,64,0,4.6643,4.6615,4.6691,3.683,129.5,run=2026-09-03T09:13:41Z;clock_lock=585;iters=107;max_err=4.760e-04 torch_same_dtype_err=4.760e-04 tol=9.531e-04 cap=1e-02
15b83a5,Tesla T4,580.82.07,12.8.93,2.11.0+cu128,2025.1.1.0,,sdpa_flash,0,fp16,8,32,512,64,1,,,,,,run=2026-09-03T09:13:41Z;backend_refused:Memory efficient kernel not used because: (Triggered internally at /pytorch/aten/src/ATen/native/transformers/cuda/sdp_utils.cpp:986.) | Memory Efficient attention has been runtime disabled. (Triggere
15b83a5,Tesla T4,580.82.07,12.8.93,2.11.0+cu128,2025.1.1.0,,sdpa_cudnn,0,fp16,8,32,512,64,1,,,,,,run=2026-09-03T09:13:41Z;backend_refused:Memory efficient kernel not used because: (Triggered internally at /pytorch/aten/src/ATen/native/transformers/cuda/sdp_utils.cpp:986.) | Memory Efficient attention has been runtime disabled. (Triggere
15b83a5,Tesla T4,580.82.07,12.8.93,2.11.0+cu128,2025.1.1.0,,flash_attn,0,fp16,8,32,512,64,1,,,,,,run=2026-09-03T09:13:41Z;backend_refused:not importable: No module named 'flash_attn'
3add37c,Tesla T4,580.82.07,12.8.93,2.11.0+cu128,2025.1.1.0,585,wmma,4,fp16,8,32,512,64,1,2.5712,2.5661,2.5788,6.682,26.3,flops=full;run=2026-09-03T07:58:48Z;clock_lock=585;iters=194;max_err=7.997e-04 torch_same_dtype_err=1.104e-03 tol=2.209e-03 cap=1e-02
15b83a5,Tesla T4,580.82.07,12.8.93,2.11.0+cu128,2025.1.1.0,585,sdpa_efficient,0,fp16,8,32,512,64,1,1.4889,1.4812,1.4991,5.769,45.4,run=2026-09-03T09:13:41Z;flops=causal_half;clock_lock=585;iters=330;max_err=7.997e-04 torch_same_dtype_err=1.104e-03 tol=2.209e-03 cap=1e-02
15b83a5,Tesla T4,580.82.07,12.8.93,2.11.0+cu128,2025.1.1.0,585,sdpa_math_fp32,0,fp16,8,32,512,64,1,16.8887,16.8122,16.9009,1.017,71.5,oracle_not_speed_baseline;run=2026-09-03T09:13:41Z;flops=full;clock_lock=585;iters=100;max_err=5.584e-07 torch_same_dtype_err=1.104e-03 tol=2.209e-03 cap=1e-02
15b83a5,Tesla T4,580.82.07,12.8.93,2.11.0+cu128,2025.1.1.0,585,torch_unfused,0,fp16,8,32,512,64,1,8.1937,8.1901,8.1974,2.097,73.7,run=2026-09-03T09:13:41Z;flops=full;clock_lock=585;iters=100;max_err=1.104e-03 torch_same_dtype_err=1.104e-03 tol=2.209e-03 cap=1e-02
15b83a5,Tesla T4,580.82.07,12.8.93,2.11.0+cu128,2025.1.1.0,,sdpa_flash,0,fp16,1,8,512,128,0,,,,,,run=2026-09-03T09:13:41Z;backend_refused:Memory efficient kernel not used because: (Triggered internally at /pytorch/aten/src/ATen/native/transformers/cuda/sdp_utils.cpp:986.) | Memory Efficient attention has been runtime disabled. (Triggere
15b83a5,Tesla T4,580.82.07,12.8.93,2.11.0+cu128,2025.1.1.0,,sdpa_cudnn,0,fp16,1,8,512,128,0,,,,,,run=2026-09-03T09:13:41Z;backend_refused:Memory efficient kernel not used because: (Triggered internally at /pytorch/aten/src/ATen/native/transformers/cuda/sdp_utils.cpp:986.) | Memory Efficient attention has been runtime disabled. (Triggere
15b83a5,Tesla T4,580.82.07,12.8.93,2.11.0+cu128,2025.1.1.0,,flash_attn,0,fp16,1,8,512,128,0,,,,,,run=2026-09-03T09:13:41Z;backend_refused:not importable: No module named 'flash_attn'
3add37c,Tesla T4,580.82.07,12.8.93,2.11.0+cu128,2025.1.1.0,585,wmma,4,fp16,1,8,512,128,0,0.5181,0.5096,0.5226,2.073,8.1,run=2026-09-03T07:58:48Z;clock_lock=585;iters=943;max_err=1.932e-04 torch_same_dtype_err=6.272e-04 tol=1.255e-03 cap=1e-02
15b83a5,Tesla T4,580.82.07,12.8.93,2.11.0+cu128,2025.1.1.0,585,sdpa_efficient,0,fp16,1,8,512,128,0,0.2195,0.2068,0.2212,4.893,19.2,run=2026-09-03T09:13:41Z;clock_lock=585;iters=1000;max_err=1.932e-04 torch_same_dtype_err=6.272e-04 tol=1.255e-03 cap=1e-02
15b83a5,Tesla T4,580.82.07,12.8.93,2.11.0+cu128,2025.1.1.0,585,sdpa_math_fp32,0,fp16,1,8,512,128,0,0.7918,0.7900,0.7940,1.356,53.0,oracle_not_speed_baseline;run=2026-09-03T09:13:41Z;clock_lock=585;iters=614;max_err=6.530e-07 torch_same_dtype_err=6.272e-04 tol=1.255e-03 cap=1e-02
15b83a5,Tesla T4,580.82.07,12.8.93,2.11.0+cu128,2025.1.1.0,585,torch_unfused,0,fp16,1,8,512,128,0,0.2157,0.2134,0.2191,4.978,97.2,run=2026-09-03T09:13:41Z;clock_lock=585;iters=1000;max_err=6.272e-04 torch_same_dtype_err=6.272e-04 tol=1.255e-03 cap=1e-02
15b83a5,Tesla T4,580.82.07,12.8.93,2.11.0+cu128,2025.1.1.0,,sdpa_flash,0,fp16,1,8,512,128,1,,,,,,run=2026-09-03T09:13:41Z;backend_refused:Memory efficient kernel not used because: (Triggered internally at /pytorch/aten/src/ATen/native/transformers/cuda/sdp_utils.cpp:986.) | Memory Efficient attention has been runtime disabled. (Triggere
15b83a5,Tesla T4,580.82.07,12.8.93,2.11.0+cu128,2025.1.1.0,,sdpa_cudnn,0,fp16,1,8,512,128,1,,,,,,run=2026-09-03T09:13:41Z;backend_refused:Memory efficient kernel not used because: (Triggered internally at /pytorch/aten/src/ATen/native/transformers/cuda/sdp_utils.cpp:986.) | Memory Efficient attention has been runtime disabled. (Triggere
15b83a5,Tesla T4,580.82.07,12.8.93,2.11.0+cu128,2025.1.1.0,,flash_attn,0,fp16,1,8,512,128,1,,,,,,run=2026-09-03T09:13:41Z;backend_refused:not importable: No module named 'flash_attn'
3add37c,Tesla T4,580.82.07,12.8.93,2.11.0+cu128,2025.1.1.0,585,wmma,4,fp16,1,8,512,128,1,0.3052,0.2998,0.3113,3.519,13.8,flops=full;run=2026-09-03T07:58:48Z;clock_lock=585;iters=1000;max_err=7.976e-04 torch_same_dtype_err=1.713e-03 tol=3.427e-03 cap=1e-02
15b83a5,Tesla T4,580.82.07,12.8.93,2.11.0+cu128,2025.1.1.0,585,sdpa_efficient,0,fp16,1,8,512,128,1,0.1496,0.1460,0.1521,3.589,28.2,run=2026-09-03T09:13:41Z;flops=causal_half;clock_lock=585;iters=1000;max_err=7.976e-04 torch_same_dtype_err=1.713e-03 tol=3.427e-03 cap=1e-02
15b83a5,Tesla T4,580.82.07,12.8.93,2.11.0+cu128,2025.1.1.0,585,sdpa_math_fp32,0,fp16,1,8,512,128,1,0.9093,0.9072,0.9114,1.181,46.1,oracle_not_speed_baseline;run=2026-09-03T09:13:41Z;flops=full;clock_lock=585;iters=528;max_err=1.064e-06 torch_same_dtype_err=1.713e-03 tol=3.427e-03 cap=1e-02
15b83a5,Tesla T4,580.82.07,12.8.93,2.11.0+cu128,2025.1.1.0,585,torch_unfused,0,fp16,1,8,512,128,1,0.3337,0.3317,0.3372,3.218,62.9,run=2026-09-03T09:13:41Z;flops=full;clock_lock=585;iters=1000;max_err=1.713e-03 torch_same_dtype_err=1.713e-03 tol=3.427e-03 cap=1e-02
15b83a5,Tesla T4,580.82.07,12.8.93,2.11.0+cu128,2025.1.1.0,,sdpa_flash,0,fp16,8,32,512,128,0,,,,,,run=2026-09-03T09:13:41Z;backend_refused:Memory efficient kernel not used because: (Triggered internally at /pytorch/aten/src/ATen/native/transformers/cuda/sdp_utils.cpp:986.) | Memory Efficient attention has been runtime disabled. (Triggere
15b83a5,Tesla T4,580.82.07,12.8.93,2.11.0+cu128,2025.1.1.0,,sdpa_cudnn,0,fp16,8,32,512,128,0,,,,,,run=2026-09-03T09:13:41Z;backend_refused:Memory efficient kernel not used because: (Triggered internally at /pytorch/aten/src/ATen/native/transformers/cuda/sdp_utils.cpp:986.) | Memory Efficient attention has been runtime disabled. (Triggere
15b83a5,Tesla T4,580.82.07,12.8.93,2.11.0+cu128,2025.1.1.0,,flash_attn,0,fp16,8,32,512,128,0,,,,,,run=2026-09-03T09:13:41Z;backend_refused:not importable: No module named 'flash_attn'
3add37c,Tesla T4,580.82.07,12.8.93,2.11.0+cu128,2025.1.1.0,585,wmma,4,fp16,8,32,512,128,0,13.1444,13.1004,13.1888,2.614,10.3,run=2026-09-03T07:58:48Z;clock_lock=585;iters=100;max_err=1.400e-04 torch_same_dtype_err=8.661e-04 tol=1.733e-03 cap=1e-02
15b83a5,Tesla T4,580.82.07,12.8.93,2.11.0+cu128,2025.1.1.0,585,sdpa_efficient,0,fp16,8,32,512,128,0,5.1797,5.1611,5.2033,6.634,26.0,run=2026-09-03T09:13:41Z;clock_lock=585;iters=100;max_err=1.390e-04 torch_same_dtype_err=8.661e-04 tol=1.733e-03 cap=1e-02
15b83a5,Tesla T4,580.82.07,12.8.93,2.11.0+cu128,2025.1.1.0,585,sdpa_math_fp32,0,fp16,8,32,512,128,0,20.9789,20.9678,20.9900,1.638,64.0,oracle_not_speed_baseline;run=2026-09-03T09:13:41Z;clock_lock=585;iters=100;max_err=5.708e-07 torch_same_dtype_err=8.661e-04 tol=1.733e-03 cap=1e-02
15b83a5,Tesla T4,580.82.07,12.8.93,2.11.0+cu128,2025.1.1.0,585,torch_unfused,0,fp16,8,32,512,128,0,5.1715,5.1660,5.1774,6.644,129.8,run=2026-09-03T09:13:41Z;clock_lock=585;iters=100;max_err=8.661e-04 torch_same_dtype_err=8.661e-04 tol=1.733e-03 cap=1e-02
15b83a5,Tesla T4,580.82.07,12.8.93,2.11.0+cu128,2025.1.1.0,,sdpa_flash,0,fp16,8,32,512,128,1,,,,,,run=2026-09-03T09:13:41Z;backend_refused:Memory efficient kernel not used because: (Triggered internally at /pytorch/aten/src/ATen/native/transformers/cuda/sdp_utils.cpp:986.) | Memory Efficient attention has been runtime disabled. (Triggere
15b83a5,Tesla T4,580.82.07,12.8.93,2.11.0+cu128,2025.1.1.0,,sdpa_cudnn,0,fp16,8,32,512,128,1,,,,,,run=2026-09-03T09:13:41Z;backend_refused:Memory efficient kernel not used because: (Triggered internally at /pytorch/aten/src/ATen/native/transformers/cuda/sdp_utils.cpp:986.) | Memory Efficient attention has been runtime disabled. (Triggere
15b83a5,Tesla T4,580.82.07,12.8.93,2.11.0+cu128,2025.1.1.0,,flash_attn,0,fp16,8,32,512,128,1,,,,,,run=2026-09-03T09:13:41Z;backend_refused:not importable: No module named 'flash_attn'
3add37c,Tesla T4,580.82.07,12.8.93,2.11.0+cu128,2025.1.1.0,585,wmma,4,fp16,8,32,512,128,1,7.3586,7.3236,7.3728,4.669,18.3,flops=full;run=2026-09-03T07:58:48Z;clock_lock=585;iters=100;max_err=9.710e-04 torch_same_dtype_err=1.211e-03 tol=2.424e-03 cap=1e-02
15b83a5,Tesla T4,580.82.07,12.8.93,2.11.0+cu128,2025.1.1.0,585,sdpa_efficient,0,fp16,8,32,512,128,1,3.1016,3.0965,3.1064,5.539,43.4,run=2026-09-03T09:13:41Z;flops=causal_half;clock_lock=585;iters=160;max_err=9.710e-04 torch_same_dtype_err=1.211e-03 tol=2.424e-03 cap=1e-02
15b83a5,Tesla T4,580.82.07,12.8.93,2.11.0+cu128,2025.1.1.0,585,sdpa_math_fp32,0,fp16,8,32,512,128,1,23.3144,23.3035,23.3268,1.474,57.6,oracle_not_speed_baseline;run=2026-09-03T09:13:41Z;flops=full;clock_lock=585;iters=100;max_err=9.885e-07 torch_same_dtype_err=1.211e-03 tol=2.424e-03 cap=1e-02
15b83a5,Tesla T4,580.82.07,12.8.93,2.11.0+cu128,2025.1.1.0,585,torch_unfused,0,fp16,8,32,512,128,1,8.7020,8.6940,8.7087,3.949,77.1,run=2026-09-03T09:13:41Z;flops=full;clock_lock=585;iters=100;max_err=1.211e-03 torch_same_dtype_err=1.211e-03 tol=2.424e-03 cap=1e-02
15b83a5,Tesla T4,580.82.07,12.8.93,2.11.0+cu128,2025.1.1.0,,sdpa_flash,0,fp16,1,8,1024,64,0,,,,,,run=2026-09-03T09:13:41Z;backend_refused:Memory efficient kernel not used because: (Triggered internally at /pytorch/aten/src/ATen/native/transformers/cuda/sdp_utils.cpp:986.) | Memory Efficient attention has been runtime disabled. (Triggere
15b83a5,Tesla T4,580.82.07,12.8.93,2.11.0+cu128,2025.1.1.0,,sdpa_cudnn,0,fp16,1,8,1024,64,0,,,,,,run=2026-09-03T09:13:41Z;backend_refused:Memory efficient kernel not used because: (Triggered internally at /pytorch/aten/src/ATen/native/transformers/cuda/sdp_utils.cpp:986.) | Memory Efficient attention has been runtime disabled. (Triggere
15b83a5,Tesla T4,580.82.07,12.8.93,2.11.0+cu128,2025.1.1.0,,flash_attn,0,fp16,1,8,1024,64,0,,,,,,run=2026-09-03T09:13:41Z;backend_refused:not importable: No module named 'flash_attn'
3add37c,Tesla T4,580.82.07,12.8.93,2.11.0+cu128,2025.1.1.0,585,wmma,4,fp16,1,8,1024,64,0,0.6597,0.6514,0.6680,3.255,6.4,run=2026-09-03T07:58:48Z;clock_lock=585;iters=747;max_err=1.142e-04 torch_same_dtype_err=4.442e-04 tol=8.894e-04 cap=1e-02
15b83a5,Tesla T4,580.82.07,12.8.93,2.11.0+cu128,2025.1.1.0,585,sdpa_efficient,0,fp16,1,8,1024,64,0,0.4507,0.4486,0.4529,4.765,9.4,run=2026-09-03T09:13:41Z;clock_lock=585;iters=1000;max_err=1.142e-04 torch_same_dtype_err=4.442e-04 tol=8.894e-04 cap=1e-02
15b83a5,Tesla T4,580.82.07,12.8.93,2.11.0+cu128,2025.1.1.0,585,sdpa_math_fp32,0,fp16,1,8,1024,64,0,1.9223,1.9186,1.9258,1.117,74.2,oracle_not_speed_baseline;run=2026-09-03T09:13:41Z;clock_lock=585;iters=253;max_err=3.665e-07 torch_same_dtype_err=4.442e-04 tol=8.894e-04 cap=1e-02
15b83a5,Tesla T4,580.82.07,12.8.93,2.11.0+cu128,2025.1.1.0,585,torch_unfused,0,fp16,1,8,1024,64,0,0.6468,0.6451,0.6486,3.320,110.2,run=2026-09-03T09:13:41Z;clock_lock=585;iters=745;max_err=4.442e-04 torch_same_dtype_err=4.442e-04 tol=8.894e-04 cap=1e-02
15b83a5,Tesla T4,580.82.07,12.8.93,2.11.0+cu128,2025.1.1.0,,sdpa_flash,0,fp16,1,8,1024,64,1,,,,,,run=2026-09-03T09:13:41Z;backend_refused:Memory efficient kernel not used because: (Triggered internally at /pytorch/aten/src/ATen/native/transformers/cuda/sdp_utils.cpp:986.) | Memory Efficient attention has been runtime disabled. (Triggere
15b83a5,Tesla T4,580.82.07,12.8.93,2.11.0+cu128,2025.1.1.0,,sdpa_cudnn,0,fp16,1,8,1024,64,1,,,,,,run=2026-09-03T09:13:41Z;backend_refused:Memory efficient kernel not used because: (Triggered internally at /pytorch/aten/src/ATen/native/transformers/cuda/sdp_utils.cpp:986.) | Memory Efficient attention has been runtime disabled. (Triggere
15b83a5,Tesla T4,580.82.07,12.8.93,2.11.0+cu128,2025.1.1.0,,flash_attn,0,fp16,1,8,1024,64,1,,,,,,run=2026-09-03T09:13:41Z;backend_refused:not importable: No module named 'flash_attn'
3add37c,Tesla T4,580.82.07,12.8.93,2.11.0+cu128,2025.1.1.0,585,wmma,4,fp16,1,8,1024,64,1,0.3727,0.3674,0.3830,5.762,11.3,flops=full;run=2026-09-03T07:58:48Z;clock_lock=585;iters=1000;max_err=1.089e-03 torch_same_dtype_err=1.301e-03 tol=2.604e-03 cap=1e-02
15b83a5,Tesla T4,580.82.07,12.8.93,2.11.0+cu128,2025.1.1.0,585,sdpa_efficient,0,fp16,1,8,1024,64,1,0.2645,0.2622,0.2676,4.060,16.0,run=2026-09-03T09:13:41Z;flops=causal_half;clock_lock=585;iters=1000;max_err=1.089e-03 torch_same_dtype_err=1.301e-03 tol=2.604e-03 cap=1e-02
15b83a5,Tesla T4,580.82.07,12.8.93,2.11.0+cu128,2025.1.1.0,585,sdpa_math_fp32,0,fp16,1,8,1024,64,1,2.4003,2.3972,2.4044,0.895,59.4,oracle_not_speed_baseline;run=2026-09-03T09:13:41Z;flops=full;clock_lock=585;iters=200;max_err=6.377e-07 torch_same_dtype_err=1.301e-03 tol=2.604e-03 cap=1e-02
15b83a5,Tesla T4,580.82.07,12.8.93,2.11.0+cu128,2025.1.1.0,585,torch_unfused,0,fp16,1,8,1024,64,1,1.1060,1.1039,1.1081,1.942,64.5,run=2026-09-03T09:13:41Z;flops=full;clock_lock=585;iters=446;max_err=1.301e-03 torch_same_dtype_err=1.301e-03 tol=2.604e-03 cap=1e-02
15b83a5,Tesla T4,580.82.07,12.8.93,2.11.0+cu128,2025.1.1.0,,sdpa_flash,0,fp16,8,32,1024,64,0,,,,,,run=2026-09-03T09:13:41Z;backend_refused:Memory efficient kernel not used because: (Triggered internally at /pytorch/aten/src/ATen/native/transformers/cuda/sdp_utils.cpp:986.) | Memory Efficient attention has been runtime disabled. (Triggere
15b83a5,Tesla T4,580.82.07,12.8.93,2.11.0+cu128,2025.1.1.0,,sdpa_cudnn,0,fp16,8,32,1024,64,0,,,,,,run=2026-09-03T09:13:41Z;backend_refused:Memory efficient kernel not used because: (Triggered internally at /pytorch/aten/src/ATen/native/transformers/cuda/sdp_utils.cpp:986.) | Memory Efficient attention has been runtime disabled. (Triggere
15b83a5,Tesla T4,580.82.07,12.8.93,2.11.0+cu128,2025.1.1.0,,flash_attn,0,fp16,8,32,1024,64,0,,,,,,run=2026-09-03T09:13:41Z;backend_refused:not importable: No module named 'flash_attn'
3add37c,Tesla T4,580.82.07,12.8.93,2.11.0+cu128,2025.1.1.0,585,wmma,4,fp16,8,32,1024,64,0,16.7885,16.7446,16.8450,4.093,8.1,run=2026-09-03T07:58:48Z;clock_lock=585;iters=100;max_err=9.969e-05 torch_same_dtype_err=3.886e-04 tol=7.782e-04 cap=1e-02
15b83a5,Tesla T4,580.82.07,12.8.93,2.11.0+cu128,2025.1.1.0,585,sdpa_efficient,0,fp16,8,32,1024,64,0,9.5247,9.5151,9.5335,7.215,14.2,run=2026-09-03T09:13:41Z;clock_lock=585;iters=100;max_err=9.969e-05 torch_same_dtype_err=3.886e-04 tol=7.782e-04 cap=1e-02
15b83a5,Tesla T4,580.82.07,12.8.93,2.11.0+cu128,2025.1.1.0,585,sdpa_math_fp32,0,fp16,8,32,1024,64,0,55.8777,55.8555,56.7185,1.230,81.7,oracle_not_speed_baseline;run=2026-09-03T09:13:41Z;clock=unlocked;clock_lock_failed=585;clock=525-585;noisy_clock;iters=100;max_err=5.106e-07 torch_same_dtype_err=3.886e-04 tol=7.782e-04 cap=1e-02
15b83a5,Tesla T4,580.82.07,12.8.93,2.11.0+cu128,2025.1.1.0,585,torch_unfused,0,fp16,8,32,1024,64,0,18.1474,18.1371,18.4856,3.787,125.7,run=2026-09-03T09:13:41Z;clock_lock=585;clock=555-585;iters=100;max_err=3.886e-04 torch_same_dtype_err=3.886e-04 tol=7.782e-04 cap=1e-02
15b83a5,Tesla T4,580.82.07,12.8.93,2.11.0+cu128,2025.1.1.0,,sdpa_flash,0,fp16,8,32,1024,64,1,,,,,,run=2026-09-03T09:13:41Z;backend_refused:Memory efficient kernel not used because: (Triggered internally at /pytorch/aten/src/ATen/native/transformers/cuda/sdp_utils.cpp:986.) | Memory Efficient attention has been runtime disabled. (Triggere
15b83a5,Tesla T4,580.82.07,12.8.93,2.11.0+cu128,2025.1.1.0,,sdpa_cudnn,0,fp16,8,32,1024,64,1,,,,,,run=2026-09-03T09:13:41Z;backend_refused:Memory efficient kernel not used because: (Triggered internally at /pytorch/aten/src/ATen/native/transformers/cuda/sdp_utils.cpp:986.) | Memory Efficient attention has been runtime disabled. (Triggere
15b83a5,Tesla T4,580.82.07,12.8.93,2.11.0+cu128,2025.1.1.0,,flash_attn,0,fp16,8,32,1024,64,1,,,,,,run=2026-09-03T09:13:41Z;backend_refused:not importable: No module named 'flash_attn'
3add37c,Tesla T4,580.82.07,12.8.93,2.11.0+cu128,2025.1.1.0,585,wmma,4,fp16,8,32,1024,64,1,9.1343,9.1216,9.1536,7.523,14.8,flops=full;run=2026-09-03T07:58:48Z;clock_lock=585;iters=100;max_err=8.719e-04 torch_same_dtype_err=1.302e-03 tol=2.604e-03 cap=1e-02
15b83a5,Tesla T4,580.82.07,12.8.93,2.11.0+cu128,2025.1.1.0,585,sdpa_efficient,0,fp16,8,32,1024,64,1,5.2389,5.2268,5.2538,6.559,25.8,run=2026-09-03T09:13:41Z;flops=causal_half;clock_lock=585;iters=100;max_err=8.719e-04 torch_same_dtype_err=1.302e-03 tol=2.604e-03 cap=1e-02
15b83a5,Tesla T4,580.82.07,12.8.93,2.11.0+cu128,2025.1.1.0,585,sdpa_math_fp32,0,fp16,8,32,1024,64,1,68.6940,68.6777,68.7137,1.000,66.4,oracle_not_speed_baseline;run=2026-09-03T09:13:41Z;flops=full;clock_lock=585;iters=100;max_err=8.680e-07 torch_same_dtype_err=1.302e-03 tol=2.604e-03 cap=1e-02
15b83a5,Tesla T4,580.82.07,12.8.93,2.11.0+cu128,2025.1.1.0,585,torch_unfused,0,fp16,8,32,1024,64,1,32.3450,32.3338,32.3587,2.125,70.5,run=2026-09-03T09:13:41Z;flops=full;clock_lock=585;iters=100;max_err=1.302e-03 torch_same_dtype_err=1.302e-03 tol=2.604e-03 cap=1e-02
15b83a5,Tesla T4,580.82.07,12.8.93,2.11.0+cu128,2025.1.1.0,,sdpa_flash,0,fp16,1,8,1024,128,0,,,,,,run=2026-09-03T09:13:41Z;backend_refused:Memory efficient kernel not used because: (Triggered internally at /pytorch/aten/src/ATen/native/transformers/cuda/sdp_utils.cpp:986.) | Memory Efficient attention has been runtime disabled. (Triggere
15b83a5,Tesla T4,580.82.07,12.8.93,2.11.0+cu128,2025.1.1.0,,sdpa_cudnn,0,fp16,1,8,1024,128,0,,,,,,run=2026-09-03T09:13:41Z;backend_refused:Memory efficient kernel not used because: (Triggered internally at /pytorch/aten/src/ATen/native/transformers/cuda/sdp_utils.cpp:986.) | Memory Efficient attention has been runtime disabled. (Triggere
15b83a5,Tesla T4,580.82.07,12.8.93,2.11.0+cu128,2025.1.1.0,,flash_attn,0,fp16,1,8,1024,128,0,,,,,,run=2026-09-03T09:13:41Z;backend_refused:not importable: No module named 'flash_attn'
3add37c,Tesla T4,580.82.07,12.8.93,2.11.0+cu128,2025.1.1.0,585,wmma,4,fp16,1,8,1024,128,0,1.6528,1.6394,1.6630,2.599,5.1,run=2026-09-03T07:58:48Z;clock_lock=585;iters=300;max_err=1.092e-04 torch_same_dtype_err=6.602e-04 tol=1.321e-03 cap=1e-02
15b83a5,Tesla T4,580.82.07,12.8.93,2.11.0+cu128,2025.1.1.0,585,sdpa_efficient,0,fp16,1,8,1024,128,0,0.7784,0.7494,0.7985,5.518,10.8,run=2026-09-03T09:13:41Z;clock_lock=585;iters=647;max_err=1.092e-04 torch_same_dtype_err=6.602e-04 tol=1.321e-03 cap=1e-02
15b83a5,Tesla T4,580.82.07,12.8.93,2.11.0+cu128,2025.1.1.0,585,sdpa_math_fp32,0,fp16,1,8,1024,128,0,2.7880,2.7850,2.7915,1.541,54.2,oracle_not_speed_baseline;run=2026-09-03T09:13:41Z;clock_lock=585;iters=178;max_err=4.609e-07 torch_same_dtype_err=6.602e-04 tol=1.321e-03 cap=1e-02
15b83a5,Tesla T4,580.82.07,12.8.93,2.11.0+cu128,2025.1.1.0,585,torch_unfused,0,fp16,1,8,1024,128,0,0.7086,0.7068,0.7106,6.061,106.5,run=2026-09-03T09:13:41Z;clock_lock=585;iters=684;max_err=6.602e-04 torch_same_dtype_err=6.602e-04 tol=1.321e-03 cap=1e-02
15b83a5,Tesla T4,580.82.07,12.8.93,2.11.0+cu128,2025.1.1.0,,sdpa_flash,0,fp16,1,8,1024,128,1,,,,,,run=2026-09-03T09:13:41Z;backend_refused:Memory efficient kernel not used because: (Triggered internally at /pytorch/aten/src/ATen/native/transformers/cuda/sdp_utils.cpp:986.) | Memory Efficient attention has been runtime disabled. (Triggere
15b83a5,Tesla T4,580.82.07,12.8.93,2.11.0+cu128,2025.1.1.0,,sdpa_cudnn,0,fp16,1,8,1024,128,1,,,,,,run=2026-09-03T09:13:41Z;backend_refused:Memory efficient kernel not used because: (Triggered internally at /pytorch/aten/src/ATen/native/transformers/cuda/sdp_utils.cpp:986.) | Memory Efficient attention has been runtime disabled. (Triggere
15b83a5,Tesla T4,580.82.07,12.8.93,2.11.0+cu128,2025.1.1.0,,flash_attn,0,fp16,1,8,1024,128,1,,,,,,run=2026-09-03T09:13:41Z;backend_refused:not importable: No module named 'flash_attn'
3add37c,Tesla T4,580.82.07,12.8.93,2.11.0+cu128,2025.1.1.0,585,wmma,4,fp16,1,8,1024,128,1,0.9544,0.9436,0.9646,4.500,8.8,flops=full;run=2026-09-03T07:58:48Z;clock_lock=585;iters=521;max_err=8.255e-04 torch_same_dtype_err=1.521e-03 tol=3.043e-03 cap=1e-02
15b83a5,Tesla T4,580.82.07,12.8.93,2.11.0+cu128,2025.1.1.0,585,sdpa_efficient,0,fp16,1,8,1024,128,1,0.4403,0.4321,0.4505,4.877,19.1,run=2026-09-03T09:13:41Z;flops=causal_half;clock_lock=585;iters=1000;max_err=8.255e-04 torch_same_dtype_err=1.521e-03 tol=3.043e-03 cap=1e-02
15b83a5,Tesla T4,580.82.07,12.8.93,2.11.0+cu128,2025.1.1.0,585,sdpa_math_fp32,0,fp16,1,8,1024,128,1,3.2659,3.2626,3.2687,1.315,46.2,oracle_not_speed_baseline;run=2026-09-03T09:13:41Z;flops=full;clock_lock=585;iters=153;max_err=7.904e-07 torch_same_dtype_err=1.521e-03 tol=3.043e-03 cap=1e-02
15b83a5,Tesla T4,580.82.07,12.8.93,2.11.0+cu128,2025.1.1.0,585,torch_unfused,0,fp16,1,8,1024,128,1,1.1690,1.1671,1.1712,3.674,64.6,run=2026-09-03T09:13:41Z;flops=full;clock_lock=585;iters=421;max_err=1.521e-03 torch_same_dtype_err=1.521e-03 tol=3.043e-03 cap=1e-02
15b83a5,Tesla T4,580.82.07,12.8.93,2.11.0+cu128,2025.1.1.0,,sdpa_flash,0,fp16,8,32,1024,128,0,,,,,,run=2026-09-03T09:13:41Z;backend_refused:Memory efficient kernel not used because: (Triggered internally at /pytorch/aten/src/ATen/native/transformers/cuda/sdp_utils.cpp:986.) | Memory Efficient attention has been runtime disabled. (Triggere
15b83a5,Tesla T4,580.82.07,12.8.93,2.11.0+cu128,2025.1.1.0,,sdpa_cudnn,0,fp16,8,32,1024,128,0,,,,,,run=2026-09-03T09:13:41Z;backend_refused:Memory efficient kernel not used because: (Triggered internally at /pytorch/aten/src/ATen/native/transformers/cuda/sdp_utils.cpp:986.) | Memory Efficient attention has been runtime disabled. (Triggere
15b83a5,Tesla T4,580.82.07,12.8.93,2.11.0+cu128,2025.1.1.0,,flash_attn,0,fp16,8,32,1024,128,0,,,,,,run=2026-09-03T09:13:41Z;backend_refused:not importable: No module named 'flash_attn'
3add37c,Tesla T4,580.82.07,12.8.93,2.11.0+cu128,2025.1.1.0,585,wmma,4,fp16,8,32,1024,128,0,48.0067,47.9844,48.0278,2.863,5.6,run=2026-09-03T07:58:48Z;clock_lock=585;iters=100;max_err=2.322e-04 torch_same_dtype_err=1.747e-03 tol=3.494e-03 cap=1e-02
15b83a5,Tesla T4,580.82.07,12.8.93,2.11.0+cu128,2025.1.1.0,585,sdpa_efficient,0,fp16,8,32,1024,128,0,19.8177,19.7857,19.8488,6.935,13.6,run=2026-09-03T09:13:41Z;clock_lock=585;iters=100;max_err=2.322e-04 torch_same_dtype_err=1.747e-03 tol=3.494e-03 cap=1e-02
15b83a5,Tesla T4,580.82.07,12.8.93,2.11.0+cu128,2025.1.1.0,585,sdpa_math_fp32,0,fp16,8,32,1024,128,0,80.4089,80.3748,80.8604,1.709,60.1,oracle_not_speed_baseline;run=2026-09-03T09:13:41Z;clock_lock=585;clock=570-585;iters=100;max_err=1.753e-06 torch_same_dtype_err=1.747e-03 tol=3.494e-03 cap=1e-02
15b83a5,Tesla T4,580.82.07,12.8.93,2.11.0+cu128,2025.1.1.0,555,torch_unfused,0,fp16,8,32,1024,128,0,20.5580,20.0771,22.7490,6.685,117.5,run=2026-09-03T09:13:41Z;clock=unlocked;clock_lock_failed=585;clock=465-585;noisy_clock;iters=100;max_err=1.747e-03 torch_same_dtype_err=1.747e-03 tol=3.494e-03 cap=1e-02
15b83a5,Tesla T4,580.82.07,12.8.93,2.11.0+cu128,2025.1.1.0,,sdpa_flash,0,fp16,8,32,1024,128,1,,,,,,run=2026-09-03T09:13:41Z;backend_refused:Memory efficient kernel not used because: (Triggered internally at /pytorch/aten/src/ATen/native/transformers/cuda/sdp_utils.cpp:986.) | Memory Efficient attention has been runtime disabled. (Triggere
15b83a5,Tesla T4,580.82.07,12.8.93,2.11.0+cu128,2025.1.1.0,,sdpa_cudnn,0,fp16,8,32,1024,128,1,,,,,,run=2026-09-03T09:13:41Z;backend_refused:Memory efficient kernel not used because: (Triggered internally at /pytorch/aten/src/ATen/native/transformers/cuda/sdp_utils.cpp:986.) | Memory Efficient attention has been runtime disabled. (Triggere
15b83a5,Tesla T4,580.82.07,12.8.93,2.11.0+cu128,2025.1.1.0,,flash_attn,0,fp16,8,32,1024,128,1,,,,,,run=2026-09-03T09:13:41Z;backend_refused:not importable: No module named 'flash_attn'
3add37c,Tesla T4,580.82.07,12.8.93,2.11.0+cu128,2025.1.1.0,585,wmma,4,fp16,8,32,1024,128,1,26.2451,26.2272,26.3721,5.237,10.3,flops=full;run=2026-09-03T07:58:48Z;clock_lock=585;iters=100;max_err=7.146e-04 torch_same_dtype_err=2.036e-03 tol=4.073e-03 cap=1e-02
15b83a5,Tesla T4,580.82.07,12.8.93,2.11.0+cu128,2025.1.1.0,585,sdpa_efficient,0,fp16,8,32,1024,128,1,10.9609,10.9474,10.9728,6.270,24.6,run=2026-09-03T09:13:41Z;flops=causal_half;clock_lock=585;iters=100;max_err=7.146e-04 torch_same_dtype_err=2.036e-03 tol=4.073e-03 cap=1e-02
15b83a5,Tesla T4,580.82.07,12.8.93,2.11.0+cu128,2025.1.1.0,585,sdpa_math_fp32,0,fp16,8,32,1024,128,1,93.2117,93.1982,93.2231,1.474,51.8,oracle_not_speed_baseline;run=2026-09-03T09:13:41Z;flops=full;clock_lock=585;iters=100;max_err=1.211e-06 torch_same_dtype_err=2.036e-03 tol=4.073e-03 cap=1e-02
15b83a5,Tesla T4,580.82.07,12.8.93,2.11.0+cu128,2025.1.1.0,585,torch_unfused,0,fp16,8,32,1024,128,1,34.2819,34.2671,34.2958,4.009,70.5,run=2026-09-03T09:13:41Z;flops=full;clock_lock=585;iters=100;max_err=2.036e-03 torch_same_dtype_err=2.036e-03 tol=4.073e-03 cap=1e-02
15b83a5,Tesla T4,580.82.07,12.8.93,2.11.0+cu128,2025.1.1.0,,sdpa_flash,0,fp16,1,8,2048,64,0,,,,,,run=2026-09-03T09:13:41Z;backend_refused:Memory efficient kernel not used because: (Triggered internally at /pytorch/aten/src/ATen/native/transformers/cuda/sdp_utils.cpp:986.) | Memory Efficient attention has been runtime disabled. (Triggere
15b83a5,Tesla T4,580.82.07,12.8.93,2.11.0+cu128,2025.1.1.0,,sdpa_cudnn,0,fp16,1,8,2048,64,0,,,,,,run=2026-09-03T09:13:41Z;backend_refused:Memory efficient kernel not used because: (Triggered internally at /pytorch/aten/src/ATen/native/transformers/cuda/sdp_utils.cpp:986.) | Memory Efficient attention has been runtime disabled. (Triggere
15b83a5,Tesla T4,580.82.07,12.8.93,2.11.0+cu128,2025.1.1.0,,flash_attn,0,fp16,1,8,2048,64,0,,,,,,run=2026-09-03T09:13:41Z;backend_refused:not importable: No module named 'flash_attn'
3add37c,Tesla T4,580.82.07,12.8.93,2.11.0+cu128,2025.1.1.0,585,wmma,4,fp16,1,8,2048,64,0,2.1177,2.1095,2.1257,4.056,4.0,run=2026-09-03T07:58:48Z;clock_lock=585;iters=235;max_err=8.184e-05 torch_same_dtype_err=2.620e-04 tol=5.249e-04 cap=1e-02
15b83a5,Tesla T4,580.82.07,12.8.93,2.11.0+cu128,2025.1.1.0,585,sdpa_efficient,0,fp16,1,8,2048,64,0,1.4117,1.4080,1.4159,6.085,6.0,run=2026-09-03T09:13:41Z;clock_lock=585;iters=348;max_err=8.184e-05 torch_same_dtype_err=2.620e-04 tol=5.249e-04 cap=1e-02
15b83a5,Tesla T4,580.82.07,12.8.93,2.11.0+cu128,2025.1.1.0,585,sdpa_math_fp32,0,fp16,1,8,2048,64,0,7.2959,7.2874,7.3016,1.177,75.9,oracle_not_speed_baseline;run=2026-09-03T09:13:41Z;clock_lock=585;iters=100;max_err=3.927e-07 torch_same_dtype_err=2.620e-04 tol=5.249e-04 cap=1e-02
15b83a5,Tesla T4,580.82.07,12.8.93,2.11.0+cu128,2025.1.1.0,585,torch_unfused,0,fp16,1,8,2048,64,0,2.5170,2.4998,2.5249,3.413,110.0,run=2026-09-03T09:13:41Z;clock_lock=585;iters=195;max_err=2.620e-04 torch_same_dtype_err=2.620e-04 tol=5.249e-04 cap=1e-02
15b83a5,Tesla T4,580.82.07,12.8.93,2.11.0+cu128,2025.1.1.0,,sdpa_flash,0,fp16,1,8,2048,64,1,,,,,,run=2026-09-03T09:13:41Z;backend_refused:Memory efficient kernel not used because: (Triggered internally at /pytorch/aten/src/ATen/native/transformers/cuda/sdp_utils.cpp:986.) | Memory Efficient attention has been runtime disabled. (Triggere
15b83a5,Tesla T4,580.82.07,12.8.93,2.11.0+cu128,2025.1.1.0,,sdpa_cudnn,0,fp16,1,8,2048,64,1,,,,,,run=2026-09-03T09:13:41Z;backend_refused:Memory efficient kernel not used because: (Triggered internally at /pytorch/aten/src/ATen/native/transformers/cuda/sdp_utils.cpp:986.) | Memory Efficient attention has been runtime disabled. (Triggere
15b83a5,Tesla T4,580.82.07,12.8.93,2.11.0+cu128,2025.1.1.0,,flash_attn,0,fp16,1,8,2048,64,1,,,,,,run=2026-09-03T09:13:41Z;backend_refused:not importable: No module named 'flash_attn'
3add37c,Tesla T4,580.82.07,12.8.93,2.11.0+cu128,2025.1.1.0,585,wmma,4,fp16,1,8,2048,64,1,1.1988,1.1840,1.2165,7.165,7.1,flops=full;run=2026-09-03T07:58:48Z;clock_lock=585;iters=408;max_err=5.722e-04 torch_same_dtype_err=1.104e-03 tol=2.208e-03 cap=1e-02
15b83a5,Tesla T4,580.82.07,12.8.93,2.11.0+cu128,2025.1.1.0,585,sdpa_efficient,0,fp16,1,8,2048,64,1,0.8274,0.8084,0.8586,5.191,10.2,run=2026-09-03T09:13:41Z;flops=causal_half;clock_lock=585;iters=586;max_err=5.722e-04 torch_same_dtype_err=1.104e-03 tol=2.208e-03 cap=1e-02
15b83a5,Tesla T4,580.82.07,12.8.93,2.11.0+cu128,2025.1.1.0,585,sdpa_math_fp32,0,fp16,1,8,2048,64,1,9.1832,9.1771,9.1894,0.935,60.3,oracle_not_speed_baseline;run=2026-09-03T09:13:41Z;flops=full;clock_lock=585;iters=100;max_err=5.738e-07 torch_same_dtype_err=1.104e-03 tol=2.208e-03 cap=1e-02
15b83a5,Tesla T4,580.82.07,12.8.93,2.11.0+cu128,2025.1.1.0,585,torch_unfused,0,fp16,1,8,2048,64,1,4.4058,4.3903,4.4131,1.950,62.8,run=2026-09-03T09:13:41Z;flops=full;clock_lock=585;iters=113;max_err=1.104e-03 torch_same_dtype_err=1.104e-03 tol=2.208e-03 cap=1e-02
15b83a5,Tesla T4,580.82.07,12.8.93,2.11.0+cu128,2025.1.1.0,,sdpa_flash,0,fp16,8,32,2048,64,0,,,,,,run=2026-09-03T09:13:41Z;backend_refused:Memory efficient kernel not used because: (Triggered internally at /pytorch/aten/src/ATen/native/transformers/cuda/sdp_utils.cpp:986.) | Memory Efficient attention has been runtime disabled. (Triggere
15b83a5,Tesla T4,580.82.07,12.8.93,2.11.0+cu128,2025.1.1.0,,sdpa_cudnn,0,fp16,8,32,2048,64,0,,,,,,run=2026-09-03T09:13:41Z;backend_refused:Memory efficient kernel not used because: (Triggered internally at /pytorch/aten/src/ATen/native/transformers/cuda/sdp_utils.cpp:986.) | Memory Efficient attention has been runtime disabled. (Triggere
15b83a5,Tesla T4,580.82.07,12.8.93,2.11.0+cu128,2025.1.1.0,,flash_attn,0,fp16,8,32,2048,64,0,,,,,,run=2026-09-03T09:13:41Z;backend_refused:not importable: No module named 'flash_attn'
3add37c,Tesla T4,580.82.07,12.8.93,2.11.0+cu128,2025.1.1.0,585,wmma,4,fp16,8,32,2048,64,0,61.6614,61.5504,61.7336,4.458,4.4,run=2026-09-03T07:58:48Z;clock_lock=585;iters=100;max_err=6.872e-05 torch_same_dtype_err=3.375e-04 tol=6.760e-04 cap=1e-02
15b83a5,Tesla T4,580.82.07,12.8.93,2.11.0+cu128,2025.1.1.0,585,sdpa_efficient,0,fp16,8,32,2048,64,0,37.2072,37.1948,37.2195,7.388,7.3,run=2026-09-03T09:13:41Z;clock_lock=585;iters=100;max_err=6.872e-05 torch_same_dtype_err=3.375e-04 tol=6.760e-04 cap=1e-02
15b83a5,Tesla T4,580.82.07,12.8.93,2.11.0+cu128,2025.1.1.0,,sdpa_math_fp32,0,fp16,8,32,2048,64,0,,,,,,oracle_not_speed_baseline;run=2026-09-03T09:13:41Z;oom_by_design
15b83a5,Tesla T4,580.82.07,12.8.93,2.11.0+cu128,2025.1.1.0,,torch_unfused,0,fp16,8,32,2048,64,0,,,,,,run=2026-09-03T09:13:41Z;oom_by_design
15b83a5,Tesla T4,580.82.07,12.8.93,2.11.0+cu128,2025.1.1.0,,sdpa_flash,0,fp16,8,32,2048,64,1,,,,,,run=2026-09-03T09:13:41Z;backend_refused:Memory efficient kernel not used because: (Triggered internally at /pytorch/aten/src/ATen/native/transformers/cuda/sdp_utils.cpp:986.) | Memory Efficient attention has been runtime disabled. (Triggere
15b83a5,Tesla T4,580.82.07,12.8.93,2.11.0+cu128,2025.1.1.0,,sdpa_cudnn,0,fp16,8,32,2048,64,1,,,,,,run=2026-09-03T09:13:41Z;backend_refused:Memory efficient kernel not used because: (Triggered internally at /pytorch/aten/src/ATen/native/transformers/cuda/sdp_utils.cpp:986.) | Memory Efficient attention has been runtime disabled. (Triggere
15b83a5,Tesla T4,580.82.07,12.8.93,2.11.0+cu128,2025.1.1.0,,flash_attn,0,fp16,8,32,2048,64,1,,,,,,run=2026-09-03T09:13:41Z;backend_refused:not importable: No module named 'flash_attn'
3add37c,Tesla T4,580.82.07,12.8.93,2.11.0+cu128,2025.1.1.0,585,wmma,4,fp16,8,32,2048,64,1,33.2729,33.2410,33.3041,8.261,8.1,flops=full;run=2026-09-03T07:58:48Z;clock_lock=585;iters=100;max_err=9.338e-04 torch_same_dtype_err=1.442e-03 tol=2.885e-03 cap=1e-02
15b83a5,Tesla T4,580.82.07,12.8.93,2.11.0+cu128,2025.1.1.0,585,sdpa_efficient,0,fp16,8,32,2048,64,1,19.5840,19.5555,19.6202,7.018,13.8,run=2026-09-03T09:13:41Z;flops=causal_half;clock_lock=585;iters=100;max_err=9.338e-04 torch_same_dtype_err=1.442e-03 tol=2.885e-03 cap=1e-02
15b83a5,Tesla T4,580.82.07,12.8.93,2.11.0+cu128,2025.1.1.0,,sdpa_math_fp32,0,fp16,8,32,2048,64,1,,,,,,oracle_not_speed_baseline;run=2026-09-03T09:13:41Z;oom_by_design
15b83a5,Tesla T4,580.82.07,12.8.93,2.11.0+cu128,2025.1.1.0,,torch_unfused,0,fp16,8,32,2048,64,1,,,,,,run=2026-09-03T09:13:41Z;oom_by_design
15b83a5,Tesla T4,580.82.07,12.8.93,2.11.0+cu128,2025.1.1.0,,sdpa_flash,0,fp16,1,8,2048,128,0,,,,,,run=2026-09-03T09:13:41Z;backend_refused:Memory efficient kernel not used because: (Triggered internally at /pytorch/aten/src/ATen/native/transformers/cuda/sdp_utils.cpp:986.) | Memory Efficient attention has been runtime disabled. (Triggere
15b83a5,Tesla T4,580.82.07,12.8.93,2.11.0+cu128,2025.1.1.0,,sdpa_cudnn,0,fp16,1,8,2048,128,0,,,,,,run=2026-09-03T09:13:41Z;backend_refused:Memory efficient kernel not used because: (Triggered internally at /pytorch/aten/src/ATen/native/transformers/cuda/sdp_utils.cpp:986.) | Memory Efficient attention has been runtime disabled. (Triggere
15b83a5,Tesla T4,580.82.07,12.8.93,2.11.0+cu128,2025.1.1.0,,flash_attn,0,fp16,1,8,2048,128,0,,,,,,run=2026-09-03T09:13:41Z;backend_refused:not importable: No module named 'flash_attn'
3add37c,Tesla T4,580.82.07,12.8.93,2.11.0+cu128,2025.1.1.0,585,wmma,4,fp16,1,8,2048,128,0,5.6401,5.6284,5.6510,3.046,3.0,run=2026-09-03T07:58:48Z;clock_lock=585;iters=100;max_err=7.972e-05 torch_same_dtype_err=3.571e-04 tol=7.151e-04 cap=1e-02
15b83a5,Tesla T4,580.82.07,12.8.93,2.11.0+cu128,2025.1.1.0,585,sdpa_efficient,0,fp16,1,8,2048,128,0,2.6685,2.6348,2.6847,6.438,6.3,run=2026-09-03T09:13:41Z;clock_lock=585;iters=187;max_err=7.972e-05 torch_same_dtype_err=3.571e-04 tol=7.151e-04 cap=1e-02
15b83a5,Tesla T4,580.82.07,12.8.93,2.11.0+cu128,2025.1.1.0,585,sdpa_math_fp32,0,fp16,1,8,2048,128,0,10.2316,10.2236,10.2421,1.679,55.8,oracle_not_speed_baseline;run=2026-09-03T09:13:41Z;clock_lock=585;iters=100;max_err=5.404e-07 torch_same_dtype_err=3.571e-04 tol=7.151e-04 cap=1e-02
15b83a5,Tesla T4,580.82.07,12.8.93,2.11.0+cu128,2025.1.1.0,585,torch_unfused,0,fp16,1,8,2048,128,0,2.7447,2.7259,2.7503,6.259,103.9,run=2026-09-03T09:13:41Z;clock_lock=585;iters=180;max_err=3.501e-04 torch_same_dtype_err=3.571e-04 tol=7.151e-04 cap=1e-02
15b83a5,Tesla T4,580.82.07,12.8.93,2.11.0+cu128,2025.1.1.0,,sdpa_flash,0,fp16,1,8,2048,128,1,,,,,,run=2026-09-03T09:13:41Z;backend_refused:Memory efficient kernel not used because: (Triggered internally at /pytorch/aten/src/ATen/native/transformers/cuda/sdp_utils.cpp:986.) | Memory Efficient attention has been runtime disabled. (Triggere
15b83a5,Tesla T4,580.82.07,12.8.93,2.11.0+cu128,2025.1.1.0,,sdpa_cudnn,0,fp16,1,8,2048,128,1,,,,,,run=2026-09-03T09:13:41Z;backend_refused:Memory efficient kernel not used because: (Triggered internally at /pytorch/aten/src/ATen/native/transformers/cuda/sdp_utils.cpp:986.) | Memory Efficient attention has been runtime disabled. (Triggere
15b83a5,Tesla T4,580.82.07,12.8.93,2.11.0+cu128,2025.1.1.0,,flash_attn,0,fp16,1,8,2048,128,1,,,,,,run=2026-09-03T09:13:41Z;backend_refused:not importable: No module named 'flash_attn'
3add37c,Tesla T4,580.82.07,12.8.93,2.11.0+cu128,2025.1.1.0,585,wmma,4,fp16,1,8,2048,128,1,3.2031,3.1865,3.2207,5.364,5.3,flops=full;run=2026-09-03T07:58:48Z;clock_lock=585;iters=155;max_err=8.884e-04 torch_same_dtype_err=1.194e-03 tol=2.389e-03 cap=1e-02
15b83a5,Tesla T4,580.82.07,12.8.93,2.11.0+cu128,2025.1.1.0,585,sdpa_efficient,0,fp16,1,8,2048,128,1,1.4636,1.4433,1.4856,5.869,11.5,run=2026-09-03T09:13:41Z;flops=causal_half;clock_lock=585;iters=334;max_err=8.884e-04 torch_same_dtype_err=1.194e-03 tol=2.389e-03 cap=1e-02
15b83a5,Tesla T4,580.82.07,12.8.93,2.11.0+cu128,2025.1.1.0,585,sdpa_math_fp32,0,fp16,1,8,2048,128,1,12.1160,12.1102,12.1219,1.418,47.1,oracle_not_speed_baseline;run=2026-09-03T09:13:41Z;flops=full;clock_lock=585;iters=100;max_err=8.942e-07 torch_same_dtype_err=1.194e-03 tol=2.389e-03 cap=1e-02
15b83a5,Tesla T4,580.82.07,12.8.93,2.11.0+cu128,2025.1.1.0,585,torch_unfused,0,fp16,1,8,2048,128,1,4.6326,4.6137,4.6367,3.708,61.6,run=2026-09-03T09:13:41Z;flops=full;clock_lock=585;iters=107;max_err=1.194e-03 torch_same_dtype_err=1.194e-03 tol=2.389e-03 cap=1e-02
15b83a5,Tesla T4,580.82.07,12.8.93,2.11.0+cu128,2025.1.1.0,,sdpa_flash,0,fp16,8,32,2048,128,0,,,,,,run=2026-09-03T09:13:41Z;backend_refused:Memory efficient kernel not used because: (Triggered internally at /pytorch/aten/src/ATen/native/transformers/cuda/sdp_utils.cpp:986.) | Memory Efficient attention has been runtime disabled. (Triggere
15b83a5,Tesla T4,580.82.07,12.8.93,2.11.0+cu128,2025.1.1.0,,sdpa_cudnn,0,fp16,8,32,2048,128,0,,,,,,run=2026-09-03T09:13:41Z;backend_refused:Memory efficient kernel not used because: (Triggered internally at /pytorch/aten/src/ATen/native/transformers/cuda/sdp_utils.cpp:986.) | Memory Efficient attention has been runtime disabled. (Triggere
15b83a5,Tesla T4,580.82.07,12.8.93,2.11.0+cu128,2025.1.1.0,,flash_attn,0,fp16,8,32,2048,128,0,,,,,,run=2026-09-03T09:13:41Z;backend_refused:not importable: No module named 'flash_attn'
3add37c,Tesla T4,580.82.07,12.8.93,2.11.0+cu128,2025.1.1.0,585,wmma,4,fp16,8,32,2048,128,0,176.2843,174.8234,176.3329,3.119,3.1,run=2026-09-03T07:58:48Z;clock_lock=585;iters=100;max_err=8.428e-05 torch_same_dtype_err=4.749e-04 tol=9.508e-04 cap=1e-02
15b83a5,Tesla T4,580.82.07,12.8.93,2.11.0+cu128,2025.1.1.0,585,sdpa_efficient,0,fp16,8,32,2048,128,0,77.5683,77.5248,77.6049,7.087,6.9,run=2026-09-03T09:13:41Z;clock_lock=585;iters=100;max_err=8.428e-05 torch_same_dtype_err=4.749e-04 tol=9.508e-04 cap=1e-02
15b83a5,Tesla T4,580.82.07,12.8.93,2.11.0+cu128,2025.1.1.0,,sdpa_math_fp32,0,fp16,8,32,2048,128,0,,,,,,oracle_not_speed_baseline;run=2026-09-03T09:13:41Z;oom_by_design
15b83a5,Tesla T4,580.82.07,12.8.93,2.11.0+cu128,2025.1.1.0,,torch_unfused,0,fp16,8,32,2048,128,0,,,,,,run=2026-09-03T09:13:41Z;oom_by_design
15b83a5,Tesla T4,580.82.07,12.8.93,2.11.0+cu128,2025.1.1.0,,sdpa_flash,0,fp16,8,32,2048,128,1,,,,,,run=2026-09-03T09:13:41Z;backend_refused:Memory efficient kernel not used because: (Triggered internally at /pytorch/aten/src/ATen/native/transformers/cuda/sdp_utils.cpp:986.) | Memory Efficient attention has been runtime disabled. (Triggere
15b83a5,Tesla T4,580.82.07,12.8.93,2.11.0+cu128,2025.1.1.0,,sdpa_cudnn,0,fp16,8,32,2048,128,1,,,,,,run=2026-09-03T09:13:41Z;backend_refused:Memory efficient kernel not used because: (Triggered internally at /pytorch/aten/src/ATen/native/transformers/cuda/sdp_utils.cpp:986.) | Memory Efficient attention has been runtime disabled. (Triggere
15b83a5,Tesla T4,580.82.07,12.8.93,2.11.0+cu128,2025.1.1.0,,flash_attn,0,fp16,8,32,2048,128,1,,,,,,run=2026-09-03T09:13:41Z;backend_refused:not importable: No module named 'flash_attn'
3add37c,Tesla T4,580.82.07,12.8.93,2.11.0+cu128,2025.1.1.0,585,wmma,4,fp16,8,32,2048,128,1,95.3002,95.0373,95.3179,5.769,5.7,flops=full;run=2026-09-03T07:58:48Z;clock_lock=585;iters=100;max_err=8.673e-04 torch_same_dtype_err=1.652e-03 tol=3.305e-03 cap=1e-02
15b83a5,Tesla T4,580.82.07,12.8.93,2.11.0+cu128,2025.1.1.0,585,sdpa_efficient,0,fp16,8,32,2048,128,1,41.0632,41.0438,41.0836,6.694,13.1,run=2026-09-03T09:13:41Z;flops=causal_half;clock_lock=585;iters=100;max_err=8.673e-04 torch_same_dtype_err=1.652e-03 tol=3.305e-03 cap=1e-02
15b83a5,Tesla T4,580.82.07,12.8.93,2.11.0+cu128,2025.1.1.0,,sdpa_math_fp32,0,fp16,8,32,2048,128,1,,,,,,oracle_not_speed_baseline;run=2026-09-03T09:13:41Z;oom_by_design
15b83a5,Tesla T4,580.82.07,12.8.93,2.11.0+cu128,2025.1.1.0,,torch_unfused,0,fp16,8,32,2048,128,1,,,,,,run=2026-09-03T09:13:41Z;oom_by_design
15b83a5,Tesla T4,580.82.07,12.8.93,2.11.0+cu128,2025.1.1.0,,sdpa_flash,0,fp16,1,8,4096,64,0,,,,,,run=2026-09-03T09:13:41Z;backend_refused:Memory efficient kernel not used because: (Triggered internally at /pytorch/aten/src/ATen/native/transformers/cuda/sdp_utils.cpp:986.) | Memory Efficient attention has been runtime disabled. (Triggere
15b83a5,Tesla T4,580.82.07,12.8.93,2.11.0+cu128,2025.1.1.0,,sdpa_cudnn,0,fp16,1,8,4096,64,0,,,,,,run=2026-09-03T09:13:41Z;backend_refused:Memory efficient kernel not used because: (Triggered internally at /pytorch/aten/src/ATen/native/transformers/cuda/sdp_utils.cpp:986.) | Memory Efficient attention has been runtime disabled. (Triggere
15b83a5,Tesla T4,580.82.07,12.8.93,2.11.0+cu128,2025.1.1.0,,flash_attn,0,fp16,1,8,4096,64,0,,,,,,run=2026-09-03T09:13:41Z;backend_refused:not importable: No module named 'flash_attn'
3add37c,Tesla T4,580.82.07,12.8.93,2.11.0+cu128,2025.1.1.0,585,wmma,4,fp16,1,8,4096,64,0,7.3052,7.2945,7.3174,4.703,2.3,run=2026-09-03T07:58:48Z;clock_lock=585;iters=100;max_err=5.563e-05 torch_same_dtype_err=2.554e-04 tol=5.119e-04 cap=1e-02
15b83a5,Tesla T4,580.82.07,12.8.93,2.11.0+cu128,2025.1.1.0,585,sdpa_efficient,0,fp16,1,8,4096,64,0,4.9077,4.9014,4.9151,7.001,3.4,run=2026-09-03T09:13:41Z;clock_lock=585;iters=102;max_err=5.563e-05 torch_same_dtype_err=2.554e-04 tol=5.119e-04 cap=1e-02
15b83a5,Tesla T4,580.82.07,12.8.93,2.11.0+cu128,2025.1.1.0,585,sdpa_math_fp32,0,fp16,1,8,4096,64,0,30.0102,29.9930,31.5185,1.145,72.7,oracle_not_speed_baseline;run=2026-09-03T09:13:41Z;clock=unlocked;clock_lock_failed=585;clock=495-585;noisy_clock;iters=100;max_err=3.483e-07 torch_same_dtype_err=2.554e-04 tol=5.119e-04 cap=1e-02
15b83a5,Tesla T4,580.82.07,12.8.93,2.11.0+cu128,2025.1.1.0,585,torch_unfused,0,fp16,1,8,4096,64,0,13.7199,13.7169,13.7243,2.504,79.5,run=2026-09-03T09:13:41Z;clock_lock=585;iters=100;max_err=2.554e-04 torch_same_dtype_err=2.554e-04 tol=5.119e-04 cap=1e-02
15b83a5,Tesla T4,580.82.07,12.8.93,2.11.0+cu128,2025.1.1.0,,sdpa_flash,0,fp16,1,8,4096,64,1,,,,,,run=2026-09-03T09:13:41Z;backend_refused:Memory efficient kernel not used because: (Triggered internally at /pytorch/aten/src/ATen/native/transformers/cuda/sdp_utils.cpp:986.) | Memory Efficient attention has been runtime disabled. (Triggere
15b83a5,Tesla T4,580.82.07,12.8.93,2.11.0+cu128,2025.1.1.0,,sdpa_cudnn,0,fp16,1,8,4096,64,1,,,,,,run=2026-09-03T09:13:41Z;backend_refused:Memory efficient kernel not used because: (Triggered internally at /pytorch/aten/src/ATen/native/transformers/cuda/sdp_utils.cpp:986.) | Memory Efficient attention has been runtime disabled. (Triggere
15b83a5,Tesla T4,580.82.07,12.8.93,2.11.0+cu128,2025.1.1.0,,flash_attn,0,fp16,1,8,4096,64,1,,,,,,run=2026-09-03T09:13:41Z;backend_refused:not importable: No module named 'flash_attn'
3add37c,Tesla T4,580.82.07,12.8.93,2.11.0+cu128,2025.1.1.0,585,wmma,4,fp16,1,8,4096,64,1,4.1023,4.0715,4.1223,8.376,4.1,flops=full;run=2026-09-03T07:58:48Z;clock_lock=585;iters=122;max_err=8.165e-04 torch_same_dtype_err=1.137e-03 tol=2.274e-03 cap=1e-02
15b83a5,Tesla T4,580.82.07,12.8.93,2.11.0+cu128,2025.1.1.0,585,sdpa_efficient,0,fp16,1,8,4096,64,1,2.7783,2.7238,2.8376,6.184,6.1,run=2026-09-03T09:13:41Z;flops=causal_half;clock_lock=585;iters=176;max_err=8.165e-04 torch_same_dtype_err=1.137e-03 tol=2.274e-03 cap=1e-02
15b83a5,Tesla T4,580.82.07,12.8.93,2.11.0+cu128,2025.1.1.0,585,sdpa_math_fp32,0,fp16,1,8,4096,64,1,38.3016,38.2934,38.3122,0.897,56.9,oracle_not_speed_baseline;run=2026-09-03T09:13:41Z;flops=full;clock_lock=585;iters=100;max_err=8.143e-07 torch_same_dtype_err=1.137e-03 tol=2.274e-03 cap=1e-02
15b83a5,Tesla T4,580.82.07,12.8.93,2.11.0+cu128,2025.1.1.0,585,torch_unfused,0,fp16,1,8,4096,64,1,21.0445,21.0390,21.0490,1.633,51.8,run=2026-09-03T09:13:41Z;flops=full;clock_lock=585;iters=100;max_err=1.137e-03 torch_same_dtype_err=1.137e-03 tol=2.274e-03 cap=1e-02
15b83a5,Tesla T4,580.82.07,12.8.93,2.11.0+cu128,2025.1.1.0,,sdpa_flash,0,fp16,8,32,4096,64,0,,,,,,run=2026-09-03T09:13:41Z;backend_refused:Memory efficient kernel not used because: (Triggered internally at /pytorch/aten/src/ATen/native/transformers/cuda/sdp_utils.cpp:986.) | Memory Efficient attention has been runtime disabled. (Triggere
15b83a5,Tesla T4,580.82.07,12.8.93,2.11.0+cu128,2025.1.1.0,,sdpa_cudnn,0,fp16,8,32,4096,64,0,,,,,,run=2026-09-03T09:13:41Z;backend_refused:Memory efficient kernel not used because: (Triggered internally at /pytorch/aten/src/ATen/native/transformers/cuda/sdp_utils.cpp:986.) | Memory Efficient attention has been runtime disabled. (Triggere
15b83a5,Tesla T4,580.82.07,12.8.93,2.11.0+cu128,2025.1.1.0,,flash_attn,0,fp16,8,32,4096,64,0,,,,,,run=2026-09-03T09:13:41Z;backend_refused:not importable: No module named 'flash_attn'
3add37c,Tesla T4,580.82.07,12.8.93,2.11.0+cu128,2025.1.1.0,585,wmma,4,fp16,8,32,4096,64,0,228.9739,228.7708,229.2207,4.802,2.4,run=2026-09-03T07:58:48Z;clock_lock=585;iters=100;max_err=6.683e-05 torch_same_dtype_err=2.613e-04 tol=5.236e-04 cap=1e-02
15b83a5,Tesla T4,580.82.07,12.8.93,2.11.0+cu128,2025.1.1.0,585,sdpa_efficient,0,fp16,8,32,4096,64,0,147.2034,147.1811,147.2290,7.469,3.7,run=2026-09-03T09:13:41Z;clock_lock=585;iters=100;max_err=6.683e-05 torch_same_dtype_err=2.613e-04 tol=5.236e-04 cap=1e-02
15b83a5,Tesla T4,580.82.07,12.8.93,2.11.0+cu128,2025.1.1.0,,sdpa_math_fp32,0,fp16,8,32,4096,64,0,,,,,,oracle_not_speed_baseline;run=2026-09-03T09:13:41Z;oom_by_design
15b83a5,Tesla T4,580.82.07,12.8.93,2.11.0+cu128,2025.1.1.0,,torch_unfused,0,fp16,8,32,4096,64,0,,,,,,run=2026-09-03T09:13:41Z;oom_by_design
15b83a5,Tesla T4,580.82.07,12.8.93,2.11.0+cu128,2025.1.1.0,,sdpa_flash,0,fp16,8,32,4096,64,1,,,,,,run=2026-09-03T09:13:41Z;backend_refused:Memory efficient kernel not used because: (Triggered internally at /pytorch/aten/src/ATen/native/transformers/cuda/sdp_utils.cpp:986.) | Memory Efficient attention has been runtime disabled. (Triggere
15b83a5,Tesla T4,580.82.07,12.8.93,2.11.0+cu128,2025.1.1.0,,sdpa_cudnn,0,fp16,8,32,4096,64,1,,,,,,run=2026-09-03T09:13:41Z;backend_refused:Memory efficient kernel not used because: (Triggered internally at /pytorch/aten/src/ATen/native/transformers/cuda/sdp_utils.cpp:986.) | Memory Efficient attention has been runtime disabled. (Triggere
15b83a5,Tesla T4,580.82.07,12.8.93,2.11.0+cu128,2025.1.1.0,,flash_attn,0,fp16,8,32,4096,64,1,,,,,,run=2026-09-03T09:13:41Z;backend_refused:not importable: No module named 'flash_attn'
3add37c,Tesla T4,580.82.07,12.8.93,2.11.0+cu128,2025.1.1.0,585,wmma,4,fp16,8,32,4096,64,1,122.2204,122.0430,122.2643,8.996,4.4,flops=full;run=2026-09-03T07:58:48Z;clock_lock=585;iters=100;max_err=8.677e-04 torch_same_dtype_err=1.263e-03 tol=2.527e-03 cap=1e-02
15b83a5,Tesla T4,580.82.07,12.8.93,2.11.0+cu128,2025.1.1.0,585,sdpa_efficient,0,fp16,8,32,4096,64,1,75.5982,75.5526,75.6572,7.272,7.2,run=2026-09-03T09:13:41Z;flops=causal_half;clock_lock=585;iters=100;max_err=8.677e-04 torch_same_dtype_err=1.263e-03 tol=2.527e-03 cap=1e-02
15b83a5,Tesla T4,580.82.07,12.8.93,2.11.0+cu128,2025.1.1.0,,sdpa_math_fp32,0,fp16,8,32,4096,64,1,,,,,,oracle_not_speed_baseline;run=2026-09-03T09:13:41Z;oom_by_design
15b83a5,Tesla T4,580.82.07,12.8.93,2.11.0+cu128,2025.1.1.0,,torch_unfused,0,fp16,8,32,4096,64,1,,,,,,run=2026-09-03T09:13:41Z;oom_by_design
15b83a5,Tesla T4,580.82.07,12.8.93,2.11.0+cu128,2025.1.1.0,,sdpa_flash,0,fp16,1,8,4096,128,0,,,,,,run=2026-09-03T09:13:41Z;backend_refused:Memory efficient kernel not used because: (Triggered internally at /pytorch/aten/src/ATen/native/transformers/cuda/sdp_utils.cpp:986.) | Memory Efficient attention has been runtime disabled. (Triggere
15b83a5,Tesla T4,580.82.07,12.8.93,2.11.0+cu128,2025.1.1.0,,sdpa_cudnn,0,fp16,1,8,4096,128,0,,,,,,run=2026-09-03T09:13:41Z;backend_refused:Memory efficient kernel not used because: (Triggered internally at /pytorch/aten/src/ATen/native/transformers/cuda/sdp_utils.cpp:986.) | Memory Efficient attention has been runtime disabled. (Triggere
15b83a5,Tesla T4,580.82.07,12.8.93,2.11.0+cu128,2025.1.1.0,,flash_attn,0,fp16,1,8,4096,128,0,,,,,,run=2026-09-03T09:13:41Z;backend_refused:not importable: No module named 'flash_attn'
3add37c,Tesla T4,580.82.07,12.8.93,2.11.0+cu128,2025.1.1.0,585,wmma,4,fp16,1,8,4096,128,0,20.6935,20.5332,20.7063,3.321,1.6,run=2026-09-03T07:58:48Z;clock_lock=585;iters=100;max_err=6.341e-05 torch_same_dtype_err=2.946e-04 tol=5.902e-04 cap=1e-02
15b83a5,Tesla T4,580.82.07,12.8.93,2.11.0+cu128,2025.1.1.0,585,sdpa_efficient,0,fp16,1,8,4096,128,0,9.8674,9.8477,9.8865,6.964,3.4,run=2026-09-03T09:13:41Z;clock_lock=585;iters=100;max_err=5.866e-05 torch_same_dtype_err=2.946e-04 tol=5.902e-04 cap=1e-02
15b83a5,Tesla T4,580.82.07,12.8.93,2.11.0+cu128,2025.1.1.0,585,sdpa_math_fp32,0,fp16,1,8,4096,128,0,41.5014,41.4863,43.3554,1.656,53.4,oracle_not_speed_baseline;run=2026-09-03T09:13:41Z;clock=unlocked;clock_lock_failed=585;clock=525-585;noisy_clock;iters=100;max_err=3.726e-07 torch_same_dtype_err=2.946e-04 tol=5.902e-04 cap=1e-02
15b83a5,Tesla T4,580.82.07,12.8.93,2.11.0+cu128,2025.1.1.0,585,torch_unfused,0,fp16,1,8,4096,128,0,14.6121,14.6027,14.6186,4.703,75.8,run=2026-09-03T09:13:41Z;clock_lock=585;iters=100;max_err=2.946e-04 torch_same_dtype_err=2.946e-04 tol=5.902e-04 cap=1e-02
15b83a5,Tesla T4,580.82.07,12.8.93,2.11.0+cu128,2025.1.1.0,,sdpa_flash,0,fp16,1,8,4096,128,1,,,,,,run=2026-09-03T09:13:41Z;backend_refused:Memory efficient kernel not used because: (Triggered internally at /pytorch/aten/src/ATen/native/transformers/cuda/sdp_utils.cpp:986.) | Memory Efficient attention has been runtime disabled. (Triggere
15b83a5,Tesla T4,580.82.07,12.8.93,2.11.0+cu128,2025.1.1.0,,sdpa_cudnn,0,fp16,1,8,4096,128,1,,,,,,run=2026-09-03T09:13:41Z;backend_refused:Memory efficient kernel not used because: (Triggered internally at /pytorch/aten/src/ATen/native/transformers/cuda/sdp_utils.cpp:986.) | Memory Efficient attention has been runtime disabled. (Triggere
15b83a5,Tesla T4,580.82.07,12.8.93,2.11.0+cu128,2025.1.1.0,,flash_attn,0,fp16,1,8,4096,128,1,,,,,,run=2026-09-03T09:13:41Z;backend_refused:not importable: No module named 'flash_attn'
3add37c,Tesla T4,580.82.07,12.8.93,2.11.0+cu128,2025.1.1.0,585,wmma,4,fp16,1,8,4096,128,1,11.1093,11.0905,11.1355,6.186,3.0,flops=full;run=2026-09-03T07:58:48Z;clock_lock=585;iters=100;max_err=7.683e-04 torch_same_dtype_err=1.785e-03 tol=3.570e-03 cap=1e-02
15b83a5,Tesla T4,580.82.07,12.8.93,2.11.0+cu128,2025.1.1.0,585,sdpa_efficient,0,fp16,1,8,4096,128,1,5.2735,5.2427,5.3114,6.516,6.4,run=2026-09-03T09:13:41Z;flops=causal_half;clock_lock=585;iters=100;max_err=7.683e-04 torch_same_dtype_err=1.785e-03 tol=3.570e-03 cap=1e-02
15b83a5,Tesla T4,580.82.07,12.8.93,2.11.0+cu128,2025.1.1.0,585,sdpa_math_fp32,0,fp16,1,8,4096,128,1,49.8128,49.7993,49.8223,1.380,44.5,oracle_not_speed_baseline;run=2026-09-03T09:13:41Z;flops=full;clock_lock=585;iters=100;max_err=1.089e-06 torch_same_dtype_err=1.785e-03 tol=3.570e-03 cap=1e-02
15b83a5,Tesla T4,580.82.07,12.8.93,2.11.0+cu128,2025.1.1.0,585,torch_unfused,0,fp16,1,8,4096,128,1,21.9464,21.9342,21.9545,3.131,50.5,run=2026-09-03T09:13:41Z;flops=full;clock_lock=585;iters=100;max_err=1.785e-03 torch_same_dtype_err=1.785e-03 tol=3.570e-03 cap=1e-02
15b83a5,Tesla T4,580.82.07,12.8.93,2.11.0+cu128,2025.1.1.0,,sdpa_flash,0,fp16,8,32,4096,128,0,,,,,,run=2026-09-03T09:13:41Z;backend_refused:Memory efficient kernel not used because: (Triggered internally at /pytorch/aten/src/ATen/native/transformers/cuda/sdp_utils.cpp:986.) | Memory Efficient attention has been runtime disabled. (Triggere
15b83a5,Tesla T4,580.82.07,12.8.93,2.11.0+cu128,2025.1.1.0,,sdpa_cudnn,0,fp16,8,32,4096,128,0,,,,,,run=2026-09-03T09:13:41Z;backend_refused:Memory efficient kernel not used because: (Triggered internally at /pytorch/aten/src/ATen/native/transformers/cuda/sdp_utils.cpp:986.) | Memory Efficient attention has been runtime disabled. (Triggere
15b83a5,Tesla T4,580.82.07,12.8.93,2.11.0+cu128,2025.1.1.0,,flash_attn,0,fp16,8,32,4096,128,0,,,,,,run=2026-09-03T09:13:41Z;backend_refused:not importable: No module named 'flash_attn'
3add37c,Tesla T4,580.82.07,12.8.93,2.11.0+cu128,2025.1.1.0,585,wmma,4,fp16,8,32,4096,128,0,647.3331,645.9821,649.4621,3.397,1.7,run=2026-09-03T07:58:48Z;clock_lock=585;iters=100;max_err=5.097e-05 torch_same_dtype_err=1.775e-04 tol=3.561e-04 cap=1e-02
15b83a5,Tesla T4,580.82.07,12.8.93,2.11.0+cu128,2025.1.1.0,585,sdpa_efficient,0,fp16,8,32,4096,128,0,308.0813,307.9711,308.1898,7.138,3.5,run=2026-09-03T09:13:41Z;clock_lock=585;iters=100;max_err=5.097e-05 torch_same_dtype_err=1.775e-04 tol=3.561e-04 cap=1e-02
15b83a5,Tesla T4,580.82.07,12.8.93,2.11.0+cu128,2025.1.1.0,,sdpa_math_fp32,0,fp16,8,32,4096,128,0,,,,,,oracle_not_speed_baseline;run=2026-09-03T09:13:41Z;oom_by_design
15b83a5,Tesla T4,580.82.07,12.8.93,2.11.0+cu128,2025.1.1.0,,torch_unfused,0,fp16,8,32,4096,128,0,,,,,,run=2026-09-03T09:13:41Z;oom_by_design
15b83a5,Tesla T4,580.82.07,12.8.93,2.11.0+cu128,2025.1.1.0,,sdpa_flash,0,fp16,8,32,4096,128,1,,,,,,run=2026-09-03T09:13:41Z;backend_refused:Memory efficient kernel not used because: (Triggered internally at /pytorch/aten/src/ATen/native/transformers/cuda/sdp_utils.cpp:986.) | Memory Efficient attention has been runtime disabled. (Triggere
15b83a5,Tesla T4,580.82.07,12.8.93,2.11.0+cu128,2025.1.1.0,,sdpa_cudnn,0,fp16,8,32,4096,128,1,,,,,,run=2026-09-03T09:13:41Z;backend_refused:Memory efficient kernel not used because: (Triggered internally at /pytorch/aten/src/ATen/native/transformers/cuda/sdp_utils.cpp:986.) | Memory Efficient attention has been runtime disabled. (Triggere
15b83a5,Tesla T4,580.82.07,12.8.93,2.11.0+cu128,2025.1.1.0,,flash_attn,0,fp16,8,32,4096,128,1,,,,,,run=2026-09-03T09:13:41Z;backend_refused:not importable: No module named 'flash_attn'
3add37c,Tesla T4,580.82.07,12.8.93,2.11.0+cu128,2025.1.1.0,585,wmma,4,fp16,8,32,4096,128,1,346.7789,344.1849,347.6578,6.341,3.1,flops=full;run=2026-09-03T07:58:48Z;clock_lock=585;iters=100;max_err=9.331e-04 torch_same_dtype_err=1.609e-03 tol=3.218e-03 cap=1e-02
15b83a5,Tesla T4,580.82.07,12.8.93,2.11.0+cu128,2025.1.1.0,585,sdpa_efficient,0,fp16,8,32,4096,128,1,158.5924,158.5487,158.6482,6.933,6.8,run=2026-09-03T09:13:41Z;flops=causal_half;clock_lock=585;iters=100;max_err=9.331e-04 torch_same_dtype_err=1.609e-03 tol=3.218e-03 cap=1e-02
15b83a5,Tesla T4,580.82.07,12.8.93,2.11.0+cu128,2025.1.1.0,,sdpa_math_fp32,0,fp16,8,32,4096,128,1,,,,,,oracle_not_speed_baseline;run=2026-09-03T09:13:41Z;oom_by_design
15b83a5,Tesla T4,580.82.07,12.8.93,2.11.0+cu128,2025.1.1.0,,torch_unfused,0,fp16,8,32,4096,128,1,,,,,,run=2026-09-03T09:13:41Z;oom_by_design
d835758,Tesla T4,580.82.07,12.8.93,2.11.0+cu128,2025.1.1.0,585,tuned,5,fp16,2,8,2048,64,0,3.6286,3.6211,3.6403,4.735,4.7,run=2026-09-03T08:17:02Z;clock_lock=585;iters=137;max_err=1.216e-04 torch_same_dtype_err=2.687e-04 tol=5.385e-04 cap=1e-02
d835758,Tesla T4,580.82.07,12.8.93,2.11.0+cu128,2025.1.1.0,585,tuned,5,fp16,2,8,2048,128,0,9.8732,9.8482,9.9042,3.480,3.4,run=2026-09-03T08:17:02Z;clock_lock=585;iters=100;max_err=7.863e-05 torch_same_dtype_err=5.256e-04 tol=1.052e-03 cap=1e-02
15b83a5,Tesla T4,580.82.07,12.8.93,2.11.0+cu128,2025.1.1.0,585,tuned,5,fp16,1,8,128,64,0,0.0255,0.0247,0.0263,1.316,20.7,run=2026-09-03T09:13:41Z;clock_lock=585;iters=1000;max_err=2.848e-04 torch_same_dtype_err=6.489e-04 tol=1.299e-03 cap=1e-02
15b83a5,Tesla T4,580.82.07,12.8.93,2.11.0+cu128,2025.1.1.0,585,tuned,5,fp16,1,8,128,64,1,0.0261,0.0252,0.0266,0.643,20.2,run=2026-09-03T09:13:41Z;flops=causal_half;clock_lock=585;iters=1000;max_err=9.831e-04 torch_same_dtype_err=1.635e-03 tol=3.271e-03 cap=1e-02
15b83a5,Tesla T4,580.82.07,12.8.93,2.11.0+cu128,2025.1.1.0,585,tuned,5,fp16,8,32,128,64,0,0.3074,0.3072,0.3086,3.493,55.0,run=2026-09-03T09:13:41Z;clock_lock=585;iters=1000;max_err=2.577e-04 torch_same_dtype_err=8.056e-04 tol=1.612e-03 cap=1e-02
15b83a5,Tesla T4,580.82.07,12.8.93,2.11.0+cu128,2025.1.1.0,585,tuned,5,fp16,8,32,128,64,1,0.2534,0.2519,0.2548,2.119,66.7,run=2026-09-03T09:13:41Z;flops=causal_half;clock_lock=585;iters=1000;max_err=8.584e-04 torch_same_dtype_err=1.137e-03 tol=2.274e-03 cap=1e-02
15b83a5,Tesla T4,580.82.07,12.8.93,2.11.0+cu128,2025.1.1.0,585,tuned,5,fp16,1,8,128,128,0,0.0620,0.0614,0.0630,1.083,17.0,run=2026-09-03T09:13:41Z;clock_lock=585;iters=1000;max_err=2.528e-04 torch_same_dtype_err=7.005e-04 tol=1.402e-03 cap=1e-02
15b83a5,Tesla T4,580.82.07,12.8.93,2.11.0+cu128,2025.1.1.0,585,tuned,5,fp16,1,8,128,128,1,0.0576,0.0573,0.0586,0.582,18.3,run=2026-09-03T09:13:41Z;flops=causal_half;clock_lock=585;iters=1000;max_err=9.737e-04 torch_same_dtype_err=1.610e-03 tol=3.221e-03 cap=1e-02
15b83a5,Tesla T4,580.82.07,12.8.93,2.11.0+cu128,2025.1.1.0,585,tuned,5,fp16,8,32,128,128,0,1.0470,1.0429,1.0527,2.051,32.2,run=2026-09-03T09:13:41Z;clock_lock=585;iters=472;max_err=2.603e-04 torch_same_dtype_err=1.087e-03 tol=2.174e-03 cap=1e-02
15b83a5,Tesla T4,580.82.07,12.8.93,2.11.0+cu128,2025.1.1.0,585,tuned,5,fp16,8,32,128,128,1,0.6861,0.6800,0.6911,1.565,49.1,run=2026-09-03T09:13:41Z;flops=causal_half;clock_lock=585;iters=703;max_err=9.796e-04 torch_same_dtype_err=1.244e-03 tol=2.489e-03 cap=1e-02
15b83a5,Tesla T4,580.82.07,12.8.93,2.11.0+cu128,2025.1.1.0,585,tuned,5,fp16,1,8,256,64,0,0.0517,0.0512,0.0528,2.594,20.4,run=2026-09-03T09:13:41Z;clock_lock=585;iters=1000;max_err=2.347e-04 torch_same_dtype_err=7.485e-04 tol=1.498e-03 cap=1e-02
15b83a5,Tesla T4,580.82.07,12.8.93,2.11.0+cu128,2025.1.1.0,585,tuned,5,fp16,1,8,256,64,1,0.0514,0.0512,0.0526,1.305,20.6,run=2026-09-03T09:13:41Z;flops=causal_half;clock_lock=585;iters=1000;max_err=9.831e-04 torch_same_dtype_err=1.238e-03 tol=2.476e-03 cap=1e-02
15b83a5,Tesla T4,580.82.07,12.8.93,2.11.0+cu128,2025.1.1.0,585,tuned,5,fp16,8,32,256,64,0,1.1232,1.1087,1.1305,3.824,30.1,run=2026-09-03T09:13:41Z;clock_lock=585;iters=444;max_err=2.471e-04 torch_same_dtype_err=6.226e-04 tol=1.246e-03 cap=1e-02
15b83a5,Tesla T4,580.82.07,12.8.93,2.11.0+cu128,2025.1.1.0,585,tuned,5,fp16,8,32,256,64,1,0.7337,0.7311,0.7380,2.927,46.1,run=2026-09-03T09:13:41Z;flops=causal_half;clock_lock=585;iters=670;max_err=9.275e-04 torch_same_dtype_err=1.340e-03 tol=2.681e-03 cap=1e-02
15b83a5,Tesla T4,580.82.07,12.8.93,2.11.0+cu128,2025.1.1.0,585,tuned,5,fp16,1,8,256,128,0,0.1577,0.1561,0.1598,1.702,13.3,run=2026-09-03T09:13:41Z;clock_lock=585;iters=1000;max_err=1.780e-04 torch_same_dtype_err=5.492e-04 tol=1.099e-03 cap=1e-02
15b83a5,Tesla T4,580.82.07,12.8.93,2.11.0+cu128,2025.1.1.0,585,tuned,5,fp16,1,8,256,128,1,0.1476,0.1451,0.1496,0.910,14.3,run=2026-09-03T09:13:41Z;flops=causal_half;clock_lock=585;iters=1000;max_err=8.906e-04 torch_same_dtype_err=1.403e-03 tol=2.806e-03 cap=1e-02
15b83a5,Tesla T4,580.82.07,12.8.93,2.11.0+cu128,2025.1.1.0,585,tuned,5,fp16,8,32,256,128,0,3.6515,3.6451,3.6576,2.352,18.5,run=2026-09-03T09:13:41Z;clock_lock=585;iters=136;max_err=2.420e-04 torch_same_dtype_err=1.056e-03 tol=2.112e-03 cap=1e-02
15b83a5,Tesla T4,580.82.07,12.8.93,2.11.0+cu128,2025.1.1.0,585,tuned,5,fp16,8,32,256,128,1,2.2077,2.1938,2.2211,1.945,30.5,run=2026-09-03T09:13:41Z;flops=causal_half;clock_lock=585;iters=225;max_err=9.004e-04 torch_same_dtype_err=1.205e-03 tol=2.410e-03 cap=1e-02
15b83a5,Tesla T4,580.82.07,12.8.93,2.11.0+cu128,2025.1.1.0,585,tuned,5,fp16,1,8,512,64,0,0.1730,0.1720,0.1741,3.103,12.2,run=2026-09-03T09:13:41Z;clock_lock=585;iters=1000;max_err=1.311e-04 torch_same_dtype_err=5.971e-04 tol=1.195e-03 cap=1e-02
15b83a5,Tesla T4,580.82.07,12.8.93,2.11.0+cu128,2025.1.1.0,585,tuned,5,fp16,1,8,512,64,1,0.1167,0.1156,0.1179,2.300,18.1,run=2026-09-03T09:13:41Z;flops=causal_half;clock_lock=585;iters=1000;max_err=8.069e-04 torch_same_dtype_err=1.529e-03 tol=3.059e-03 cap=1e-02
15b83a5,Tesla T4,580.82.07,12.8.93,2.11.0+cu128,2025.1.1.0,585,tuned,5,fp16,8,32,512,64,0,4.1923,4.1843,4.1979,4.098,16.1,run=2026-09-03T09:13:41Z;clock_lock=585;iters=119;max_err=1.606e-04 torch_same_dtype_err=4.760e-04 tol=9.531e-04 cap=1e-02
15b83a5,Tesla T4,580.82.07,12.8.93,2.11.0+cu128,2025.1.1.0,585,tuned,5,fp16,8,32,512,64,1,2.4195,2.4146,2.4269,3.550,28.0,run=2026-09-03T09:13:41Z;flops=causal_half;clock_lock=585;iters=206;max_err=7.997e-04 torch_same_dtype_err=1.104e-03 tol=2.209e-03 cap=1e-02
15b83a5,Tesla T4,580.82.07,12.8.93,2.11.0+cu128,2025.1.1.0,585,tuned,5,fp16,1,8,512,128,0,0.4937,0.4895,0.4997,2.175,8.5,run=2026-09-03T09:13:41Z;clock_lock=585;iters=990;max_err=1.932e-04 torch_same_dtype_err=6.272e-04 tol=1.255e-03 cap=1e-02
15b83a5,Tesla T4,580.82.07,12.8.93,2.11.0+cu128,2025.1.1.0,585,tuned,5,fp16,1,8,512,128,1,0.3343,0.3252,0.3477,1.606,12.6,run=2026-09-03T09:13:41Z;flops=causal_half;clock_lock=585;iters=1000;max_err=7.976e-04 torch_same_dtype_err=1.713e-03 tol=3.427e-03 cap=1e-02
15b83a5,Tesla T4,580.82.07,12.8.93,2.11.0+cu128,2025.1.1.0,585,tuned,5,fp16,8,32,512,128,0,12.2846,12.2694,12.3086,2.797,11.0,run=2026-09-03T09:13:41Z;clock_lock=585;iters=100;max_err=1.400e-04 torch_same_dtype_err=8.661e-04 tol=1.733e-03 cap=1e-02
15b83a5,Tesla T4,580.82.07,12.8.93,2.11.0+cu128,2025.1.1.0,585,tuned,5,fp16,8,32,512,128,1,7.2735,7.2589,7.2950,2.362,18.5,run=2026-09-03T09:13:41Z;flops=causal_half;clock_lock=585;iters=100;max_err=9.710e-04 torch_same_dtype_err=1.211e-03 tol=2.424e-03 cap=1e-02
15b83a5,Tesla T4,580.82.07,12.8.93,2.11.0+cu128,2025.1.1.0,585,tuned,5,fp16,1,8,1024,64,0,0.6087,0.6057,0.6161,3.528,6.9,run=2026-09-03T09:13:41Z;clock_lock=585;iters=807;max_err=1.142e-04 torch_same_dtype_err=4.442e-04 tol=8.894e-04 cap=1e-02
15b83a5,Tesla T4,580.82.07,12.8.93,2.11.0+cu128,2025.1.1.0,585,tuned,5,fp16,1,8,1024,64,1,0.3433,0.3346,0.3586,3.128,12.3,run=2026-09-03T09:13:41Z;flops=causal_half;clock_lock=585;iters=1000;max_err=1.089e-03 torch_same_dtype_err=1.301e-03 tol=2.604e-03 cap=1e-02
15b83a5,Tesla T4,580.82.07,12.8.93,2.11.0+cu128,2025.1.1.0,585,tuned,5,fp16,8,32,1024,64,0,15.5433,15.5272,15.5976,4.421,8.7,run=2026-09-03T09:13:41Z;clock_lock=585;iters=100;max_err=9.969e-05 torch_same_dtype_err=3.886e-04 tol=7.782e-04 cap=1e-02
15b83a5,Tesla T4,580.82.07,12.8.93,2.11.0+cu128,2025.1.1.0,585,tuned,5,fp16,8,32,1024,64,1,8.5483,8.5320,8.5642,4.020,15.8,run=2026-09-03T09:13:41Z;flops=causal_half;clock_lock=585;iters=100;max_err=8.719e-04 torch_same_dtype_err=1.302e-03 tol=2.604e-03 cap=1e-02
15b83a5,Tesla T4,580.82.07,12.8.93,2.11.0+cu128,2025.1.1.0,585,tuned,5,fp16,1,8,1024,128,0,1.5557,1.5177,1.5689,2.761,5.4,run=2026-09-03T09:13:41Z;clock_lock=585;iters=318;max_err=1.092e-04 torch_same_dtype_err=6.602e-04 tol=1.321e-03 cap=1e-02
15b83a5,Tesla T4,580.82.07,12.8.93,2.11.0+cu128,2025.1.1.0,585,tuned,5,fp16,1,8,1024,128,1,0.9502,0.9248,0.9626,2.260,8.9,run=2026-09-03T09:13:41Z;flops=causal_half;clock_lock=585;iters=524;max_err=8.255e-04 torch_same_dtype_err=1.521e-03 tol=3.043e-03 cap=1e-02
15b83a5,Tesla T4,580.82.07,12.8.93,2.11.0+cu128,2025.1.1.0,585,tuned,5,fp16,8,32,1024,128,0,40.2484,40.2238,40.2809,3.415,6.7,run=2026-09-03T09:13:41Z;clock_lock=585;iters=100;max_err=2.322e-04 torch_same_dtype_err=1.747e-03 tol=3.494e-03 cap=1e-02
15b83a5,Tesla T4,580.82.07,12.8.93,2.11.0+cu128,2025.1.1.0,585,tuned,5,fp16,8,32,1024,128,1,23.8508,23.8295,23.8799,2.881,11.3,run=2026-09-03T09:13:41Z;flops=causal_half;clock_lock=585;iters=100;max_err=7.146e-04 torch_same_dtype_err=2.036e-03 tol=4.073e-03 cap=1e-02
15b83a5,Tesla T4,580.82.07,12.8.93,2.11.0+cu128,2025.1.1.0,585,tuned,5,fp16,1,8,2048,64,0,1.9558,1.9462,1.9640,4.392,4.3,run=2026-09-03T09:13:41Z;clock_lock=585;iters=255;max_err=8.184e-05 torch_same_dtype_err=2.620e-04 tol=5.249e-04 cap=1e-02
15b83a5,Tesla T4,580.82.07,12.8.93,2.11.0+cu128,2025.1.1.0,585,tuned,5,fp16,1,8,2048,64,1,1.1081,1.0921,1.1276,3.876,7.6,run=2026-09-03T09:13:41Z;flops=causal_half;clock_lock=585;iters=448;max_err=5.722e-04 torch_same_dtype_err=1.104e-03 tol=2.208e-03 cap=1e-02
15b83a5,Tesla T4,580.82.07,12.8.93,2.11.0+cu128,2025.1.1.0,585,tuned,5,fp16,8,32,2048,64,0,56.9221,56.8509,57.0102,4.829,4.8,run=2026-09-03T09:13:41Z;clock_lock=585;iters=100;max_err=6.872e-05 torch_same_dtype_err=3.375e-04 tol=6.760e-04 cap=1e-02
15b83a5,Tesla T4,580.82.07,12.8.93,2.11.0+cu128,2025.1.1.0,585,tuned,5,fp16,8,32,2048,64,1,30.9032,30.8241,30.9456,4.447,8.8,run=2026-09-03T09:13:41Z;flops=causal_half;clock_lock=585;iters=100;max_err=9.338e-04 torch_same_dtype_err=1.442e-03 tol=2.885e-03 cap=1e-02
15b83a5,Tesla T4,580.82.07,12.8.93,2.11.0+cu128,2025.1.1.0,585,tuned,5,fp16,1,8,2048,128,0,4.5319,4.5118,4.5437,3.791,3.7,run=2026-09-03T09:13:41Z;clock_lock=585;iters=110;max_err=7.972e-05 torch_same_dtype_err=3.571e-04 tol=7.151e-04 cap=1e-02
15b83a5,Tesla T4,580.82.07,12.8.93,2.11.0+cu128,2025.1.1.0,585,tuned,5,fp16,1,8,2048,128,1,2.7683,2.7271,2.8162,3.103,6.1,run=2026-09-03T09:13:41Z;flops=causal_half;clock_lock=585;iters=179;max_err=8.884e-04 torch_same_dtype_err=1.194e-03 tol=2.389e-03 cap=1e-02
15b83a5,Tesla T4,580.82.07,12.8.93,2.11.0+cu128,2025.1.1.0,585,tuned,5,fp16,8,32,2048,128,0,132.2106,132.1576,132.2913,4.158,4.1,run=2026-09-03T09:13:41Z;clock_lock=585;iters=100;max_err=8.428e-05 torch_same_dtype_err=4.749e-04 tol=9.508e-04 cap=1e-02
15b83a5,Tesla T4,580.82.07,12.8.93,2.11.0+cu128,2025.1.1.0,585,tuned,5,fp16,8,32,2048,128,1,77.7882,77.7523,77.8508,3.534,6.9,run=2026-09-03T09:13:41Z;flops=causal_half;clock_lock=585;iters=100;max_err=8.673e-04 torch_same_dtype_err=1.652e-03 tol=3.305e-03 cap=1e-02
15b83a5,Tesla T4,580.82.07,12.8.93,2.11.0+cu128,2025.1.1.0,585,tuned,5,fp16,1,8,4096,64,0,6.6744,6.6658,6.6826,5.148,2.5,run=2026-09-03T09:13:41Z;clock_lock=585;iters=100;max_err=5.563e-05 torch_same_dtype_err=2.554e-04 tol=5.119e-04 cap=1e-02
15b83a5,Tesla T4,580.82.07,12.8.93,2.11.0+cu128,2025.1.1.0,585,tuned,5,fp16,1,8,4096,64,1,3.7611,3.7336,3.7866,4.568,4.5,run=2026-09-03T09:13:41Z;flops=causal_half;clock_lock=585;iters=132;max_err=8.165e-04 torch_same_dtype_err=1.137e-03 tol=2.274e-03 cap=1e-02
15b83a5,Tesla T4,580.82.07,12.8.93,2.11.0+cu128,2025.1.1.0,585,tuned,5,fp16,8,32,4096,64,0,209.2989,209.0539,209.5776,5.253,2.6,run=2026-09-03T09:13:41Z;clock_lock=585;iters=100;max_err=6.683e-05 torch_same_dtype_err=2.613e-04 tol=5.236e-04 cap=1e-02
15b83a5,Tesla T4,580.82.07,12.8.93,2.11.0+cu128,2025.1.1.0,585,tuned,5,fp16,8,32,4096,64,1,112.4486,112.2445,112.4961,4.889,4.8,run=2026-09-03T09:13:41Z;flops=causal_half;clock_lock=585;iters=100;max_err=8.677e-04 torch_same_dtype_err=1.263e-03 tol=2.527e-03 cap=1e-02
15b83a5,Tesla T4,580.82.07,12.8.93,2.11.0+cu128,2025.1.1.0,585,tuned,5,fp16,1,8,4096,128,0,14.2269,14.2080,14.2436,4.830,2.4,run=2026-09-03T09:13:41Z;clock_lock=585;iters=100;max_err=6.341e-05 torch_same_dtype_err=2.946e-04 tol=5.902e-04 cap=1e-02
15b83a5,Tesla T4,580.82.07,12.8.93,2.11.0+cu128,2025.1.1.0,585,tuned,5,fp16,1,8,4096,128,1,8.5214,8.4840,8.5683,4.032,4.0,run=2026-09-03T09:13:41Z;flops=causal_half;clock_lock=585;iters=100;max_err=7.683e-04 torch_same_dtype_err=1.785e-03 tol=3.570e-03 cap=1e-02
15b83a5,Tesla T4,580.82.07,12.8.93,2.11.0+cu128,2025.1.1.0,585,tuned,5,fp16,8,32,4096,128,0,445.5998,445.4734,445.8617,4.935,2.4,run=2026-09-03T09:13:41Z;clock_lock=585;iters=100;max_err=5.097e-05 torch_same_dtype_err=1.775e-04 tol=3.561e-04 cap=1e-02
15b83a5,Tesla T4,580.82.07,12.8.93,2.11.0+cu128,2025.1.1.0,585,tuned,5,fp16,8,32,4096,128,1,256.8510,256.7861,256.8992,4.281,4.2,run=2026-09-03T09:13:41Z;flops=causal_half;clock_lock=585;iters=100;max_err=9.331e-04 torch_same_dtype_err=1.609e-03 tol=3.218e-03 cap=1e-02
